"Requirement ID","Source Section","Source Title","Source Line","Source Form","Source Statement","Normalized Atomic Requirement","Disposition","Review Method","Atomicity Status","Horizon","Implementation Phase","Epic IDs","Story IDs","Acceptance Criteria IDs","Test IDs","Implementation Evidence","Notes"
"MSR-000-6A415B9007","0","Preamble","6","bullet","Chief Product Officer","The platform must support Chief Product Officer within preamble.","parent_context","deterministic_source_normalization","context_only","Cross-horizon","Cross-horizon","","","","","","Retained as context; delivery coverage is carried by child candidates."
"MSR-000-F9685DD1EB","0","Preamble","7","bullet","Subscription-economy domain architect","The platform must support Subscription-economy domain architect within preamble.","parent_context","deterministic_source_normalization","context_only","Cross-horizon","Cross-horizon","","","","","","Retained as context; delivery coverage is carried by child candidates."
"MSR-000-C4E1680ECA","0","Preamble","8","bullet","Payments architect","The platform must support Payments architect within preamble.","parent_context","deterministic_source_normalization","context_only","Cross-horizon","Cross-horizon","","","","","","Retained as context; delivery coverage is carried by child candidates."
"MSR-000-BA7CF5BF11","0","Preamble","9","bullet","ERP/financial systems architect","The platform must support ERP/financial systems architect within preamble.","parent_context","deterministic_source_normalization","context_only","Cross-horizon","Cross-horizon","","","","","","Retained as context; delivery coverage is carried by child candidates."
"MSR-000-FE881A926B","0","Preamble","10","bullet","Principal software architect","The platform must support Principal software architect within preamble.","parent_context","deterministic_source_normalization","context_only","Cross-horizon","Cross-horizon","","","","","","Retained as context; delivery coverage is carried by child candidates."
"MSR-000-5ACE834239","0","Preamble","11","bullet","UX design lead","The platform must support UX design lead within preamble.","parent_context","deterministic_source_normalization","context_only","Cross-horizon","Cross-horizon","","","","","","Retained as context; delivery coverage is carried by child candidates."
"MSR-000-7C3F003D1E","0","Preamble","12","bullet","Data architect","The platform must support Data architect within preamble.","parent_context","deterministic_source_normalization","context_only","Cross-horizon","Cross-horizon","","","","","","Retained as context; delivery coverage is carried by child candidates."
"MSR-000-184AC89A22","0","Preamble","13","bullet","AI/ML architect","The platform must support AI/ML architect within preamble.","parent_context","deterministic_source_normalization","context_only","Cross-horizon","Cross-horizon","","","","","","Retained as context; delivery coverage is carried by child candidates."
"MSR-000-2D525CB499","0","Preamble","14","bullet","FinOps architect","The platform must support FinOps architect within preamble.","parent_context","deterministic_source_normalization","context_only","Cross-horizon","Cross-horizon","","","","","","Retained as context; delivery coverage is carried by child candidates."
"MSR-000-32450AB6E3","0","Preamble","15","bullet","Security architect","The platform must support Security architect within preamble.","parent_context","deterministic_source_normalization","context_only","Cross-horizon","Cross-horizon","","","","","","Retained as context; delivery coverage is carried by child candidates."
"MSR-000-F48D5063B1","0","Preamble","16","bullet","Compliance architect","The platform must support Compliance architect within preamble.","parent_context","deterministic_source_normalization","context_only","Cross-horizon","Cross-horizon","","","","","","Retained as context; delivery coverage is carried by child candidates."
"MSR-000-524FAD15F0","0","Preamble","17","bullet","SaaS engineering lead","The platform must support SaaS engineering lead within preamble.","parent_context","deterministic_source_normalization","context_only","Cross-horizon","Cross-horizon","","","","","","Retained as context; delivery coverage is carried by child candidates."
"MSR-000-FB6087FF38","0","Preamble","23","bullet","SAP BRIM","The platform must support SAP BRIM within preamble.","parent_context","deterministic_source_normalization","context_only","Cross-horizon","Cross-horizon","","","","","","Retained as context; delivery coverage is carried by child candidates."
"MSR-000-DACBBB752F","0","Preamble","24","bullet","Chargebee","The platform must support Chargebee within preamble.","parent_context","deterministic_source_normalization","context_only","Cross-horizon","Cross-horizon","","","","","","Retained as context; delivery coverage is carried by child candidates."
"MSR-000-6FCF376BD9","0","Preamble","25","bullet","Recurly","The platform must support Recurly within preamble.","parent_context","deterministic_source_normalization","context_only","Cross-horizon","Cross-horizon","","","","","","Retained as context; delivery coverage is carried by child candidates."
"MSR-000-BDC8915346","0","Preamble","26","bullet","Zuora","The platform must support Zuora within preamble.","parent_context","deterministic_source_normalization","context_only","Cross-horizon","Cross-horizon","","","","","","Retained as context; delivery coverage is carried by child candidates."
"MSR-000-51F3AECB0B","0","Preamble","27","bullet","Stripe Billing","The platform must support Stripe Billing within preamble.","parent_context","deterministic_source_normalization","context_only","Cross-horizon","Cross-horizon","","","","","","Retained as context; delivery coverage is carried by child candidates."
"MSR-000-A8F97E9F6C","0","Preamble","28","bullet","Paddle","The platform must support Paddle within preamble.","parent_context","deterministic_source_normalization","context_only","Cross-horizon","Cross-horizon","","","","","","Retained as context; delivery coverage is carried by child candidates."
"MSR-000-0931E0F9CE","0","Preamble","29","bullet","Maxio","The platform must support Maxio within preamble.","parent_context","deterministic_source_normalization","context_only","Cross-horizon","Cross-horizon","","","","","","Retained as context; delivery coverage is carried by child candidates."
"MSR-000-99620BA668","0","Preamble","30","bullet","Oracle Subscription Management","The platform must support Oracle Subscription Management within preamble.","parent_context","deterministic_source_normalization","context_only","Cross-horizon","Cross-horizon","","","","","","Retained as context; delivery coverage is carried by child candidates."
"MSR-000-DEEB6D176A","0","Preamble","31","bullet","Salesforce Revenue Cloud","The platform must support Salesforce Revenue Cloud within preamble.","parent_context","deterministic_source_normalization","context_only","Cross-horizon","Cross-horizon","","","","","","Retained as context; delivery coverage is carried by child candidates."
"MSR-001-1CEE9C0C66","1","PRODUCT VISION","45","normative_prose","Build the world's most intuitive and intelligent Subscription & Revenue Operating System.","Build the world's most intuitive and intelligent Subscription & Revenue Operating System.","accepted","deterministic_source_normalization","normalized_atomic","Cross-horizon","Cross-horizon","SUB-E001","US-MSR-001-01","AC-MSR-001-01-01","TC-MSR-001-1CEE9C0C66","","No implementation evidence inferred."
"MSR-001-CB93218431","1","PRODUCT VISION","47","normative_prose","The platform must enable organizations to launch new monetization models quickly while providing subscribers with a frictionless experience for understanding, managing and paying for their subscriptions.","The platform must enable organizations to launch new monetization models quickly while providing subscribers with a frictionless experience for understanding, managing and paying for their subscriptions.","accepted","deterministic_source_normalization","normalized_atomic","Cross-horizon","Cross-horizon","SUB-E001","US-MSR-001-01","AC-MSR-001-01-02","TC-MSR-001-CB93218431","","No implementation evidence inferred."
"MSR-001-516C19774E","1","PRODUCT VISION","49","normative_prose","The product should solve five fundamental problems.","The product should solve five fundamental problems.","accepted","deterministic_source_normalization","normalized_atomic","Cross-horizon","Cross-horizon","SUB-E001","US-MSR-001-01","AC-MSR-001-01-03","TC-MSR-001-516C19774E","","No implementation evidence inferred."
"MSR-001-ED245F4687","1","PRODUCT VISION","53","normative_prose","Businesses should be able to create or change products, prices, bundles, billing rules and promotions without engineering deployments.","Businesses should be able to create or change products, prices, bundles, billing rules and promotions without engineering deployments.","accepted","deterministic_source_normalization","normalized_atomic","Cross-horizon","Cross-horizon","SUB-E001","US-MSR-001-01","AC-MSR-001-01-04","TC-MSR-001-ED245F4687","","No implementation evidence inferred."
"MSR-001-C2A4252562","1","PRODUCT VISION","57","normative_prose","Every legitimate billable event should:","Every legitimate billable event should:.","parent_context","deterministic_source_normalization","context_only","Cross-horizon","Cross-horizon","","","","","","Retained as context; delivery coverage is carried by child candidates."
"MSR-001-FCDE5D65ED","1","PRODUCT VISION","59","numbered_item","be captured,","The platform must support be captured, within product vision.","accepted","deterministic_source_normalization","normalized_atomic","Cross-horizon","Cross-horizon","SUB-E001","US-MSR-001-01","AC-MSR-001-01-05","TC-MSR-001-FCDE5D65ED","","No implementation evidence inferred."
"MSR-001-B6FB2E8A67","1","PRODUCT VISION","60","numbered_item","be priced correctly,","The platform must support be priced correctly, within product vision.","accepted","deterministic_source_normalization","normalized_atomic","Cross-horizon","Cross-horizon","SUB-E001","US-MSR-001-01","AC-MSR-001-01-06","TC-MSR-001-B6FB2E8A67","","No implementation evidence inferred."
"MSR-001-02CAF499B2","1","PRODUCT VISION","61","numbered_item","become billable,","The platform must support become billable, within product vision.","accepted","deterministic_source_normalization","normalized_atomic","Cross-horizon","Cross-horizon","SUB-E001","US-MSR-001-01","AC-MSR-001-01-07","TC-MSR-001-02CAF499B2","","No implementation evidence inferred."
"MSR-001-CA9E84B396","1","PRODUCT VISION","62","numbered_item","be invoiced,","The platform must support be invoiced, within product vision.","accepted","deterministic_source_normalization","normalized_atomic","Cross-horizon","Cross-horizon","SUB-E001","US-MSR-001-01","AC-MSR-001-01-08","TC-MSR-001-CA9E84B396","","No implementation evidence inferred."
"MSR-001-1C3588D555","1","PRODUCT VISION","63","numbered_item","be collected,","The platform must support be collected, within product vision.","accepted","deterministic_source_normalization","normalized_atomic","Cross-horizon","Cross-horizon","SUB-E001","US-MSR-001-01","AC-MSR-001-01-09","TC-MSR-001-1C3588D555","","No implementation evidence inferred."
"MSR-001-AB2B5AF2EF","1","PRODUCT VISION","64","numbered_item","be reconciled,","The platform must support be reconciled, within product vision.","accepted","deterministic_source_normalization","normalized_atomic","Cross-horizon","Cross-horizon","SUB-E001","US-MSR-001-01","AC-MSR-001-01-10","TC-MSR-001-AB2B5AF2EF","","No implementation evidence inferred."
"MSR-001-2A96C7CE2A","1","PRODUCT VISION","65","numbered_item","be recognized appropriately.","The platform must support be recognized appropriately. within product vision.","accepted","deterministic_source_normalization","normalized_atomic","Cross-horizon","Cross-horizon","SUB-E001","US-MSR-001-02","AC-MSR-001-02-01","TC-MSR-001-2A96C7CE2A","","No implementation evidence inferred."
"MSR-001-73C51AA854","1","PRODUCT VISION","67","normative_prose","Revenue leakage must be detectable automatically.","Revenue leakage must be detectable automatically.","accepted","deterministic_source_normalization","normalized_atomic","Cross-horizon","Cross-horizon","SUB-E001","US-MSR-001-02","AC-MSR-001-02-02","TC-MSR-001-73C51AA854","","No implementation evidence inferred."
"MSR-001-1A56A5EB69","1","PRODUCT VISION","71","normative_prose","The system should actively maximize the probability that an invoice gets paid.","The system should actively maximize the probability that an invoice gets paid.","accepted","deterministic_source_normalization","normalized_atomic","Cross-horizon","Cross-horizon","SUB-E001","US-MSR-001-02","AC-MSR-001-02-03","TC-MSR-001-1A56A5EB69","","No implementation evidence inferred."
"MSR-001-B220423B41","1","PRODUCT VISION","73","normative_prose","Collections should therefore be an intelligent orchestration problem rather than simply:","Collections should therefore be an intelligent orchestration problem rather than simply:.","parent_context","deterministic_source_normalization","context_only","Cross-horizon","Cross-horizon","","","","","","Retained as context; delivery coverage is carried by child candidates."
"MSR-001-1FE33AB9D5","1","PRODUCT VISION","75","contextual_prose","> Payment fails → retry card → send email → suspend account.","Product and implementation decisions must conform to this master-specification constraint: > Payment fails → retry card → send email → suspend account.","accepted","deterministic_source_normalization","normalized_atomic","Cross-horizon","Cross-horizon","SUB-E001","US-MSR-001-02","AC-MSR-001-02-04","TC-MSR-001-1FE33AB9D5","","No implementation evidence inferred."
"MSR-001-E9B9FAAC7B","1","PRODUCT VISION","79","normative_prose","Subscribers should always be able to understand:","Subscribers should always be able to understand:.","parent_context","deterministic_source_normalization","context_only","Cross-horizon","Cross-horizon","","","","","","Retained as context; delivery coverage is carried by child candidates."
"MSR-001-4C44038DA9","1","PRODUCT VISION","81","bullet","what they subscribed to,","The platform must support what they subscribed to, within product vision.","accepted","deterministic_source_normalization","normalized_atomic","Cross-horizon","Cross-horizon","SUB-E001","US-MSR-001-02","AC-MSR-001-02-05","TC-MSR-001-4C44038DA9","","No implementation evidence inferred."
"MSR-001-3C022D47C0","1","PRODUCT VISION","82","bullet","what they consumed,","The platform must support what they consumed, within product vision.","accepted","deterministic_source_normalization","normalized_atomic","Cross-horizon","Cross-horizon","SUB-E001","US-MSR-001-02","AC-MSR-001-02-06","TC-MSR-001-3C022D47C0","","No implementation evidence inferred."
"MSR-001-FF08507AC1","1","PRODUCT VISION","83","bullet","why they were charged,","The platform must support why they were charged, within product vision.","accepted","deterministic_source_normalization","normalized_atomic","Cross-horizon","Cross-horizon","SUB-E001","US-MSR-001-02","AC-MSR-001-02-07","TC-MSR-001-FF08507AC1","","No implementation evidence inferred."
"MSR-001-3F9394EC45","1","PRODUCT VISION","84","bullet","when payment is due,","The platform must support when payment is due, within product vision.","accepted","deterministic_source_normalization","normalized_atomic","Cross-horizon","Cross-horizon","SUB-E001","US-MSR-001-02","AC-MSR-001-02-08","TC-MSR-001-3F9394EC45","","No implementation evidence inferred."
"MSR-001-8E475A1A8A","1","PRODUCT VISION","85","bullet","how they can pay,","The platform must support how they can pay, within product vision.","accepted","deterministic_source_normalization","normalized_atomic","Cross-horizon","Cross-horizon","SUB-E001","US-MSR-001-02","AC-MSR-001-02-09","TC-MSR-001-8E475A1A8A","","No implementation evidence inferred."
"MSR-001-552347B19C","1","PRODUCT VISION","86","bullet","what happens if they do not pay,","The platform must support what happens if they do not pay, within product vision.","accepted","deterministic_source_normalization","normalized_atomic","Cross-horizon","Cross-horizon","SUB-E001","US-MSR-001-02","AC-MSR-001-02-10","TC-MSR-001-552347B19C","","No implementation evidence inferred."
"MSR-001-77954770B9","1","PRODUCT VISION","87","bullet","how they can change their subscription.","The platform must support how they can change their subscription. within product vision.","accepted","deterministic_source_normalization","normalized_atomic","Cross-horizon","Cross-horizon","SUB-E001","US-MSR-001-03","AC-MSR-001-03-01","TC-MSR-001-77954770B9","","No implementation evidence inferred."
"MSR-001-42580D867B","1","PRODUCT VISION","91","normative_prose","Complicated subscription operations should become visual, configurable and explainable.","Complicated subscription operations should become visual, configurable and explainable.","accepted","deterministic_source_normalization","normalized_atomic","Cross-horizon","Cross-horizon","SUB-E001","US-MSR-001-03","AC-MSR-001-03-02","TC-MSR-001-42580D867B","","No implementation evidence inferred."
"MSR-002-C4DD31638C","2","PRIMARY PRODUCT PRINCIPLE","97","contextual_prose","Design the product around the concept:","Product and implementation decisions must conform to this master-specification constraint: Design the product around the concept:.","parent_context","deterministic_source_normalization","context_only","Cross-horizon","Cross-horizon","","","","","","Retained as context; delivery coverage is carried by child candidates."
"MSR-002-9E3AA48BAE","2","PRIMARY PRODUCT PRINCIPLE","101","normative_prose","Represent every commercial relationship as an interconnected graph.","Represent every commercial relationship as an interconnected graph.","accepted","deterministic_source_normalization","normalized_atomic","Cross-horizon","Cross-horizon","SUB-E001","US-MSR-002-01","AC-MSR-002-01-01","TC-MSR-002-9E3AA48BAE","","No implementation evidence inferred."
"MSR-002-DB49BD8DEC","2","PRIMARY PRODUCT PRINCIPLE","103","contextual_prose","Example:","Product and implementation decisions must conform to this master-specification constraint: Example:.","parent_context","deterministic_source_normalization","context_only","Cross-horizon","Cross-horizon","","","","","","Retained as context; delivery coverage is carried by child candidates."
"MSR-002-B7A6E8E227","2","PRIMARY PRODUCT PRINCIPLE","105","contextual_prose","Customer → Account → Contract → Subscription → Product → Entitlement → Usage → Charge → Invoice → Payment → Settlement → Revenue Event → Ledger Entry.","Product and implementation decisions must conform to this master-specification constraint: Customer → Account → Contract → Subscription → Product → Entitlement → Usage → Charge → Invoice → Payment → Settlement → Revenue Event → Ledger Entry.","accepted","deterministic_source_normalization","normalized_atomic","Cross-horizon","Cross-horizon","SUB-E001","US-MSR-002-01","AC-MSR-002-01-02","TC-MSR-002-B7A6E8E227","","No implementation evidence inferred."
"MSR-002-15E961BFA7","2","PRIMARY PRODUCT PRINCIPLE","119","normative_prose","Every downstream transaction must be traceable back to its originating commercial event.","Every downstream transaction must be traceable back to its originating commercial event.","accepted","curated_review","validated_atomic","Cross-horizon","Phase 0","SUB-E005;SUB-E017","US-BL-005-05;US-BL-017-01","AC-BL-005-05-REQ-002-15E961BFA7;AC-BL-017-01-REQ-002-15E961BFA7","TC-005-05-01;TC-005-05-02;TC-017-01-01","","No implementation evidence inferred."
"MSR-002-8565D01B64","2","PRIMARY PRODUCT PRINCIPLE","121","normative_prose","A user looking at a payment should be able to navigate backward to:","A user looking at a payment should be able to navigate backward to:.","parent_context","deterministic_source_normalization","context_only","Cross-horizon","Cross-horizon","","","","","","Retained as context; delivery coverage is carried by child candidates."
"MSR-002-9F574C5E41","2","PRIMARY PRODUCT PRINCIPLE","123","normative_prose","Payment → Invoice → Charge → Usage event → Subscription → Contract → Offer → Product.","Payment → Invoice → Charge → Usage event → Subscription → Contract → Offer → Product.","accepted","deterministic_source_normalization","normalized_atomic","Cross-horizon","Cross-horizon","SUB-E001","US-MSR-002-01","AC-MSR-002-01-03","TC-MSR-002-9F574C5E41","","No implementation evidence inferred."
"MSR-002-E09BDE25AB","2","PRIMARY PRODUCT PRINCIPLE","132","contextual_prose","And vice versa.","Product and implementation decisions must conform to this master-specification constraint: And vice versa.","accepted","deterministic_source_normalization","normalized_atomic","Cross-horizon","Cross-horizon","SUB-E001","US-MSR-002-01","AC-MSR-002-01-04","TC-MSR-002-E09BDE25AB","","No implementation evidence inferred."
"MSR-002-B6E855FF6C","2","PRIMARY PRODUCT PRINCIPLE","134","normative_prose","This traceability must be native to the platform.","This traceability must be native to the platform.","accepted","deterministic_source_normalization","normalized_atomic","Cross-horizon","Cross-horizon","SUB-E001","US-MSR-002-01","AC-MSR-002-01-05","TC-MSR-002-B6E855FF6C","","No implementation evidence inferred."
"MSR-003-CAE04DA876","3","TARGET CUSTOMERS","140","contextual_prose","Architect the platform to serve:","Product and implementation decisions must conform to this master-specification constraint: Architect the platform to serve:.","parent_context","deterministic_source_normalization","context_only","Cross-horizon","Cross-horizon","","","","","","Retained as context; delivery coverage is carried by child candidates."
"MSR-003-5E375C2D6D","3","TARGET CUSTOMERS","143","bullet","software subscriptions","The platform must support software subscriptions within target customers.","accepted","deterministic_source_normalization","normalized_atomic","Cross-horizon","Cross-horizon","SUB-E001","US-MSR-003-01","AC-MSR-003-01-01","TC-MSR-003-5E375C2D6D","","No implementation evidence inferred."
"MSR-003-5EC2258BC2","3","TARGET CUSTOMERS","144","bullet","cloud platforms","The platform must support cloud platforms within target customers.","accepted","deterministic_source_normalization","normalized_atomic","Cross-horizon","Cross-horizon","SUB-E001","US-MSR-003-01","AC-MSR-003-01-02","TC-MSR-003-5EC2258BC2","","No implementation evidence inferred."
"MSR-003-8792DDE408","3","TARGET CUSTOMERS","145","bullet","API businesses","The platform must support API businesses within target customers.","accepted","deterministic_source_normalization","normalized_atomic","Cross-horizon","Cross-horizon","SUB-E001","US-MSR-003-01","AC-MSR-003-01-03","TC-MSR-003-8792DDE408","","No implementation evidence inferred."
"MSR-003-2F39732EEF","3","TARGET CUSTOMERS","146","bullet","developer platforms","The platform must support developer platforms within target customers.","accepted","deterministic_source_normalization","normalized_atomic","Cross-horizon","Cross-horizon","SUB-E001","US-MSR-003-01","AC-MSR-003-01-04","TC-MSR-003-2F39732EEF","","No implementation evidence inferred."
"MSR-003-FE9BD58D85","3","TARGET CUSTOMERS","147","bullet","AI-token services","The platform must support AI-token services within target customers.","accepted","deterministic_source_normalization","normalized_atomic","Cross-horizon","Cross-horizon","SUB-E001","US-MSR-003-01","AC-MSR-003-01-05","TC-MSR-003-FE9BD58D85","","No implementation evidence inferred."
"MSR-003-833521C791","3","TARGET CUSTOMERS","148","bullet","storage","The platform must support storage within target customers.","accepted","deterministic_source_normalization","normalized_atomic","Cross-horizon","Cross-horizon","SUB-E001","US-MSR-003-01","AC-MSR-003-01-06","TC-MSR-003-833521C791","","No implementation evidence inferred."
"MSR-003-2551EBE467","3","TARGET CUSTOMERS","149","bullet","compute","The platform must support compute within target customers.","accepted","deterministic_source_normalization","normalized_atomic","Cross-horizon","Cross-horizon","SUB-E001","US-MSR-003-01","AC-MSR-003-01-07","TC-MSR-003-2551EBE467","","No implementation evidence inferred."
"MSR-003-8103ABDA4D","3","TARGET CUSTOMERS","152","bullet","streaming","The platform must support streaming within target customers.","accepted","deterministic_source_normalization","normalized_atomic","Cross-horizon","Cross-horizon","SUB-E001","US-MSR-003-01","AC-MSR-003-01-08","TC-MSR-003-8103ABDA4D","","No implementation evidence inferred."
"MSR-003-9F798F2706","3","TARGET CUSTOMERS","153","bullet","news","The platform must support news within target customers.","accepted","deterministic_source_normalization","normalized_atomic","Cross-horizon","Cross-horizon","SUB-E001","US-MSR-003-01","AC-MSR-003-01-09","TC-MSR-003-9F798F2706","","No implementation evidence inferred."
"MSR-003-F14DEBF19C","3","TARGET CUSTOMERS","154","bullet","gaming","The platform must support gaming within target customers.","accepted","deterministic_source_normalization","normalized_atomic","Cross-horizon","Cross-horizon","SUB-E001","US-MSR-003-01","AC-MSR-003-01-10","TC-MSR-003-F14DEBF19C","","No implementation evidence inferred."
"MSR-003-755111D44C","3","TARGET CUSTOMERS","155","bullet","creator subscriptions","The platform must support creator subscriptions within target customers.","accepted","deterministic_source_normalization","normalized_atomic","Cross-horizon","Cross-horizon","SUB-E001","US-MSR-003-02","AC-MSR-003-02-01","TC-MSR-003-755111D44C","","No implementation evidence inferred."
"MSR-003-EFFE4897F6","3","TARGET CUSTOMERS","158","bullet","mobile plans","The platform must support mobile plans within target customers.","accepted","deterministic_source_normalization","normalized_atomic","Cross-horizon","Cross-horizon","SUB-E001","US-MSR-003-02","AC-MSR-003-02-02","TC-MSR-003-EFFE4897F6","","No implementation evidence inferred."
"MSR-003-A9998D55DB","3","TARGET CUSTOMERS","159","bullet","broadband","The platform must support broadband within target customers.","accepted","deterministic_source_normalization","normalized_atomic","Cross-horizon","Cross-horizon","SUB-E001","US-MSR-003-02","AC-MSR-003-02-03","TC-MSR-003-A9998D55DB","","No implementation evidence inferred."
"MSR-003-E509DD74F3","3","TARGET CUSTOMERS","160","bullet","IoT","The platform must support IoT within target customers.","accepted","deterministic_source_normalization","normalized_atomic","Cross-horizon","Cross-horizon","SUB-E001","US-MSR-003-02","AC-MSR-003-02-04","TC-MSR-003-E509DD74F3","","No implementation evidence inferred."
"MSR-003-44904C0BEF","3","TARGET CUSTOMERS","161","bullet","usage-based telecommunications","The platform must support usage-based telecommunications within target customers.","accepted","deterministic_source_normalization","normalized_atomic","Cross-horizon","Cross-horizon","SUB-E001","US-MSR-003-02","AC-MSR-003-02-05","TC-MSR-003-44904C0BEF","","No implementation evidence inferred."
"MSR-003-62D5D69854","3","TARGET CUSTOMERS","164","bullet","electricity","The platform must support electricity within target customers.","accepted","deterministic_source_normalization","normalized_atomic","Cross-horizon","Cross-horizon","SUB-E001","US-MSR-003-02","AC-MSR-003-02-06","TC-MSR-003-62D5D69854","","No implementation evidence inferred."
"MSR-003-46417AB3E6","3","TARGET CUSTOMERS","165","bullet","water","The platform must support water within target customers.","accepted","deterministic_source_normalization","normalized_atomic","Cross-horizon","Cross-horizon","SUB-E001","US-MSR-003-02","AC-MSR-003-02-07","TC-MSR-003-46417AB3E6","","No implementation evidence inferred."
"MSR-003-DF71012049","3","TARGET CUSTOMERS","166","bullet","EV charging","The platform must support EV charging within target customers.","accepted","deterministic_source_normalization","normalized_atomic","Cross-horizon","Cross-horizon","SUB-E001","US-MSR-003-02","AC-MSR-003-02-08","TC-MSR-003-DF71012049","","No implementation evidence inferred."
"MSR-003-6A6CE47473","3","TARGET CUSTOMERS","167","bullet","distributed energy","The platform must support distributed energy within target customers.","accepted","deterministic_source_normalization","normalized_atomic","Cross-horizon","Cross-horizon","SUB-E001","US-MSR-003-02","AC-MSR-003-02-09","TC-MSR-003-6A6CE47473","","No implementation evidence inferred."
"MSR-003-7A040DF487","3","TARGET CUSTOMERS","170","bullet","account fees","The platform must support account fees within target customers.","accepted","deterministic_source_normalization","normalized_atomic","Cross-horizon","Cross-horizon","SUB-E001","US-MSR-003-02","AC-MSR-003-02-10","TC-MSR-003-7A040DF487","","No implementation evidence inferred."
"MSR-003-FDC10A1DF5-01","3","TARGET CUSTOMERS","171","bullet","premium memberships","The platform must support premium memberships within target customers.","accepted","deterministic_source_normalization","normalized_atomic","Cross-horizon","Cross-horizon","SUB-E001","US-MSR-003-03","AC-MSR-003-03-01","TC-MSR-003-FDC10A1DF5-01","","No implementation evidence inferred."
"MSR-003-5FB72F5FB0","3","TARGET CUSTOMERS","172","bullet","data services","The platform must support data services within target customers.","accepted","deterministic_source_normalization","normalized_atomic","Cross-horizon","Cross-horizon","SUB-E001","US-MSR-003-03","AC-MSR-003-03-02","TC-MSR-003-5FB72F5FB0","","No implementation evidence inferred."
"MSR-003-384668F69E","3","TARGET CUSTOMERS","175","bullet","vehicle subscriptions","The platform must support vehicle subscriptions within target customers.","accepted","deterministic_source_normalization","normalized_atomic","Cross-horizon","Cross-horizon","SUB-E001","US-MSR-003-03","AC-MSR-003-03-03","TC-MSR-003-384668F69E","","No implementation evidence inferred."
"MSR-003-075603F584","3","TARGET CUSTOMERS","176","bullet","fleet services","The platform must support fleet services within target customers.","accepted","deterministic_source_normalization","normalized_atomic","Cross-horizon","Cross-horizon","SUB-E001","US-MSR-003-03","AC-MSR-003-03-04","TC-MSR-003-075603F584","","No implementation evidence inferred."
"MSR-003-45F0FF8C96","3","TARGET CUSTOMERS","177","bullet","charging","The platform must support charging within target customers.","accepted","deterministic_source_normalization","normalized_atomic","Cross-horizon","Cross-horizon","SUB-E001","US-MSR-003-03","AC-MSR-003-03-05","TC-MSR-003-45F0FF8C96","","No implementation evidence inferred."
"MSR-003-817394B2D7","3","TARGET CUSTOMERS","178","bullet","insurance add-ons","The platform must support insurance add-ons within target customers.","accepted","deterministic_source_normalization","normalized_atomic","Cross-horizon","Cross-horizon","SUB-E001","US-MSR-003-03","AC-MSR-003-03-06","TC-MSR-003-817394B2D7","","No implementation evidence inferred."
"MSR-003-98EA35C7B3","3","TARGET CUSTOMERS","181","bullet","Equipment-as-a-Service","The platform must support Equipment-as-a-Service within target customers.","accepted","deterministic_source_normalization","normalized_atomic","Cross-horizon","Cross-horizon","SUB-E001","US-MSR-003-03","AC-MSR-003-03-07","TC-MSR-003-98EA35C7B3","","No implementation evidence inferred."
"MSR-003-ACD0119A1E","3","TARGET CUSTOMERS","182","bullet","Machine-as-a-Service","The platform must support Machine-as-a-Service within target customers.","accepted","deterministic_source_normalization","normalized_atomic","Cross-horizon","Cross-horizon","SUB-E001","US-MSR-003-03","AC-MSR-003-03-08","TC-MSR-003-ACD0119A1E","","No implementation evidence inferred."
"MSR-003-A4D1694035","3","TARGET CUSTOMERS","183","bullet","outcome-based contracts","The platform must support outcome-based contracts within target customers.","accepted","deterministic_source_normalization","normalized_atomic","Cross-horizon","Cross-horizon","SUB-E001","US-MSR-003-03","AC-MSR-003-03-09","TC-MSR-003-A4D1694035","","No implementation evidence inferred."
"MSR-003-F6F45F3864","3","TARGET CUSTOMERS","184","bullet","predictive maintenance subscriptions","The platform must support predictive maintenance subscriptions within target customers.","accepted","deterministic_source_normalization","normalized_atomic","Cross-horizon","Cross-horizon","SUB-E001","US-MSR-003-03","AC-MSR-003-03-10","TC-MSR-003-F6F45F3864","","No implementation evidence inferred."
"MSR-003-85EAC6B014","3","TARGET CUSTOMERS","187","bullet","memberships","The platform must support memberships within target customers.","accepted","deterministic_source_normalization","normalized_atomic","Cross-horizon","Cross-horizon","SUB-E001","US-MSR-003-04","AC-MSR-003-04-01","TC-MSR-003-85EAC6B014","","No implementation evidence inferred."
"MSR-003-2C088B781C","3","TARGET CUSTOMERS","188","bullet","health clubs","The platform must support health clubs within target customers.","accepted","deterministic_source_normalization","normalized_atomic","Cross-horizon","Cross-horizon","SUB-E001","US-MSR-003-04","AC-MSR-003-04-02","TC-MSR-003-2C088B781C","","No implementation evidence inferred."
"MSR-003-D913DE2FA4","3","TARGET CUSTOMERS","189","bullet","education","The platform must support education within target customers.","accepted","deterministic_source_normalization","normalized_atomic","Cross-horizon","Cross-horizon","SUB-E001","US-MSR-003-04","AC-MSR-003-04-03","TC-MSR-003-D913DE2FA4","","No implementation evidence inferred."
"MSR-003-296BCBD3B8","3","TARGET CUSTOMERS","190","bullet","food delivery","The platform must support food delivery within target customers.","accepted","deterministic_source_normalization","normalized_atomic","Cross-horizon","Cross-horizon","SUB-E001","US-MSR-003-04","AC-MSR-003-04-04","TC-MSR-003-296BCBD3B8","","No implementation evidence inferred."
"MSR-003-FDC10A1DF5-02","3","TARGET CUSTOMERS","191","bullet","premium memberships","The platform must support premium memberships within target customers.","accepted","deterministic_source_normalization","normalized_atomic","Cross-horizon","Cross-horizon","SUB-E001","US-MSR-003-04","AC-MSR-003-04-05","TC-MSR-003-FDC10A1DF5-02","","No implementation evidence inferred."
"MSR-004-E423D634B0","4","BUSINESS MODELS","197","normative_prose","The pricing engine must be able to combine multiple pricing models within the same customer contract.","The pricing engine must be able to combine multiple pricing models within the same customer contract.","accepted","deterministic_source_normalization","normalized_atomic","Cross-horizon","Phase 1","SUB-E005","US-MSR-004-01","AC-MSR-004-01-01","TC-MSR-004-E423D634B0","","No implementation evidence inferred."
"MSR-004-080D96BADF","4","BUSINESS MODELS","199","normative_prose","Support:","Support:.","parent_context","deterministic_source_normalization","context_only","Cross-horizon","Phase 1","","","","","","Retained as context; delivery coverage is carried by child candidates."
"MSR-004-9DE795A633","4","BUSINESS MODELS","201","bullet","flat recurring price","The platform must support flat recurring price within business models.","accepted","deterministic_source_normalization","normalized_atomic","Cross-horizon","Phase 1","SUB-E005","US-MSR-004-01","AC-MSR-004-01-02","TC-MSR-004-9DE795A633","","No implementation evidence inferred."
"MSR-004-CF76BAC9A4","4","BUSINESS MODELS","202","bullet","one-time charge","The platform must support one-time charge within business models.","accepted","deterministic_source_normalization","normalized_atomic","Cross-horizon","Phase 1","SUB-E005","US-MSR-004-01","AC-MSR-004-01-03","TC-MSR-004-CF76BAC9A4","","No implementation evidence inferred."
"MSR-004-3A1095ADDE","4","BUSINESS MODELS","203","bullet","per-seat","The platform must support per-seat within business models.","accepted","deterministic_source_normalization","normalized_atomic","Cross-horizon","Phase 1","SUB-E005","US-MSR-004-01","AC-MSR-004-01-04","TC-MSR-004-3A1095ADDE","","No implementation evidence inferred."
"MSR-004-ACBA59E1BE","4","BUSINESS MODELS","204","bullet","per-device","The platform must support per-device within business models.","accepted","deterministic_source_normalization","normalized_atomic","Cross-horizon","Phase 1","SUB-E005","US-MSR-004-01","AC-MSR-004-01-05","TC-MSR-004-ACBA59E1BE","","No implementation evidence inferred."
"MSR-004-CAD4D51F6A","4","BUSINESS MODELS","205","bullet","per-location","The platform must support per-location within business models.","accepted","deterministic_source_normalization","normalized_atomic","Cross-horizon","Phase 1","SUB-E005","US-MSR-004-01","AC-MSR-004-01-06","TC-MSR-004-CAD4D51F6A","","No implementation evidence inferred."
"MSR-004-C6935E4D0F","4","BUSINESS MODELS","206","bullet","per-user","The platform must support per-user within business models.","accepted","deterministic_source_normalization","normalized_atomic","Cross-horizon","Phase 1","SUB-E005","US-MSR-004-01","AC-MSR-004-01-07","TC-MSR-004-C6935E4D0F","","No implementation evidence inferred."
"MSR-004-33A4472736","4","BUSINESS MODELS","207","bullet","volume pricing","The platform must support volume pricing within business models.","accepted","deterministic_source_normalization","normalized_atomic","Cross-horizon","Phase 1","SUB-E005","US-MSR-004-01","AC-MSR-004-01-08","TC-MSR-004-33A4472736","","No implementation evidence inferred."
"MSR-004-2B45065622","4","BUSINESS MODELS","208","bullet","tiered pricing","The platform must support tiered pricing within business models.","accepted","deterministic_source_normalization","normalized_atomic","Cross-horizon","Phase 1","SUB-E005","US-MSR-004-01","AC-MSR-004-01-09","TC-MSR-004-2B45065622","","No implementation evidence inferred."
"MSR-004-E61B5CAD98","4","BUSINESS MODELS","209","bullet","graduated pricing","The platform must support graduated pricing within business models.","accepted","deterministic_source_normalization","normalized_atomic","Cross-horizon","Phase 1","SUB-E005","US-MSR-004-01","AC-MSR-004-01-10","TC-MSR-004-E61B5CAD98","","No implementation evidence inferred."
"MSR-004-737BFB5EB9","4","BUSINESS MODELS","210","bullet","package pricing","The platform must support package pricing within business models.","accepted","deterministic_source_normalization","normalized_atomic","Cross-horizon","Phase 1","SUB-E005","US-MSR-004-02","AC-MSR-004-02-01","TC-MSR-004-737BFB5EB9","","No implementation evidence inferred."
"MSR-004-1A4CCB0BB8","4","BUSINESS MODELS","211","bullet","block pricing","The platform must support block pricing within business models.","accepted","deterministic_source_normalization","normalized_atomic","Cross-horizon","Phase 1","SUB-E005","US-MSR-004-02","AC-MSR-004-02-02","TC-MSR-004-1A4CCB0BB8","","No implementation evidence inferred."
"MSR-004-4769C16E6F","4","BUSINESS MODELS","212","bullet","usage pricing","The platform must support usage pricing within business models.","accepted","deterministic_source_normalization","normalized_atomic","Cross-horizon","Phase 1","SUB-E005","US-MSR-004-02","AC-MSR-004-02-03","TC-MSR-004-4769C16E6F","","No implementation evidence inferred."
"MSR-004-E70656FC5D","4","BUSINESS MODELS","213","bullet","consumption pricing","The platform must support consumption pricing within business models.","accepted","deterministic_source_normalization","normalized_atomic","Cross-horizon","Phase 1","SUB-E005","US-MSR-004-02","AC-MSR-004-02-04","TC-MSR-004-E70656FC5D","","No implementation evidence inferred."
"MSR-004-016F63A3F4","4","BUSINESS MODELS","214","bullet","prepaid consumption","The platform must support prepaid consumption within business models.","accepted","deterministic_source_normalization","normalized_atomic","Cross-horizon","Phase 1","SUB-E005","US-MSR-004-02","AC-MSR-004-02-05","TC-MSR-004-016F63A3F4","","No implementation evidence inferred."
"MSR-004-CBCAA21956","4","BUSINESS MODELS","215","bullet","postpaid consumption","The platform must support postpaid consumption within business models.","accepted","deterministic_source_normalization","normalized_atomic","Cross-horizon","Phase 1","SUB-E005","US-MSR-004-02","AC-MSR-004-02-06","TC-MSR-004-CBCAA21956","","No implementation evidence inferred."
"MSR-004-400BA3D2CD","4","BUSINESS MODELS","216","bullet","minimum commitment","The platform must support minimum commitment within business models.","accepted","deterministic_source_normalization","normalized_atomic","Cross-horizon","Phase 1","SUB-E005","US-MSR-004-02","AC-MSR-004-02-07","TC-MSR-004-400BA3D2CD","","No implementation evidence inferred."
"MSR-004-DF196E3BA5","4","BUSINESS MODELS","217","bullet","spend commitment","The platform must support spend commitment within business models.","accepted","deterministic_source_normalization","normalized_atomic","Cross-horizon","Phase 1","SUB-E005","US-MSR-004-02","AC-MSR-004-02-08","TC-MSR-004-DF196E3BA5","","No implementation evidence inferred."
"MSR-004-52D1E5C64E","4","BUSINESS MODELS","218","bullet","minimum + overage","The platform must support minimum + overage within business models.","accepted","deterministic_source_normalization","normalized_atomic","Cross-horizon","Phase 1","SUB-E005","US-MSR-004-02","AC-MSR-004-02-09","TC-MSR-004-52D1E5C64E","","No implementation evidence inferred."
"MSR-004-25FCD6EF4D","4","BUSINESS MODELS","219","bullet","maximum caps","The platform must support maximum caps within business models.","accepted","deterministic_source_normalization","normalized_atomic","Cross-horizon","Phase 1","SUB-E005","US-MSR-004-02","AC-MSR-004-02-10","TC-MSR-004-25FCD6EF4D","","No implementation evidence inferred."
"MSR-004-3B4282ABCC","4","BUSINESS MODELS","220","bullet","stair-step pricing","The platform must support stair-step pricing within business models.","accepted","deterministic_source_normalization","normalized_atomic","Cross-horizon","Phase 1","SUB-E005","US-MSR-004-03","AC-MSR-004-03-01","TC-MSR-004-3B4282ABCC","","No implementation evidence inferred."
"MSR-004-E62CE3A72C","4","BUSINESS MODELS","221","bullet","progressive pricing","The platform must support progressive pricing within business models.","accepted","deterministic_source_normalization","normalized_atomic","Cross-horizon","Phase 1","SUB-E005","US-MSR-004-03","AC-MSR-004-03-02","TC-MSR-004-E62CE3A72C","","No implementation evidence inferred."
"MSR-004-9B06211565","4","BUSINESS MODELS","222","bullet","matrix pricing","The platform must support matrix pricing within business models.","accepted","deterministic_source_normalization","normalized_atomic","Cross-horizon","Phase 1","SUB-E005","US-MSR-004-03","AC-MSR-004-03-03","TC-MSR-004-9B06211565","","No implementation evidence inferred."
"MSR-004-F6E465783D","4","BUSINESS MODELS","223","bullet","attribute-based pricing","The platform must support attribute-based pricing within business models.","accepted","deterministic_source_normalization","normalized_atomic","Cross-horizon","Phase 1","SUB-E005","US-MSR-004-03","AC-MSR-004-03-04","TC-MSR-004-F6E465783D","","No implementation evidence inferred."
"MSR-004-27886B7CCC","4","BUSINESS MODELS","224","bullet","event-based pricing","The platform must support event-based pricing within business models.","accepted","deterministic_source_normalization","normalized_atomic","Cross-horizon","Phase 1","SUB-E005","US-MSR-004-03","AC-MSR-004-03-05","TC-MSR-004-27886B7CCC","","No implementation evidence inferred."
"MSR-004-C8A54C2E4D","4","BUSINESS MODELS","225","bullet","peak/off-peak pricing","The platform must support peak/off-peak pricing within business models.","accepted","deterministic_source_normalization","normalized_atomic","Cross-horizon","Phase 1","SUB-E005","US-MSR-004-03","AC-MSR-004-03-06","TC-MSR-004-C8A54C2E4D","","No implementation evidence inferred."
"MSR-004-C221E3A072","4","BUSINESS MODELS","226","bullet","time-of-day pricing","The platform must support time-of-day pricing within business models.","accepted","deterministic_source_normalization","normalized_atomic","Cross-horizon","Phase 1","SUB-E005","US-MSR-004-03","AC-MSR-004-03-07","TC-MSR-004-C221E3A072","","No implementation evidence inferred."
"MSR-004-156A17E21D","4","BUSINESS MODELS","227","bullet","seasonal pricing","The platform must support seasonal pricing within business models.","accepted","deterministic_source_normalization","normalized_atomic","Cross-horizon","Phase 1","SUB-E005","US-MSR-004-03","AC-MSR-004-03-08","TC-MSR-004-156A17E21D","","No implementation evidence inferred."
"MSR-004-62798110B9","4","BUSINESS MODELS","228","bullet","dynamic pricing","The platform must support dynamic pricing within business models.","accepted","deterministic_source_normalization","normalized_atomic","Cross-horizon","Phase 1","SUB-E005","US-MSR-004-03","AC-MSR-004-03-09","TC-MSR-004-62798110B9","","No implementation evidence inferred."
"MSR-004-B26A0659C9","4","BUSINESS MODELS","229","bullet","negotiated contract pricing","The platform must support negotiated contract pricing within business models.","accepted","deterministic_source_normalization","normalized_atomic","Cross-horizon","Phase 1","SUB-E005","US-MSR-004-03","AC-MSR-004-03-10","TC-MSR-004-B26A0659C9","","No implementation evidence inferred."
"MSR-004-8CB33569AE","4","BUSINESS MODELS","230","bullet","freemium","The platform must support freemium within business models.","accepted","deterministic_source_normalization","normalized_atomic","Cross-horizon","Phase 1","SUB-E005","US-MSR-004-04","AC-MSR-004-04-01","TC-MSR-004-8CB33569AE","","No implementation evidence inferred."
"MSR-004-49F627693F","4","BUSINESS MODELS","231","bullet","free trial","The platform must support free trial within business models.","accepted","deterministic_source_normalization","normalized_atomic","Cross-horizon","Phase 1","SUB-E005","US-MSR-004-04","AC-MSR-004-04-02","TC-MSR-004-49F627693F","","No implementation evidence inferred."
"MSR-004-7F5AB15A7E","4","BUSINESS MODELS","232","bullet","paid trial","The platform must support paid trial within business models.","accepted","deterministic_source_normalization","normalized_atomic","Cross-horizon","Phase 1","SUB-E005","US-MSR-004-04","AC-MSR-004-04-03","TC-MSR-004-7F5AB15A7E","","No implementation evidence inferred."
"MSR-004-317319B857","4","BUSINESS MODELS","233","bullet","promotional pricing","The platform must support promotional pricing within business models.","accepted","deterministic_source_normalization","normalized_atomic","Cross-horizon","Phase 1","SUB-E005","US-MSR-004-04","AC-MSR-004-04-04","TC-MSR-004-317319B857","","No implementation evidence inferred."
"MSR-004-0EBF1F8F74","4","BUSINESS MODELS","234","bullet","introductory pricing","The platform must support introductory pricing within business models.","accepted","deterministic_source_normalization","normalized_atomic","Cross-horizon","Phase 1","SUB-E005","US-MSR-004-04","AC-MSR-004-04-05","TC-MSR-004-0EBF1F8F74","","No implementation evidence inferred."
"MSR-004-DC7E49B30E","4","BUSINESS MODELS","235","bullet","loyalty pricing","The platform must support loyalty pricing within business models.","accepted","deterministic_source_normalization","normalized_atomic","Cross-horizon","Phase 1","SUB-E005","US-MSR-004-04","AC-MSR-004-04-06","TC-MSR-004-DC7E49B30E","","No implementation evidence inferred."
"MSR-004-5BAF6CD146","4","BUSINESS MODELS","236","bullet","ramp pricing","The platform must support ramp pricing within business models.","accepted","deterministic_source_normalization","normalized_atomic","Cross-horizon","Phase 1","SUB-E005","US-MSR-004-04","AC-MSR-004-04-07","TC-MSR-004-5BAF6CD146","","No implementation evidence inferred."
"MSR-004-968C168CD4","4","BUSINESS MODELS","237","bullet","index-linked pricing","The platform must support index-linked pricing within business models.","accepted","deterministic_source_normalization","normalized_atomic","Cross-horizon","Phase 1","SUB-E005","US-MSR-004-04","AC-MSR-004-04-08","TC-MSR-004-968C168CD4","","No implementation evidence inferred."
"MSR-004-F438B78BCE","4","BUSINESS MODELS","238","bullet","inflation-linked increases","The platform must support inflation-linked increases within business models.","accepted","deterministic_source_normalization","normalized_atomic","Cross-horizon","Phase 1","SUB-E005","US-MSR-004-04","AC-MSR-004-04-09","TC-MSR-004-F438B78BCE","","No implementation evidence inferred."
"MSR-004-4BE8F8BB47","4","BUSINESS MODELS","239","bullet","outcome-based pricing","The platform must support outcome-based pricing within business models.","accepted","deterministic_source_normalization","normalized_atomic","Cross-horizon","Phase 1","SUB-E005","US-MSR-004-04","AC-MSR-004-04-10","TC-MSR-004-4BE8F8BB47","","No implementation evidence inferred."
"MSR-004-962D685DC9","4","BUSINESS MODELS","240","bullet","milestone-based billing","The platform must support milestone-based billing within business models.","accepted","deterministic_source_normalization","normalized_atomic","Cross-horizon","Phase 1","SUB-E005","US-MSR-004-05","AC-MSR-004-05-01","TC-MSR-004-962D685DC9","","No implementation evidence inferred."
"MSR-004-D1D4650BEF","4","BUSINESS MODELS","241","bullet","percentage-of-value billing","The platform must support percentage-of-value billing within business models.","accepted","deterministic_source_normalization","normalized_atomic","Cross-horizon","Phase 1","SUB-E005","US-MSR-004-05","AC-MSR-004-05-02","TC-MSR-004-D1D4650BEF","","No implementation evidence inferred."
"MSR-004-B68ECB2C63","4","BUSINESS MODELS","242","bullet","revenue-share","The platform must support revenue-share within business models.","accepted","deterministic_source_normalization","normalized_atomic","Cross-horizon","Phase 1","SUB-E005","US-MSR-004-05","AC-MSR-004-05-03","TC-MSR-004-B68ECB2C63","","No implementation evidence inferred."
"MSR-004-EAA0600F1C","4","BUSINESS MODELS","243","bullet","marketplace commission","The platform must support marketplace commission within business models.","accepted","deterministic_source_normalization","normalized_atomic","Cross-horizon","Phase 1","SUB-E005","US-MSR-004-05","AC-MSR-004-05-04","TC-MSR-004-EAA0600F1C","","No implementation evidence inferred."
"MSR-004-A4B375BF8C","4","BUSINESS MODELS","244","bullet","hybrid pricing","The platform must support hybrid pricing within business models.","accepted","deterministic_source_normalization","normalized_atomic","Cross-horizon","Phase 1","SUB-E005","US-MSR-004-05","AC-MSR-004-05-05","TC-MSR-004-A4B375BF8C","","No implementation evidence inferred."
"MSR-004-D6463F7AE2","4","BUSINESS MODELS","246","normative_prose","A single subscription must be capable of combining models.","A single subscription must be capable of combining models.","accepted","deterministic_source_normalization","normalized_atomic","Cross-horizon","Phase 1","SUB-E005","US-MSR-004-05","AC-MSR-004-05-06","TC-MSR-004-D6463F7AE2","","No implementation evidence inferred."
"MSR-004-90E1A2BB18","4","BUSINESS MODELS","248","contextual_prose","Example:","Product and implementation decisions must conform to this master-specification constraint: Example:.","parent_context","deterministic_source_normalization","context_only","Cross-horizon","Phase 1","","","","","","Retained as context; delivery coverage is carried by child candidates."
"MSR-004-C1873BC4FD","4","BUSINESS MODELS","250","contextual_prose","Enterprise AI Platform","Product and implementation decisions must conform to this master-specification constraint: Enterprise AI Platform.","accepted","deterministic_source_normalization","normalized_atomic","Cross-horizon","Phase 1","SUB-E005","US-MSR-004-05","AC-MSR-004-05-07","TC-MSR-004-C1873BC4FD","","No implementation evidence inferred."
"MSR-004-331FC27D1F","4","BUSINESS MODELS","252","contextual_prose","Base fee: $2,000/month","Product and implementation decisions must conform to this master-specification constraint: Base fee: $2,000/month.","accepted","deterministic_source_normalization","normalized_atomic","Cross-horizon","Phase 1","SUB-E005","US-MSR-004-05","AC-MSR-004-05-08","TC-MSR-004-331FC27D1F","","No implementation evidence inferred."
"MSR-004-E0A9078357","4","BUSINESS MODELS","253","bullet","100 included seats","The platform must support 100 included seats within business models.","accepted","deterministic_source_normalization","normalized_atomic","Cross-horizon","Phase 1","SUB-E005","US-MSR-004-05","AC-MSR-004-05-09","TC-MSR-004-E0A9078357","","No implementation evidence inferred."
"MSR-004-6D300CFD7A","4","BUSINESS MODELS","254","bullet","$15/additional seat","The platform must support $15/additional seat within business models.","accepted","deterministic_source_normalization","normalized_atomic","Cross-horizon","Phase 1","SUB-E005","US-MSR-004-05","AC-MSR-004-05-10","TC-MSR-004-6D300CFD7A","","No implementation evidence inferred."
"MSR-004-B79CC9712F","4","BUSINESS MODELS","255","bullet","first 10M tokens included","The platform must support first 10M tokens included within business models.","accepted","deterministic_source_normalization","normalized_atomic","Cross-horizon","Phase 1","SUB-E005","US-MSR-004-06","AC-MSR-004-06-01","TC-MSR-004-B79CC9712F","","No implementation evidence inferred."
"MSR-004-6C56089430","4","BUSINESS MODELS","256","bullet","$0.001 per additional token","The platform must support $0.001 per additional token within business models.","accepted","deterministic_source_normalization","normalized_atomic","Cross-horizon","Phase 1","SUB-E005","US-MSR-004-06","AC-MSR-004-06-02","TC-MSR-004-6C56089430","","No implementation evidence inferred."
"MSR-004-4CB64DC970","4","BUSINESS MODELS","257","bullet","premium support at 5% of monthly spend","The platform must support premium support at 5% of monthly spend within business models.","accepted","deterministic_source_normalization","normalized_atomic","Cross-horizon","Phase 1","SUB-E005","US-MSR-004-06","AC-MSR-004-06-03","TC-MSR-004-4CB64DC970","","No implementation evidence inferred."
"MSR-004-1EFA7A1DD8","4","BUSINESS MODELS","258","bullet","minimum annual commitment of $36,000.","The platform must support minimum annual commitment of $36,000. within business models.","accepted","deterministic_source_normalization","normalized_atomic","Cross-horizon","Phase 1","SUB-E005","US-MSR-004-06","AC-MSR-004-06-04","TC-MSR-004-1EFA7A1DD8","","No implementation evidence inferred."
"MSR-004-41D750ECAF","4","BUSINESS MODELS","260","normative_prose","This configuration must not require source-code changes.","This configuration must not require source-code changes.","accepted","deterministic_source_normalization","normalized_atomic","Cross-horizon","Phase 1","SUB-E005","US-MSR-004-06","AC-MSR-004-06-05","TC-MSR-004-41D750ECAF","","No implementation evidence inferred."
"MSR-005-6DA2E0B1CF","5","PRODUCT CATALOG","266","normative_prose","Implement a hierarchical versioned product catalog.","Implement a hierarchical versioned product catalog.","accepted","deterministic_source_normalization","normalized_atomic","Cross-horizon","Phase 1","SUB-E004","US-MSR-005-01","AC-MSR-005-01-01","TC-MSR-005-6DA2E0B1CF","","No implementation evidence inferred."
"MSR-005-EDE95572FB","5","PRODUCT CATALOG","268","contextual_prose","Model:","Product and implementation decisions must conform to this master-specification constraint: Model:.","parent_context","deterministic_source_normalization","context_only","Cross-horizon","Phase 1","","","","","","Retained as context; delivery coverage is carried by child candidates."
"MSR-005-4B74184A09","5","PRODUCT CATALOG","270","normative_prose","Portfolio → Product Family → Product → Product Version → Offer → Plan → Rate Card → Charge → Entitlement.","Portfolio → Product Family → Product → Product Version → Offer → Plan → Rate Card → Charge → Entitlement.","accepted","deterministic_source_normalization","normalized_atomic","Cross-horizon","Phase 1","SUB-E004","US-MSR-005-01","AC-MSR-005-01-02","TC-MSR-005-4B74184A09","","No implementation evidence inferred."
"MSR-005-6B5F67B9B6","5","PRODUCT CATALOG","280","normative_prose","Support:","Support:.","parent_context","deterministic_source_normalization","context_only","Cross-horizon","Phase 1","","","","","","Retained as context; delivery coverage is carried by child candidates."
"MSR-005-525A49E850","5","PRODUCT CATALOG","281","bullet","physical products","The platform must support physical products within product catalog.","accepted","deterministic_source_normalization","normalized_atomic","Cross-horizon","Phase 1","SUB-E004","US-MSR-005-01","AC-MSR-005-01-03","TC-MSR-005-525A49E850","","No implementation evidence inferred."
"MSR-005-0B32DAEC23","5","PRODUCT CATALOG","282","bullet","digital products","The platform must support digital products within product catalog.","accepted","deterministic_source_normalization","normalized_atomic","Cross-horizon","Phase 1","SUB-E004","US-MSR-005-01","AC-MSR-005-01-04","TC-MSR-005-0B32DAEC23","","No implementation evidence inferred."
"MSR-005-4C8873A3CD","5","PRODUCT CATALOG","283","bullet","subscriptions","The platform must support subscriptions within product catalog.","accepted","deterministic_source_normalization","normalized_atomic","Cross-horizon","Phase 1","SUB-E004","US-MSR-005-01","AC-MSR-005-01-05","TC-MSR-005-4C8873A3CD","","No implementation evidence inferred."
"MSR-005-AA455F6807","5","PRODUCT CATALOG","284","bullet","services","The platform must support services within product catalog.","accepted","deterministic_source_normalization","normalized_atomic","Cross-horizon","Phase 1","SUB-E004","US-MSR-005-01","AC-MSR-005-01-06","TC-MSR-005-AA455F6807","","No implementation evidence inferred."
"MSR-005-A1342C079C","5","PRODUCT CATALOG","285","bullet","bundles","The platform must support bundles within product catalog.","accepted","deterministic_source_normalization","normalized_atomic","Cross-horizon","Phase 1","SUB-E004","US-MSR-005-01","AC-MSR-005-01-07","TC-MSR-005-A1342C079C","","No implementation evidence inferred."
"MSR-005-7E3D3FB0CE","5","PRODUCT CATALOG","286","bullet","add-ons","The platform must support add-ons within product catalog.","accepted","deterministic_source_normalization","normalized_atomic","Cross-horizon","Phase 1","SUB-E004","US-MSR-005-01","AC-MSR-005-01-08","TC-MSR-005-7E3D3FB0CE","","No implementation evidence inferred."
"MSR-005-76B2A3256A","5","PRODUCT CATALOG","287","bullet","optional features","The platform must support optional features within product catalog.","accepted","deterministic_source_normalization","normalized_atomic","Cross-horizon","Phase 1","SUB-E004","US-MSR-005-01","AC-MSR-005-01-09","TC-MSR-005-76B2A3256A","","No implementation evidence inferred."
"MSR-005-FDB1ECE98F","5","PRODUCT CATALOG","288","bullet","mandatory features","The platform must support mandatory features within product catalog.","accepted","deterministic_source_normalization","normalized_atomic","Cross-horizon","Phase 1","SUB-E004","US-MSR-005-01","AC-MSR-005-01-10","TC-MSR-005-FDB1ECE98F","","No implementation evidence inferred."
"MSR-005-98146994B5","5","PRODUCT CATALOG","289","bullet","dependencies","The platform must support dependencies within product catalog.","accepted","deterministic_source_normalization","normalized_atomic","Cross-horizon","Phase 1","SUB-E004","US-MSR-005-02","AC-MSR-005-02-01","TC-MSR-005-98146994B5","","No implementation evidence inferred."
"MSR-005-51E65A7B42","5","PRODUCT CATALOG","290","bullet","mutually exclusive products","The platform must support mutually exclusive products within product catalog.","accepted","deterministic_source_normalization","normalized_atomic","Cross-horizon","Phase 1","SUB-E004","US-MSR-005-02","AC-MSR-005-02-02","TC-MSR-005-51E65A7B42","","No implementation evidence inferred."
"MSR-005-76D07F44D2","5","PRODUCT CATALOG","291","bullet","cross-product rules.","The platform must support cross-product rules. within product catalog.","accepted","deterministic_source_normalization","normalized_atomic","Cross-horizon","Phase 1","SUB-E004","US-MSR-005-02","AC-MSR-005-02-03","TC-MSR-005-76D07F44D2","","No implementation evidence inferred."
"MSR-005-3436FF4BC2","5","PRODUCT CATALOG","293","normative_prose","Every commercial object must support:","Every commercial object must support:.","parent_context","deterministic_source_normalization","context_only","Cross-horizon","Phase 1","","","","","","Retained as context; delivery coverage is carried by child candidates."
"MSR-005-6C87A5677D","5","PRODUCT CATALOG","294","bullet","effective-from date","The platform must support effective-from date within product catalog.","accepted","deterministic_source_normalization","normalized_atomic","Cross-horizon","Phase 1","SUB-E004","US-MSR-005-02","AC-MSR-005-02-04","TC-MSR-005-6C87A5677D","","No implementation evidence inferred."
"MSR-005-8A84F2A35E","5","PRODUCT CATALOG","295","bullet","effective-to date","The platform must support effective-to date within product catalog.","accepted","deterministic_source_normalization","normalized_atomic","Cross-horizon","Phase 1","SUB-E004","US-MSR-005-02","AC-MSR-005-02-05","TC-MSR-005-8A84F2A35E","","No implementation evidence inferred."
"MSR-005-FF2E3D93A7","5","PRODUCT CATALOG","296","bullet","version","The platform must support version within product catalog.","accepted","deterministic_source_normalization","normalized_atomic","Cross-horizon","Phase 1","SUB-E004","US-MSR-005-02","AC-MSR-005-02-06","TC-MSR-005-FF2E3D93A7","","No implementation evidence inferred."
"MSR-005-F24136282B","5","PRODUCT CATALOG","297","bullet","market","The platform must support market within product catalog.","accepted","deterministic_source_normalization","normalized_atomic","Cross-horizon","Phase 1","SUB-E004","US-MSR-005-02","AC-MSR-005-02-07","TC-MSR-005-F24136282B","","No implementation evidence inferred."
"MSR-005-7CAB80CD69","5","PRODUCT CATALOG","298","bullet","currency","The platform must support currency within product catalog.","accepted","deterministic_source_normalization","normalized_atomic","Cross-horizon","Phase 1","SUB-E004","US-MSR-005-02","AC-MSR-005-02-08","TC-MSR-005-7CAB80CD69","","No implementation evidence inferred."
"MSR-005-0AB40EDBA1","5","PRODUCT CATALOG","299","bullet","customer segment","The platform must support customer segment within product catalog.","accepted","deterministic_source_normalization","normalized_atomic","Cross-horizon","Phase 1","SUB-E004","US-MSR-005-02","AC-MSR-005-02-09","TC-MSR-005-0AB40EDBA1","","No implementation evidence inferred."
"MSR-005-731A39CFA0","5","PRODUCT CATALOG","300","bullet","channel","The platform must support channel within product catalog.","accepted","deterministic_source_normalization","normalized_atomic","Cross-horizon","Phase 1","SUB-E004","US-MSR-005-02","AC-MSR-005-02-10","TC-MSR-005-731A39CFA0","","No implementation evidence inferred."
"MSR-005-B3BC2A3784","5","PRODUCT CATALOG","301","bullet","geography","The platform must support geography within product catalog.","accepted","deterministic_source_normalization","normalized_atomic","Cross-horizon","Phase 1","SUB-E004","US-MSR-005-03","AC-MSR-005-03-01","TC-MSR-005-B3BC2A3784","","No implementation evidence inferred."
"MSR-005-E6155F9EC1","5","PRODUCT CATALOG","302","bullet","tax category","The platform must support tax category within product catalog.","accepted","deterministic_source_normalization","normalized_atomic","Cross-horizon","Phase 1","SUB-E004","US-MSR-005-03","AC-MSR-005-03-02","TC-MSR-005-E6155F9EC1","","No implementation evidence inferred."
"MSR-005-28BC5FFA04","5","PRODUCT CATALOG","303","bullet","accounting classification.","The platform must support accounting classification. within product catalog.","accepted","deterministic_source_normalization","normalized_atomic","Cross-horizon","Phase 1","SUB-E004","US-MSR-005-03","AC-MSR-005-03-03","TC-MSR-005-28BC5FFA04","","No implementation evidence inferred."
"MSR-005-A877CB5DA2","5","PRODUCT CATALOG","305","normative_prose","Never mutate historical pricing.","Never mutate historical pricing.","accepted","deterministic_source_normalization","normalized_atomic","Cross-horizon","Phase 1","SUB-E004","US-MSR-005-03","AC-MSR-005-03-04","TC-MSR-005-A877CB5DA2","","No implementation evidence inferred."
"MSR-005-D0D21BB38D","5","PRODUCT CATALOG","307","contextual_prose","Create effective-dated versions instead.","Product and implementation decisions must conform to this master-specification constraint: Create effective-dated versions instead.","accepted","deterministic_source_normalization","normalized_atomic","Cross-horizon","Phase 1","SUB-E004","US-MSR-005-03","AC-MSR-005-03-05","TC-MSR-005-D0D21BB38D","","No implementation evidence inferred."
"MSR-006-211CAE24F9","6","VISUAL PRICING DESIGNER","313","normative_prose","Pricing configuration is one of the primary areas where this product must differentiate itself.","Pricing configuration is one of the primary areas where this product must differentiate itself.","accepted","deterministic_source_normalization","normalized_atomic","Cross-horizon","Phase 1","SUB-E005","US-MSR-006-01","AC-MSR-006-01-01","TC-MSR-006-211CAE24F9","","No implementation evidence inferred."
"MSR-006-73F640F339","6","VISUAL PRICING DESIGNER","315","contextual_prose","Create a visual pricing canvas.","Product and implementation decisions must conform to this master-specification constraint: Create a visual pricing canvas.","accepted","deterministic_source_normalization","normalized_atomic","Cross-horizon","Phase 1","SUB-E005","US-MSR-006-01","AC-MSR-006-01-02","TC-MSR-006-73F640F339","","No implementation evidence inferred."
"MSR-006-9D753CB675","6","VISUAL PRICING DESIGNER","317","normative_prose","Users should be able to construct:","Users should be able to construct:.","parent_context","deterministic_source_normalization","context_only","Cross-horizon","Phase 1","","","","","","Retained as context; delivery coverage is carried by child candidates."
"MSR-006-B912D82B7E","6","VISUAL PRICING DESIGNER","321","contextual_prose","Usage <= 1,000","Product and implementation decisions must conform to this master-specification constraint: Usage <= 1,000.","accepted","deterministic_source_normalization","normalized_atomic","Cross-horizon","Phase 1","SUB-E005","US-MSR-006-01","AC-MSR-006-01-03","TC-MSR-006-B912D82B7E","","No implementation evidence inferred."
"MSR-006-123E4AA55B-01","6","VISUAL PRICING DESIGNER","323","contextual_prose","THEN","Product and implementation decisions must conform to this master-specification constraint: THEN.","accepted","deterministic_source_normalization","normalized_atomic","Cross-horizon","Phase 1","SUB-E005","US-MSR-006-01","AC-MSR-006-01-04","TC-MSR-006-123E4AA55B-01","","No implementation evidence inferred."
"MSR-006-F192FEDCA9","6","VISUAL PRICING DESIGNER","325","contextual_prose","Price = ₹10/unit","Product and implementation decisions must conform to this master-specification constraint: Price = ₹10/unit.","accepted","deterministic_source_normalization","normalized_atomic","Cross-horizon","Phase 1","SUB-E005","US-MSR-006-01","AC-MSR-006-01-05","TC-MSR-006-F192FEDCA9","","No implementation evidence inferred."
"MSR-006-A73ED9B70A","6","VISUAL PRICING DESIGNER","327","contextual_prose","ELSE IF","Product and implementation decisions must conform to this master-specification constraint: ELSE IF.","accepted","deterministic_source_normalization","normalized_atomic","Cross-horizon","Phase 1","SUB-E005","US-MSR-006-01","AC-MSR-006-01-06","TC-MSR-006-A73ED9B70A","","No implementation evidence inferred."
"MSR-006-F6E188EF8E","6","VISUAL PRICING DESIGNER","329","contextual_prose","Usage <= 10,000","Product and implementation decisions must conform to this master-specification constraint: Usage <= 10,000.","accepted","deterministic_source_normalization","normalized_atomic","Cross-horizon","Phase 1","SUB-E005","US-MSR-006-01","AC-MSR-006-01-07","TC-MSR-006-F6E188EF8E","","No implementation evidence inferred."
"MSR-006-123E4AA55B-02","6","VISUAL PRICING DESIGNER","331","contextual_prose","THEN","Product and implementation decisions must conform to this master-specification constraint: THEN.","accepted","deterministic_source_normalization","normalized_atomic","Cross-horizon","Phase 1","SUB-E005","US-MSR-006-01","AC-MSR-006-01-08","TC-MSR-006-123E4AA55B-02","","No implementation evidence inferred."
"MSR-006-B94C5F5816","6","VISUAL PRICING DESIGNER","333","contextual_prose","Price = ₹8/unit","Product and implementation decisions must conform to this master-specification constraint: Price = ₹8/unit.","accepted","deterministic_source_normalization","normalized_atomic","Cross-horizon","Phase 1","SUB-E005","US-MSR-006-01","AC-MSR-006-01-09","TC-MSR-006-B94C5F5816","","No implementation evidence inferred."
"MSR-006-D60EF34CC8","6","VISUAL PRICING DESIGNER","335","contextual_prose","ELSE","Product and implementation decisions must conform to this master-specification constraint: ELSE.","accepted","deterministic_source_normalization","normalized_atomic","Cross-horizon","Phase 1","SUB-E005","US-MSR-006-01","AC-MSR-006-01-10","TC-MSR-006-D60EF34CC8","","No implementation evidence inferred."
"MSR-006-564EC4D309","6","VISUAL PRICING DESIGNER","337","contextual_prose","Price = ₹6/unit.","Product and implementation decisions must conform to this master-specification constraint: Price = ₹6/unit.","accepted","deterministic_source_normalization","normalized_atomic","Cross-horizon","Phase 1","SUB-E005","US-MSR-006-02","AC-MSR-006-02-01","TC-MSR-006-564EC4D309","","No implementation evidence inferred."
"MSR-006-1688984493","6","VISUAL PRICING DESIGNER","339","normative_prose","Support drag-and-drop:","Support drag-and-drop:.","parent_context","deterministic_source_normalization","context_only","Cross-horizon","Phase 1","","","","","","Retained as context; delivery coverage is carried by child candidates."
"MSR-006-A67A4A9DD0","6","VISUAL PRICING DESIGNER","341","contextual_prose","INPUT","Product and implementation decisions must conform to this master-specification constraint: INPUT.","accepted","deterministic_source_normalization","normalized_atomic","Cross-horizon","Phase 1","SUB-E005","US-MSR-006-02","AC-MSR-006-02-02","TC-MSR-006-A67A4A9DD0","","No implementation evidence inferred."
"MSR-006-47666782E4","6","VISUAL PRICING DESIGNER","343","contextual_prose","→ DIMENSION","Product and implementation decisions must conform to this master-specification constraint: → DIMENSION.","accepted","deterministic_source_normalization","normalized_atomic","Cross-horizon","Phase 1","SUB-E005","US-MSR-006-02","AC-MSR-006-02-03","TC-MSR-006-47666782E4","","No implementation evidence inferred."
"MSR-006-F3023CC0C1","6","VISUAL PRICING DESIGNER","345","contextual_prose","→ RULE","Product and implementation decisions must conform to this master-specification constraint: → RULE.","accepted","deterministic_source_normalization","normalized_atomic","Cross-horizon","Phase 1","SUB-E005","US-MSR-006-02","AC-MSR-006-02-04","TC-MSR-006-F3023CC0C1","","No implementation evidence inferred."
"MSR-006-19865B05D8","6","VISUAL PRICING DESIGNER","347","contextual_prose","→ RATE","Product and implementation decisions must conform to this master-specification constraint: → RATE.","accepted","deterministic_source_normalization","normalized_atomic","Cross-horizon","Phase 1","SUB-E005","US-MSR-006-02","AC-MSR-006-02-05","TC-MSR-006-19865B05D8","","No implementation evidence inferred."
"MSR-006-650C5735B7","6","VISUAL PRICING DESIGNER","349","contextual_prose","→ DISCOUNT","Product and implementation decisions must conform to this master-specification constraint: → DISCOUNT.","accepted","deterministic_source_normalization","normalized_atomic","Cross-horizon","Phase 1","SUB-E005","US-MSR-006-02","AC-MSR-006-02-06","TC-MSR-006-650C5735B7","","No implementation evidence inferred."
"MSR-006-3A9B5E97B6","6","VISUAL PRICING DESIGNER","351","contextual_prose","→ CAP","Product and implementation decisions must conform to this master-specification constraint: → CAP.","accepted","deterministic_source_normalization","normalized_atomic","Cross-horizon","Phase 1","SUB-E005","US-MSR-006-02","AC-MSR-006-02-07","TC-MSR-006-3A9B5E97B6","","No implementation evidence inferred."
"MSR-006-D5A899BADA","6","VISUAL PRICING DESIGNER","353","contextual_prose","→ COMMITMENT","Product and implementation decisions must conform to this master-specification constraint: → COMMITMENT.","accepted","deterministic_source_normalization","normalized_atomic","Cross-horizon","Phase 1","SUB-E005","US-MSR-006-02","AC-MSR-006-02-08","TC-MSR-006-D5A899BADA","","No implementation evidence inferred."
"MSR-006-F98AC3ADFE","6","VISUAL PRICING DESIGNER","355","contextual_prose","→ OUTPUT.","Product and implementation decisions must conform to this master-specification constraint: → OUTPUT.","accepted","deterministic_source_normalization","normalized_atomic","Cross-horizon","Phase 1","SUB-E005","US-MSR-006-02","AC-MSR-006-02-09","TC-MSR-006-F98AC3ADFE","","No implementation evidence inferred."
"MSR-006-E88C51E536","6","VISUAL PRICING DESIGNER","357","normative_prose","Allow users to test pricing scenarios before activation.","Allow users to test pricing scenarios before activation.","accepted","deterministic_source_normalization","normalized_atomic","Cross-horizon","Phase 1","SUB-E005","US-MSR-006-02","AC-MSR-006-02-10","TC-MSR-006-E88C51E536","","No implementation evidence inferred."
"MSR-006-557D2BC871","6","VISUAL PRICING DESIGNER","359","contextual_prose","Example:","Product and implementation decisions must conform to this master-specification constraint: Example:.","parent_context","deterministic_source_normalization","context_only","Cross-horizon","Phase 1","","","","","","Retained as context; delivery coverage is carried by child candidates."
"MSR-006-D1655DB336","6","VISUAL PRICING DESIGNER","361","contextual_prose","""Show what this pricing model would have charged our last 10,000 customers.","Product and implementation decisions must conform to this master-specification constraint: ""Show what this pricing model would have charged our last 10,000 customers.","accepted","deterministic_source_normalization","normalized_atomic","Cross-horizon","Phase 1","SUB-E005","US-MSR-006-03","AC-MSR-006-03-01","TC-MSR-006-D1655DB336","","No implementation evidence inferred."
"MSR-006-50CEA39D95","6","VISUAL PRICING DESIGNER","363","normative_prose","Provide:","Provide:.","parent_context","deterministic_source_normalization","context_only","Cross-horizon","Phase 1","","","","","","Retained as context; delivery coverage is carried by child candidates."
"MSR-006-09B6D1A70D","6","VISUAL PRICING DESIGNER","364","bullet","revenue impact","The platform must support revenue impact within visual pricing designer.","accepted","deterministic_source_normalization","normalized_atomic","Cross-horizon","Phase 1","SUB-E005","US-MSR-006-03","AC-MSR-006-03-02","TC-MSR-006-09B6D1A70D","","No implementation evidence inferred."
"MSR-006-71A2D0D0AD","6","VISUAL PRICING DESIGNER","365","bullet","ARPU change","The platform must support ARPU change within visual pricing designer.","accepted","deterministic_source_normalization","normalized_atomic","Cross-horizon","Phase 1","SUB-E005","US-MSR-006-03","AC-MSR-006-03-03","TC-MSR-006-71A2D0D0AD","","No implementation evidence inferred."
"MSR-006-CD4D1F0EA7","6","VISUAL PRICING DESIGNER","366","bullet","margin impact","The platform must support margin impact within visual pricing designer.","accepted","deterministic_source_normalization","normalized_atomic","Cross-horizon","Phase 1","SUB-E005","US-MSR-006-03","AC-MSR-006-03-04","TC-MSR-006-CD4D1F0EA7","","No implementation evidence inferred."
"MSR-006-EE133601AB","6","VISUAL PRICING DESIGNER","367","bullet","customer winners/losers","The platform must support customer winners/losers within visual pricing designer.","accepted","deterministic_source_normalization","normalized_atomic","Cross-horizon","Phase 1","SUB-E005","US-MSR-006-03","AC-MSR-006-03-05","TC-MSR-006-EE133601AB","","No implementation evidence inferred."
"MSR-006-FC0CC7C6F9","6","VISUAL PRICING DESIGNER","368","bullet","churn-risk cohorts","The platform must support churn-risk cohorts within visual pricing designer.","accepted","deterministic_source_normalization","normalized_atomic","Cross-horizon","Phase 1","SUB-E005","US-MSR-006-03","AC-MSR-006-03-06","TC-MSR-006-FC0CC7C6F9","","No implementation evidence inferred."
"MSR-006-F775C03662","6","VISUAL PRICING DESIGNER","369","bullet","bill shock risk.","The platform must support bill shock risk. within visual pricing designer.","accepted","deterministic_source_normalization","normalized_atomic","Cross-horizon","Phase 1","SUB-E005","US-MSR-006-03","AC-MSR-006-03-07","TC-MSR-006-F775C03662","","No implementation evidence inferred."
"MSR-007-9D710BC58D","7","PRICE EXPERIMENTATION","375","normative_prose","Include an experimentation system supporting:","Include an experimentation system supporting:.","parent_context","deterministic_source_normalization","context_only","Cross-horizon","Phase 1","","","","","","Retained as context; delivery coverage is carried by child candidates."
"MSR-007-E2586DE096","7","PRICE EXPERIMENTATION","376","bullet","A/B pricing","The platform must support A/B pricing within price experimentation.","accepted","deterministic_source_normalization","normalized_atomic","Cross-horizon","Phase 1","SUB-E005","US-MSR-007-01","AC-MSR-007-01-01","TC-MSR-007-E2586DE096","","No implementation evidence inferred."
"MSR-007-9EF8E2711A","7","PRICE EXPERIMENTATION","377","bullet","geography experiments","The platform must support geography experiments within price experimentation.","accepted","deterministic_source_normalization","normalized_atomic","Cross-horizon","Phase 1","SUB-E005","US-MSR-007-01","AC-MSR-007-01-02","TC-MSR-007-9EF8E2711A","","No implementation evidence inferred."
"MSR-007-25D45F6893","7","PRICE EXPERIMENTATION","378","bullet","packaging experiments","The platform must support packaging experiments within price experimentation.","accepted","deterministic_source_normalization","normalized_atomic","Cross-horizon","Phase 1","SUB-E005","US-MSR-007-01","AC-MSR-007-01-03","TC-MSR-007-25D45F6893","","No implementation evidence inferred."
"MSR-007-9BF74930E6","7","PRICE EXPERIMENTATION","379","bullet","trial length experiments","The platform must support trial length experiments within price experimentation.","accepted","deterministic_source_normalization","normalized_atomic","Cross-horizon","Phase 1","SUB-E005","US-MSR-007-01","AC-MSR-007-01-04","TC-MSR-007-9BF74930E6","","No implementation evidence inferred."
"MSR-007-BF05AB181E","7","PRICE EXPERIMENTATION","380","bullet","discount experiments","The platform must support discount experiments within price experimentation.","accepted","deterministic_source_normalization","normalized_atomic","Cross-horizon","Phase 1","SUB-E005","US-MSR-007-01","AC-MSR-007-01-05","TC-MSR-007-BF05AB181E","","No implementation evidence inferred."
"MSR-007-5E4A8983C5","7","PRICE EXPERIMENTATION","381","bullet","renewal pricing experiments.","The platform must support renewal pricing experiments. within price experimentation.","accepted","deterministic_source_normalization","normalized_atomic","Cross-horizon","Phase 1","SUB-E005","US-MSR-007-01","AC-MSR-007-01-06","TC-MSR-007-5E4A8983C5","","No implementation evidence inferred."
"MSR-007-FE0E3B5B9D","7","PRICE EXPERIMENTATION","383","normative_prose","Never retroactively modify contractual prices.","Never retroactively modify contractual prices.","accepted","deterministic_source_normalization","normalized_atomic","Cross-horizon","Phase 1","SUB-E005","US-MSR-007-01","AC-MSR-007-01-07","TC-MSR-007-FE0E3B5B9D","","No implementation evidence inferred."
"MSR-007-14AF64D5DD","7","PRICE EXPERIMENTATION","385","normative_prose","Cohort membership must be permanently auditable.","Cohort membership must be permanently auditable.","accepted","deterministic_source_normalization","normalized_atomic","Cross-horizon","Phase 1","SUB-E005","US-MSR-007-01","AC-MSR-007-01-08","TC-MSR-007-14AF64D5DD","","No implementation evidence inferred."
"MSR-008-D4A98F2D8A","8","SUBSCRIPTION LIFECYCLE","391","normative_prose","Support:","Support:.","parent_context","deterministic_source_normalization","context_only","Cross-horizon","Phase 1","","","","","","Retained as context; delivery coverage is carried by child candidates."
"MSR-008-BAFF7F38FA","8","SUBSCRIPTION LIFECYCLE","393","normative_prose","Create → Activate → Trial → Convert → Upgrade → Downgrade → Add Product → Remove Product → Increase Quantity → Reduce Quantity → Suspend → Pause → Resume → Renew → Extend → Terminate → Reinstate → Win Back.","Create → Activate → Trial → Convert → Upgrade → Downgrade → Add Product → Remove Product → Increase Quantity → Reduce Quantity → Suspend → Pause → Resume → Renew → Extend → Terminate → Reinstate → Win Back.","accepted","deterministic_source_normalization","normalized_atomic","Cross-horizon","Phase 1","SUB-E006","US-MSR-008-01","AC-MSR-008-01-01","TC-MSR-008-BAFF7F38FA","","No implementation evidence inferred."
"MSR-008-EA9E118F17","8","SUBSCRIPTION LIFECYCLE","395","normative_prose","Every lifecycle event must:","Every lifecycle event must:.","parent_context","deterministic_source_normalization","context_only","Cross-horizon","Phase 1","","","","","","Retained as context; delivery coverage is carried by child candidates."
"MSR-008-51D0D64375","8","SUBSCRIPTION LIFECYCLE","396","bullet","be effective-dated,","The platform must support be effective-dated, within subscription lifecycle.","accepted","deterministic_source_normalization","normalized_atomic","Cross-horizon","Phase 1","SUB-E006","US-MSR-008-01","AC-MSR-008-01-02","TC-MSR-008-51D0D64375","","No implementation evidence inferred."
"MSR-008-3D44298606","8","SUBSCRIPTION LIFECYCLE","397","bullet","generate an event,","The platform must support generate an event, within subscription lifecycle.","accepted","deterministic_source_normalization","normalized_atomic","Cross-horizon","Phase 1","SUB-E006","US-MSR-008-01","AC-MSR-008-01-03","TC-MSR-008-3D44298606","","No implementation evidence inferred."
"MSR-008-01879C34FE","8","SUBSCRIPTION LIFECYCLE","398","bullet","preserve history,","The platform must support preserve history, within subscription lifecycle.","accepted","deterministic_source_normalization","normalized_atomic","Cross-horizon","Phase 1","SUB-E006","US-MSR-008-01","AC-MSR-008-01-04","TC-MSR-008-01879C34FE","","No implementation evidence inferred."
"MSR-008-C473784786","8","SUBSCRIPTION LIFECYCLE","399","bullet","evaluate billing impact,","The platform must support evaluate billing impact, within subscription lifecycle.","accepted","deterministic_source_normalization","normalized_atomic","Cross-horizon","Phase 1","SUB-E006","US-MSR-008-01","AC-MSR-008-01-05","TC-MSR-008-C473784786","","No implementation evidence inferred."
"MSR-008-64A51D7331","8","SUBSCRIPTION LIFECYCLE","400","bullet","evaluate entitlement impact,","The platform must support evaluate entitlement impact, within subscription lifecycle.","accepted","deterministic_source_normalization","normalized_atomic","Cross-horizon","Phase 1","SUB-E006","US-MSR-008-01","AC-MSR-008-01-06","TC-MSR-008-64A51D7331","","No implementation evidence inferred."
"MSR-008-4AAC83496D","8","SUBSCRIPTION LIFECYCLE","401","bullet","determine proration,","The platform must support determine proration, within subscription lifecycle.","accepted","deterministic_source_normalization","normalized_atomic","Cross-horizon","Phase 1","SUB-E006","US-MSR-008-01","AC-MSR-008-01-07","TC-MSR-008-4AAC83496D","","No implementation evidence inferred."
"MSR-008-E513778BE3","8","SUBSCRIPTION LIFECYCLE","402","bullet","evaluate revenue recognition impact.","The platform must support evaluate revenue recognition impact. within subscription lifecycle.","accepted","deterministic_source_normalization","normalized_atomic","Cross-horizon","Phase 1","SUB-E006","US-MSR-008-01","AC-MSR-008-01-08","TC-MSR-008-E513778BE3","","No implementation evidence inferred."
"MSR-009-AC39D3BBB9","9","CONTRACT MANAGEMENT","408","normative_prose","Support formal enterprise subscription contracts.","Support formal enterprise subscription contracts.","accepted","deterministic_source_normalization","normalized_atomic","Cross-horizon","Phase 1","SUB-E004","US-MSR-009-01","AC-MSR-009-01-01","TC-MSR-009-AC39D3BBB9","","No implementation evidence inferred."
"MSR-009-36C25C2AE0","9","CONTRACT MANAGEMENT","410","normative_prose","Contract fields should include:","Contract fields should include:.","parent_context","deterministic_source_normalization","context_only","Cross-horizon","Phase 1","","","","","","Retained as context; delivery coverage is carried by child candidates."
"MSR-009-660E135BEF","9","CONTRACT MANAGEMENT","411","bullet","contracting parties","The platform must support contracting parties within contract management.","accepted","deterministic_source_normalization","normalized_atomic","Cross-horizon","Phase 1","SUB-E004","US-MSR-009-01","AC-MSR-009-01-02","TC-MSR-009-660E135BEF","","No implementation evidence inferred."
"MSR-009-CD9CE018B4","9","CONTRACT MANAGEMENT","412","bullet","contract number","The platform must support contract number within contract management.","accepted","deterministic_source_normalization","normalized_atomic","Cross-horizon","Phase 1","SUB-E004","US-MSR-009-01","AC-MSR-009-01-03","TC-MSR-009-CD9CE018B4","","No implementation evidence inferred."
"MSR-009-FAF96B2A57","9","CONTRACT MANAGEMENT","413","bullet","start/end date","The platform must support start/end date within contract management.","accepted","deterministic_source_normalization","normalized_atomic","Cross-horizon","Phase 1","SUB-E004","US-MSR-009-01","AC-MSR-009-01-04","TC-MSR-009-FAF96B2A57","","No implementation evidence inferred."
"MSR-009-71DE48DD10","9","CONTRACT MANAGEMENT","414","bullet","renewal policy","The platform must support renewal policy within contract management.","accepted","deterministic_source_normalization","normalized_atomic","Cross-horizon","Phase 1","SUB-E004","US-MSR-009-01","AC-MSR-009-01-05","TC-MSR-009-71DE48DD10","","No implementation evidence inferred."
"MSR-009-CB28BAE69D","9","CONTRACT MANAGEMENT","415","bullet","notice period","The platform must support notice period within contract management.","accepted","deterministic_source_normalization","normalized_atomic","Cross-horizon","Phase 1","SUB-E004","US-MSR-009-01","AC-MSR-009-01-06","TC-MSR-009-CB28BAE69D","","No implementation evidence inferred."
"MSR-009-B7FC937392","9","CONTRACT MANAGEMENT","416","bullet","minimum commitment","The platform must support minimum commitment within contract management.","accepted","deterministic_source_normalization","normalized_atomic","Cross-horizon","Phase 1","SUB-E004","US-MSR-009-01","AC-MSR-009-01-07","TC-MSR-009-B7FC937392","","No implementation evidence inferred."
"MSR-009-4E2530F941","9","CONTRACT MANAGEMENT","417","bullet","payment terms","The platform must support payment terms within contract management.","accepted","deterministic_source_normalization","normalized_atomic","Cross-horizon","Phase 1","SUB-E004","US-MSR-009-01","AC-MSR-009-01-08","TC-MSR-009-4E2530F941","","No implementation evidence inferred."
"MSR-009-0B5FB08DB6","9","CONTRACT MANAGEMENT","418","bullet","negotiated pricing","The platform must support negotiated pricing within contract management.","accepted","deterministic_source_normalization","normalized_atomic","Cross-horizon","Phase 1","SUB-E004","US-MSR-009-01","AC-MSR-009-01-09","TC-MSR-009-0B5FB08DB6","","No implementation evidence inferred."
"MSR-009-B0E44A481B","9","CONTRACT MANAGEMENT","419","bullet","SLAs","The platform must support SLAs within contract management.","accepted","deterministic_source_normalization","normalized_atomic","Cross-horizon","Phase 1","SUB-E004","US-MSR-009-01","AC-MSR-009-01-10","TC-MSR-009-B0E44A481B","","No implementation evidence inferred."
"MSR-009-14E4802554","9","CONTRACT MANAGEMENT","420","bullet","amendment history","The platform must support amendment history within contract management.","accepted","deterministic_source_normalization","normalized_atomic","Cross-horizon","Phase 1","SUB-E004","US-MSR-009-02","AC-MSR-009-02-01","TC-MSR-009-14E4802554","","No implementation evidence inferred."
"MSR-009-DDCD29C728","9","CONTRACT MANAGEMENT","421","bullet","cancellation terms","The platform must support cancellation terms within contract management.","accepted","deterministic_source_normalization","normalized_atomic","Cross-horizon","Phase 1","SUB-E004","US-MSR-009-02","AC-MSR-009-02-02","TC-MSR-009-DDCD29C728","","No implementation evidence inferred."
"MSR-009-E4BC62F620","9","CONTRACT MANAGEMENT","422","bullet","indexation rules","The platform must support indexation rules within contract management.","accepted","deterministic_source_normalization","normalized_atomic","Cross-horizon","Phase 1","SUB-E004","US-MSR-009-02","AC-MSR-009-02-03","TC-MSR-009-E4BC62F620","","No implementation evidence inferred."
"MSR-009-2F96F4033B","9","CONTRACT MANAGEMENT","423","bullet","purchase-order information.","The platform must support purchase-order information. within contract management.","accepted","deterministic_source_normalization","normalized_atomic","Cross-horizon","Phase 1","SUB-E004","US-MSR-009-02","AC-MSR-009-02-04","TC-MSR-009-2F96F4033B","","No implementation evidence inferred."
"MSR-009-60ED25FCB4","9","CONTRACT MANAGEMENT","425","normative_prose","Support contract amendments without destroying original history.","Support contract amendments without destroying original history.","accepted","deterministic_source_normalization","normalized_atomic","Cross-horizon","Phase 1","SUB-E004","US-MSR-009-02","AC-MSR-009-02-05","TC-MSR-009-60ED25FCB4","","No implementation evidence inferred."
"MSR-009-F3E6C52E10","9","CONTRACT MANAGEMENT","427","contextual_prose","Examples:","Product and implementation decisions must conform to this master-specification constraint: Examples:.","parent_context","deterministic_source_normalization","context_only","Cross-horizon","Phase 1","","","","","","Retained as context; delivery coverage is carried by child candidates."
"MSR-009-BA80593BFF","9","CONTRACT MANAGEMENT","428","bullet","add product","The platform must support add product within contract management.","accepted","deterministic_source_normalization","normalized_atomic","Cross-horizon","Phase 1","SUB-E004","US-MSR-009-02","AC-MSR-009-02-06","TC-MSR-009-BA80593BFF","","No implementation evidence inferred."
"MSR-009-A1314A6355","9","CONTRACT MANAGEMENT","429","bullet","extend term","The platform must support extend term within contract management.","accepted","deterministic_source_normalization","normalized_atomic","Cross-horizon","Phase 1","SUB-E004","US-MSR-009-02","AC-MSR-009-02-07","TC-MSR-009-A1314A6355","","No implementation evidence inferred."
"MSR-009-A5B57BD013","9","CONTRACT MANAGEMENT","430","bullet","modify volume commitment","The platform must support modify volume commitment within contract management.","accepted","deterministic_source_normalization","normalized_atomic","Cross-horizon","Phase 1","SUB-E004","US-MSR-009-02","AC-MSR-009-02-08","TC-MSR-009-A5B57BD013","","No implementation evidence inferred."
"MSR-009-2F82921B0D","9","CONTRACT MANAGEMENT","431","bullet","ramp pricing","The platform must support ramp pricing within contract management.","accepted","deterministic_source_normalization","normalized_atomic","Cross-horizon","Phase 1","SUB-E004","US-MSR-009-02","AC-MSR-009-02-09","TC-MSR-009-2F82921B0D","","No implementation evidence inferred."
"MSR-009-FB003FAD06","9","CONTRACT MANAGEMENT","432","bullet","change billing frequency","The platform must support change billing frequency within contract management.","accepted","deterministic_source_normalization","normalized_atomic","Cross-horizon","Phase 1","SUB-E004","US-MSR-009-02","AC-MSR-009-02-10","TC-MSR-009-FB003FAD06","","No implementation evidence inferred."
"MSR-009-B8CAEBBFEA","9","CONTRACT MANAGEMENT","433","bullet","renegotiate price.","The platform must support renegotiate price. within contract management.","accepted","deterministic_source_normalization","normalized_atomic","Cross-horizon","Phase 1","SUB-E004","US-MSR-009-03","AC-MSR-009-03-01","TC-MSR-009-B8CAEBBFEA","","No implementation evidence inferred."
"MSR-010-B311A13332","10","CPQ / QUOTE-TO-SUBSCRIBE","439","normative_prose","Implement configurable quote management.","Implement configurable quote management.","accepted","deterministic_source_normalization","normalized_atomic","Cross-horizon","Phase 1","SUB-E004","US-MSR-010-01","AC-MSR-010-01-01","TC-MSR-010-B311A13332","","No implementation evidence inferred."
"MSR-010-F7EF169AA3","10","CPQ / QUOTE-TO-SUBSCRIBE","441","contextual_prose","Flow:","Product and implementation decisions must conform to this master-specification constraint: Flow:.","parent_context","deterministic_source_normalization","context_only","Cross-horizon","Phase 1","","","","","","Retained as context; delivery coverage is carried by child candidates."
"MSR-010-C44E5F434D","10","CPQ / QUOTE-TO-SUBSCRIBE","443","contextual_prose","Opportunity → Quote → Configure Product → Price → Discount → Approval → Contract → Subscription.","Product and implementation decisions must conform to this master-specification constraint: Opportunity → Quote → Configure Product → Price → Discount → Approval → Contract → Subscription.","accepted","deterministic_source_normalization","normalized_atomic","Cross-horizon","Phase 1","SUB-E004","US-MSR-010-01","AC-MSR-010-01-02","TC-MSR-010-C44E5F434D","","No implementation evidence inferred."
"MSR-010-137A6ABD99","10","CPQ / QUOTE-TO-SUBSCRIBE","445","normative_prose","Provide guided selling.","Provide guided selling.","accepted","deterministic_source_normalization","normalized_atomic","Cross-horizon","Phase 1","SUB-E004","US-MSR-010-01","AC-MSR-010-01-03","TC-MSR-010-137A6ABD99","","No implementation evidence inferred."
"MSR-010-462E15AE61","10","CPQ / QUOTE-TO-SUBSCRIBE","447","contextual_prose","Examples:","Product and implementation decisions must conform to this master-specification constraint: Examples:.","parent_context","deterministic_source_normalization","context_only","Cross-horizon","Phase 1","","","","","","Retained as context; delivery coverage is carried by child candidates."
"MSR-010-B9816267BC","10","CPQ / QUOTE-TO-SUBSCRIBE","448","bullet","""What package should I sell this customer?""","The platform must support ""What package should I sell this customer?"" within cpq / quote-to-subscribe.","accepted","deterministic_source_normalization","normalized_atomic","Cross-horizon","Phase 1","SUB-E004","US-MSR-010-01","AC-MSR-010-01-04","TC-MSR-010-B9816267BC","","No implementation evidence inferred."
"MSR-010-7148EAAC3E","10","CPQ / QUOTE-TO-SUBSCRIBE","449","bullet","""What discount can I provide without approval?""","The platform must support ""What discount can I provide without approval?"" within cpq / quote-to-subscribe.","accepted","deterministic_source_normalization","normalized_atomic","Cross-horizon","Phase 1","SUB-E004","US-MSR-010-01","AC-MSR-010-01-05","TC-MSR-010-7148EAAC3E","","No implementation evidence inferred."
"MSR-010-C0853F3921","10","CPQ / QUOTE-TO-SUBSCRIBE","450","bullet","""Which bundle produces the best value?""","The platform must support ""Which bundle produces the best value?"" within cpq / quote-to-subscribe.","accepted","deterministic_source_normalization","normalized_atomic","Cross-horizon","Phase 1","SUB-E004","US-MSR-010-01","AC-MSR-010-01-06","TC-MSR-010-C0853F3921","","No implementation evidence inferred."
"MSR-010-4142D8AA1C","10","CPQ / QUOTE-TO-SUBSCRIBE","452","normative_prose","Support integration with:","Support integration with:.","parent_context","deterministic_source_normalization","context_only","Cross-horizon","Phase 1","","","","","","Retained as context; delivery coverage is carried by child candidates."
"MSR-010-7EC3C67B4A","10","CPQ / QUOTE-TO-SUBSCRIBE","453","bullet","Salesforce","The platform must support Salesforce within cpq / quote-to-subscribe.","accepted","deterministic_source_normalization","normalized_atomic","Cross-horizon","Phase 1","SUB-E004","US-MSR-010-01","AC-MSR-010-01-07","TC-MSR-010-7EC3C67B4A","","No implementation evidence inferred."
"MSR-010-3B4373FE49","10","CPQ / QUOTE-TO-SUBSCRIBE","454","bullet","Dynamics","The platform must support Dynamics within cpq / quote-to-subscribe.","accepted","deterministic_source_normalization","normalized_atomic","Cross-horizon","Phase 1","SUB-E004","US-MSR-010-01","AC-MSR-010-01-08","TC-MSR-010-3B4373FE49","","No implementation evidence inferred."
"MSR-010-BE6E86DC82","10","CPQ / QUOTE-TO-SUBSCRIBE","455","bullet","HubSpot","The platform must support HubSpot within cpq / quote-to-subscribe.","accepted","deterministic_source_normalization","normalized_atomic","Cross-horizon","Phase 1","SUB-E004","US-MSR-010-01","AC-MSR-010-01-09","TC-MSR-010-BE6E86DC82","","No implementation evidence inferred."
"MSR-010-7273007C0D","10","CPQ / QUOTE-TO-SUBSCRIBE","456","bullet","SAP","The platform must support SAP within cpq / quote-to-subscribe.","accepted","deterministic_source_normalization","normalized_atomic","Cross-horizon","Phase 1","SUB-E004","US-MSR-010-01","AC-MSR-010-01-10","TC-MSR-010-7273007C0D","","No implementation evidence inferred."
"MSR-010-63C41C9CDB","10","CPQ / QUOTE-TO-SUBSCRIBE","457","bullet","Oracle.","The platform must support Oracle. within cpq / quote-to-subscribe.","accepted","deterministic_source_normalization","normalized_atomic","Cross-horizon","Phase 1","SUB-E004","US-MSR-010-02","AC-MSR-010-02-01","TC-MSR-010-63C41C9CDB","","No implementation evidence inferred."
"MSR-011-B650A94388","11","ENTITLEMENT MANAGEMENT","463","normative_prose","Billing and entitlement must be separate concepts.","Billing and entitlement must be separate concepts.","accepted","deterministic_source_normalization","normalized_atomic","Cross-horizon","Phase 1","SUB-E006","US-MSR-011-01","AC-MSR-011-01-01","TC-MSR-011-B650A94388","","No implementation evidence inferred."
"MSR-011-7FE4350BF9","11","ENTITLEMENT MANAGEMENT","465","contextual_prose","Example:","Product and implementation decisions must conform to this master-specification constraint: Example:.","parent_context","deterministic_source_normalization","context_only","Cross-horizon","Phase 1","","","","","","Retained as context; delivery coverage is carried by child candidates."
"MSR-011-6F71971A30","11","ENTITLEMENT MANAGEMENT","467","contextual_prose","Subscription = Enterprise Plan","Product and implementation decisions must conform to this master-specification constraint: Subscription = Enterprise Plan.","accepted","deterministic_source_normalization","normalized_atomic","Cross-horizon","Phase 1","SUB-E006","US-MSR-011-01","AC-MSR-011-01-02","TC-MSR-011-6F71971A30","","No implementation evidence inferred."
"MSR-011-445A51446D","11","ENTITLEMENT MANAGEMENT","469","contextual_prose","Entitlements:","Product and implementation decisions must conform to this master-specification constraint: Entitlements:.","parent_context","deterministic_source_normalization","context_only","Cross-horizon","Phase 1","","","","","","Retained as context; delivery coverage is carried by child candidates."
"MSR-011-C83CDB879D","11","ENTITLEMENT MANAGEMENT","470","bullet","200 users","The platform must support 200 users within entitlement management.","accepted","deterministic_source_normalization","normalized_atomic","Cross-horizon","Phase 1","SUB-E006","US-MSR-011-01","AC-MSR-011-01-03","TC-MSR-011-C83CDB879D","","No implementation evidence inferred."
"MSR-011-B6B87F14C8","11","ENTITLEMENT MANAGEMENT","471","bullet","analytics enabled","The platform must support analytics enabled within entitlement management.","accepted","deterministic_source_normalization","normalized_atomic","Cross-horizon","Phase 1","SUB-E006","US-MSR-011-01","AC-MSR-011-01-04","TC-MSR-011-B6B87F14C8","","No implementation evidence inferred."
"MSR-011-CD3E6D7493","11","ENTITLEMENT MANAGEMENT","472","bullet","5 TB storage","The platform must support 5 TB storage within entitlement management.","accepted","deterministic_source_normalization","normalized_atomic","Cross-horizon","Phase 1","SUB-E006","US-MSR-011-01","AC-MSR-011-01-05","TC-MSR-011-CD3E6D7493","","No implementation evidence inferred."
"MSR-011-454F29CDA7","11","ENTITLEMENT MANAGEMENT","473","bullet","premium support","The platform must support premium support within entitlement management.","accepted","deterministic_source_normalization","normalized_atomic","Cross-horizon","Phase 1","SUB-E006","US-MSR-011-01","AC-MSR-011-01-06","TC-MSR-011-454F29CDA7","","No implementation evidence inferred."
"MSR-011-4EBE8E3BFA","11","ENTITLEMENT MANAGEMENT","474","bullet","20M monthly API calls.","The platform must support 20M monthly API calls. within entitlement management.","accepted","deterministic_source_normalization","normalized_atomic","Cross-horizon","Phase 1","SUB-E006","US-MSR-011-01","AC-MSR-011-01-07","TC-MSR-011-4EBE8E3BFA","","No implementation evidence inferred."
"MSR-011-A039C48F2E","11","ENTITLEMENT MANAGEMENT","476","normative_prose","Expose entitlement APIs usable by downstream products.","Expose entitlement APIs usable by downstream products.","accepted","deterministic_source_normalization","normalized_atomic","Cross-horizon","Phase 1","SUB-E006","US-MSR-011-01","AC-MSR-011-01-08","TC-MSR-011-A039C48F2E","","No implementation evidence inferred."
"MSR-011-A3293D67D6","11","ENTITLEMENT MANAGEMENT","478","normative_prose","Applications should be able to call:","Applications should be able to call:.","parent_context","deterministic_source_normalization","context_only","Cross-horizon","Phase 1","","","","","","Retained as context; delivery coverage is carried by child candidates."
"MSR-011-EA0C78F659","11","ENTITLEMENT MANAGEMENT","480","contextual_prose","GET /customer/{id}/entitlements","Product and implementation decisions must conform to this master-specification constraint: GET /customer/{id}/entitlements.","accepted","deterministic_source_normalization","normalized_atomic","Cross-horizon","Phase 1","SUB-E006","US-MSR-011-01","AC-MSR-011-01-09","TC-MSR-011-EA0C78F659","","No implementation evidence inferred."
"MSR-011-067B02E3A2","11","ENTITLEMENT MANAGEMENT","482","contextual_prose","to determine what the customer may access.","Product and implementation decisions must conform to this master-specification constraint: to determine what the customer may access.","accepted","deterministic_source_normalization","normalized_atomic","Cross-horizon","Phase 1","SUB-E006","US-MSR-011-01","AC-MSR-011-01-10","TC-MSR-011-067B02E3A2","","No implementation evidence inferred."
"MSR-012-D4C7038840","12","USAGE & METERING ENGINE","488","contextual_prose","Create a hyperscale event ingestion layer.","Product and implementation decisions must conform to this master-specification constraint: Create a hyperscale event ingestion layer.","accepted","deterministic_source_normalization","normalized_atomic","Cross-horizon","Phase 2","SUB-E011","US-MSR-012-01","AC-MSR-012-01-01","TC-MSR-012-D4C7038840","","No implementation evidence inferred."
"MSR-012-A7B43D24E8","12","USAGE & METERING ENGINE","490","normative_prose","Support events such as:","Support events such as:.","parent_context","deterministic_source_normalization","context_only","Cross-horizon","Phase 2","","","","","","Retained as context; delivery coverage is carried by child candidates."
"MSR-012-B291848AAE","12","USAGE & METERING ENGINE","491","bullet","API_CALL","The platform must support API_CALL within usage & metering engine.","accepted","deterministic_source_normalization","normalized_atomic","Cross-horizon","Phase 2","SUB-E011","US-MSR-012-01","AC-MSR-012-01-02","TC-MSR-012-B291848AAE","","No implementation evidence inferred."
"MSR-012-FD9E79FDFB","12","USAGE & METERING ENGINE","492","bullet","AI_TOKEN","The platform must support AI_TOKEN within usage & metering engine.","accepted","deterministic_source_normalization","normalized_atomic","Cross-horizon","Phase 2","SUB-E011","US-MSR-012-01","AC-MSR-012-01-03","TC-MSR-012-FD9E79FDFB","","No implementation evidence inferred."
"MSR-012-2781CE0750","12","USAGE & METERING ENGINE","493","bullet","STORAGE_GB_HOUR","The platform must support STORAGE_GB_HOUR within usage & metering engine.","accepted","deterministic_source_normalization","normalized_atomic","Cross-horizon","Phase 2","SUB-E011","US-MSR-012-01","AC-MSR-012-01-04","TC-MSR-012-2781CE0750","","No implementation evidence inferred."
"MSR-012-B6EDFEA4F6","12","USAGE & METERING ENGINE","494","bullet","ENERGY_KWH","The platform must support ENERGY_KWH within usage & metering engine.","accepted","deterministic_source_normalization","normalized_atomic","Cross-horizon","Phase 2","SUB-E011","US-MSR-012-01","AC-MSR-012-01-05","TC-MSR-012-B6EDFEA4F6","","No implementation evidence inferred."
"MSR-012-C3946AB7D6","12","USAGE & METERING ENGINE","495","bullet","MESSAGE_SENT","The platform must support MESSAGE_SENT within usage & metering engine.","accepted","deterministic_source_normalization","normalized_atomic","Cross-horizon","Phase 2","SUB-E011","US-MSR-012-01","AC-MSR-012-01-06","TC-MSR-012-C3946AB7D6","","No implementation evidence inferred."
"MSR-012-5CD477B6DD","12","USAGE & METERING ENGINE","496","bullet","TRANSACTION","The platform must support TRANSACTION within usage & metering engine.","accepted","deterministic_source_normalization","normalized_atomic","Cross-horizon","Phase 2","SUB-E011","US-MSR-012-01","AC-MSR-012-01-07","TC-MSR-012-5CD477B6DD","","No implementation evidence inferred."
"MSR-012-B3A2A8EDE8","12","USAGE & METERING ENGINE","497","bullet","STREAM_MINUTE","The platform must support STREAM_MINUTE within usage & metering engine.","accepted","deterministic_source_normalization","normalized_atomic","Cross-horizon","Phase 2","SUB-E011","US-MSR-012-01","AC-MSR-012-01-08","TC-MSR-012-B3A2A8EDE8","","No implementation evidence inferred."
"MSR-012-C960B2EA3C","12","USAGE & METERING ENGINE","498","bullet","ACTIVE_USER","The platform must support ACTIVE_USER within usage & metering engine.","accepted","deterministic_source_normalization","normalized_atomic","Cross-horizon","Phase 2","SUB-E011","US-MSR-012-01","AC-MSR-012-01-09","TC-MSR-012-C960B2EA3C","","No implementation evidence inferred."
"MSR-012-0E0BADFBF0","12","USAGE & METERING ENGINE","499","bullet","DEVICE_HOUR.","The platform must support DEVICE_HOUR. within usage & metering engine.","accepted","deterministic_source_normalization","normalized_atomic","Cross-horizon","Phase 2","SUB-E011","US-MSR-012-01","AC-MSR-012-01-10","TC-MSR-012-0E0BADFBF0","","No implementation evidence inferred."
"MSR-012-E66ECC96CE","12","USAGE & METERING ENGINE","501","normative_prose","Events must contain:","Events must contain:.","parent_context","deterministic_source_normalization","context_only","Cross-horizon","Phase 2","","","","","","Retained as context; delivery coverage is carried by child candidates."
"MSR-012-73BF621820","12","USAGE & METERING ENGINE","503","bullet","event_id","The platform must support event_id within usage & metering engine.","accepted","deterministic_source_normalization","normalized_atomic","Cross-horizon","Phase 2","SUB-E011","US-MSR-012-02","AC-MSR-012-02-01","TC-MSR-012-73BF621820","","No implementation evidence inferred."
"MSR-012-8BD9E081B2","12","USAGE & METERING ENGINE","504","bullet","timestamp","The platform must support timestamp within usage & metering engine.","accepted","deterministic_source_normalization","normalized_atomic","Cross-horizon","Phase 2","SUB-E011","US-MSR-012-02","AC-MSR-012-02-02","TC-MSR-012-8BD9E081B2","","No implementation evidence inferred."
"MSR-012-8B6891DF1C","12","USAGE & METERING ENGINE","505","bullet","customer_id","The platform must support customer_id within usage & metering engine.","accepted","deterministic_source_normalization","normalized_atomic","Cross-horizon","Phase 2","SUB-E011","US-MSR-012-02","AC-MSR-012-02-03","TC-MSR-012-8B6891DF1C","","No implementation evidence inferred."
"MSR-012-BF87108002","12","USAGE & METERING ENGINE","506","bullet","subscription_id","The platform must support subscription_id within usage & metering engine.","accepted","deterministic_source_normalization","normalized_atomic","Cross-horizon","Phase 2","SUB-E011","US-MSR-012-02","AC-MSR-012-02-04","TC-MSR-012-BF87108002","","No implementation evidence inferred."
"MSR-012-34D7DB7C89","12","USAGE & METERING ENGINE","507","bullet","meter_id","The platform must support meter_id within usage & metering engine.","accepted","deterministic_source_normalization","normalized_atomic","Cross-horizon","Phase 2","SUB-E011","US-MSR-012-02","AC-MSR-012-02-05","TC-MSR-012-34D7DB7C89","","No implementation evidence inferred."
"MSR-012-1DE042B24A","12","USAGE & METERING ENGINE","508","bullet","quantity","The platform must support quantity within usage & metering engine.","accepted","deterministic_source_normalization","normalized_atomic","Cross-horizon","Phase 2","SUB-E011","US-MSR-012-02","AC-MSR-012-02-06","TC-MSR-012-1DE042B24A","","No implementation evidence inferred."
"MSR-012-D68F4C30BF","12","USAGE & METERING ENGINE","509","bullet","dimensions","The platform must support dimensions within usage & metering engine.","accepted","deterministic_source_normalization","normalized_atomic","Cross-horizon","Phase 2","SUB-E011","US-MSR-012-02","AC-MSR-012-02-07","TC-MSR-012-D68F4C30BF","","No implementation evidence inferred."
"MSR-012-271FE1BCC9","12","USAGE & METERING ENGINE","510","bullet","source","The platform must support source within usage & metering engine.","accepted","deterministic_source_normalization","normalized_atomic","Cross-horizon","Phase 2","SUB-E011","US-MSR-012-02","AC-MSR-012-02-08","TC-MSR-012-271FE1BCC9","","No implementation evidence inferred."
"MSR-012-C8649F6B0E","12","USAGE & METERING ENGINE","512","contextual_prose","Examples of dimensions:","Product and implementation decisions must conform to this master-specification constraint: Examples of dimensions:.","parent_context","deterministic_source_normalization","context_only","Cross-horizon","Phase 2","","","","","","Retained as context; delivery coverage is carried by child candidates."
"MSR-012-4C321E18DC","12","USAGE & METERING ENGINE","513","bullet","region","The platform must support region within usage & metering engine.","accepted","deterministic_source_normalization","normalized_atomic","Cross-horizon","Phase 2","SUB-E011","US-MSR-012-02","AC-MSR-012-02-09","TC-MSR-012-4C321E18DC","","No implementation evidence inferred."
"MSR-012-8776F69794","12","USAGE & METERING ENGINE","514","bullet","model","The platform must support model within usage & metering engine.","accepted","deterministic_source_normalization","normalized_atomic","Cross-horizon","Phase 2","SUB-E011","US-MSR-012-02","AC-MSR-012-02-10","TC-MSR-012-8776F69794","","No implementation evidence inferred."
"MSR-012-651E8132C5","12","USAGE & METERING ENGINE","515","bullet","device","The platform must support device within usage & metering engine.","accepted","deterministic_source_normalization","normalized_atomic","Cross-horizon","Phase 2","SUB-E011","US-MSR-012-03","AC-MSR-012-03-01","TC-MSR-012-651E8132C5","","No implementation evidence inferred."
"MSR-012-97371D66B6","12","USAGE & METERING ENGINE","516","bullet","product","The platform must support product within usage & metering engine.","accepted","deterministic_source_normalization","normalized_atomic","Cross-horizon","Phase 2","SUB-E011","US-MSR-012-03","AC-MSR-012-03-02","TC-MSR-012-97371D66B6","","No implementation evidence inferred."
"MSR-012-DA38A4F5E1","12","USAGE & METERING ENGINE","517","bullet","service tier.","The platform must support service tier. within usage & metering engine.","accepted","deterministic_source_normalization","normalized_atomic","Cross-horizon","Phase 2","SUB-E011","US-MSR-012-03","AC-MSR-012-03-03","TC-MSR-012-DA38A4F5E1","","No implementation evidence inferred."
"MSR-012-6F7027F041","12","USAGE & METERING ENGINE","519","normative_prose","The platform must detect:","The platform must detect:.","parent_context","deterministic_source_normalization","context_only","Cross-horizon","Phase 2","","","","","","Retained as context; delivery coverage is carried by child candidates."
"MSR-012-BDB5EAA164","12","USAGE & METERING ENGINE","520","bullet","duplicates","The platform must support duplicates within usage & metering engine.","accepted","deterministic_source_normalization","normalized_atomic","Cross-horizon","Phase 2","SUB-E011","US-MSR-012-03","AC-MSR-012-03-04","TC-MSR-012-BDB5EAA164","","No implementation evidence inferred."
"MSR-012-1A5D7F4743","12","USAGE & METERING ENGINE","521","bullet","missing events","The platform must support missing events within usage & metering engine.","accepted","deterministic_source_normalization","normalized_atomic","Cross-horizon","Phase 2","SUB-E011","US-MSR-012-03","AC-MSR-012-03-05","TC-MSR-012-1A5D7F4743","","No implementation evidence inferred."
"MSR-012-1E45058029","12","USAGE & METERING ENGINE","522","bullet","late events","The platform must support late events within usage & metering engine.","accepted","deterministic_source_normalization","normalized_atomic","Cross-horizon","Phase 2","SUB-E011","US-MSR-012-03","AC-MSR-012-03-06","TC-MSR-012-1E45058029","","No implementation evidence inferred."
"MSR-012-3A91BA33AB","12","USAGE & METERING ENGINE","523","bullet","malformed events","The platform must support malformed events within usage & metering engine.","accepted","deterministic_source_normalization","normalized_atomic","Cross-horizon","Phase 2","SUB-E011","US-MSR-012-03","AC-MSR-012-03-07","TC-MSR-012-3A91BA33AB","","No implementation evidence inferred."
"MSR-012-E30D14C4C8","12","USAGE & METERING ENGINE","524","bullet","outliers.","The platform must support outliers. within usage & metering engine.","accepted","deterministic_source_normalization","normalized_atomic","Cross-horizon","Phase 2","SUB-E011","US-MSR-012-03","AC-MSR-012-03-08","TC-MSR-012-E30D14C4C8","","No implementation evidence inferred."
"MSR-012-F250A8CC80","12","USAGE & METERING ENGINE","526","normative_prose","Support event corrections without destroying audit history.","Support event corrections without destroying audit history.","accepted","deterministic_source_normalization","normalized_atomic","Cross-horizon","Phase 2","SUB-E011","US-MSR-012-03","AC-MSR-012-03-09","TC-MSR-012-F250A8CC80","","No implementation evidence inferred."
"MSR-013-A737DC7C57","13","REAL-TIME RATING ENGINE","532","normative_prose","Usage should optionally be priced immediately.","Usage should optionally be priced immediately.","accepted","deterministic_source_normalization","normalized_atomic","Cross-horizon","Phase 2","SUB-E011","US-MSR-013-01","AC-MSR-013-01-01","TC-MSR-013-A737DC7C57","","No implementation evidence inferred."
"MSR-013-1AFE45BF26","13","REAL-TIME RATING ENGINE","534","contextual_prose","Pipeline:","Product and implementation decisions must conform to this master-specification constraint: Pipeline:.","parent_context","deterministic_source_normalization","context_only","Cross-horizon","Phase 2","","","","","","Retained as context; delivery coverage is carried by child candidates."
"MSR-013-534D697521","13","REAL-TIME RATING ENGINE","536","contextual_prose","Usage Event → Validate → Enrich → Aggregate → Apply Allowance → Rate → Discount → Tax Classification → Charge Event.","Product and implementation decisions must conform to this master-specification constraint: Usage Event → Validate → Enrich → Aggregate → Apply Allowance → Rate → Discount → Tax Classification → Charge Event.","accepted","deterministic_source_normalization","normalized_atomic","Cross-horizon","Phase 2","SUB-E011","US-MSR-013-01","AC-MSR-013-01-02","TC-MSR-013-534D697521","","No implementation evidence inferred."
"MSR-013-88A68D5902","13","REAL-TIME RATING ENGINE","538","normative_prose","Support millions of events per minute horizontally.","Support millions of events per minute horizontally.","accepted","deterministic_source_normalization","normalized_atomic","Cross-horizon","Phase 2","SUB-E011","US-MSR-013-01","AC-MSR-013-01-03","TC-MSR-013-88A68D5902","","No implementation evidence inferred."
"MSR-013-26460C5C03","13","REAL-TIME RATING ENGINE","540","normative_prose","Rating must be:","Rating must be:.","parent_context","deterministic_source_normalization","context_only","Cross-horizon","Phase 2","","","","","","Retained as context; delivery coverage is carried by child candidates."
"MSR-013-8DE182F6EF","13","REAL-TIME RATING ENGINE","541","bullet","deterministic","The platform must support deterministic within real-time rating engine.","accepted","deterministic_source_normalization","normalized_atomic","Cross-horizon","Phase 2","SUB-E011","US-MSR-013-01","AC-MSR-013-01-04","TC-MSR-013-8DE182F6EF","","No implementation evidence inferred."
"MSR-013-808F5B516A","13","REAL-TIME RATING ENGINE","542","bullet","idempotent","The platform must support idempotent within real-time rating engine.","accepted","deterministic_source_normalization","normalized_atomic","Cross-horizon","Phase 2","SUB-E011","US-MSR-013-01","AC-MSR-013-01-05","TC-MSR-013-808F5B516A","","No implementation evidence inferred."
"MSR-013-3021BACAF2","13","REAL-TIME RATING ENGINE","543","bullet","explainable","The platform must support explainable within real-time rating engine.","accepted","deterministic_source_normalization","normalized_atomic","Cross-horizon","Phase 2","SUB-E011","US-MSR-013-01","AC-MSR-013-01-06","TC-MSR-013-3021BACAF2","","No implementation evidence inferred."
"MSR-013-04C32ED2AD","13","REAL-TIME RATING ENGINE","544","bullet","replayable.","The platform must support replayable. within real-time rating engine.","accepted","deterministic_source_normalization","normalized_atomic","Cross-horizon","Phase 2","SUB-E011","US-MSR-013-01","AC-MSR-013-01-07","TC-MSR-013-04C32ED2AD","","No implementation evidence inferred."
"MSR-014-B2276C9944","14","BILLING ENGINE","550","normative_prose","Support:","Support:.","parent_context","deterministic_source_normalization","context_only","Cross-horizon","Phase 2","","","","","","Retained as context; delivery coverage is carried by child candidates."
"MSR-014-C0058B4146","14","BILLING ENGINE","551","bullet","anniversary billing","The platform must support anniversary billing within billing engine.","accepted","deterministic_source_normalization","normalized_atomic","Cross-horizon","Phase 2","SUB-E007","US-MSR-014-01","AC-MSR-014-01-01","TC-MSR-014-C0058B4146","","No implementation evidence inferred."
"MSR-014-2B92D7D740","14","BILLING ENGINE","552","bullet","calendar billing","The platform must support calendar billing within billing engine.","accepted","deterministic_source_normalization","normalized_atomic","Cross-horizon","Phase 2","SUB-E007","US-MSR-014-01","AC-MSR-014-01-02","TC-MSR-014-2B92D7D740","","No implementation evidence inferred."
"MSR-014-F8181BE634","14","BILLING ENGINE","553","bullet","daily","The platform must support daily within billing engine.","accepted","deterministic_source_normalization","normalized_atomic","Cross-horizon","Phase 2","SUB-E007","US-MSR-014-01","AC-MSR-014-01-03","TC-MSR-014-F8181BE634","","No implementation evidence inferred."
"MSR-014-81B9BC1E8E","14","BILLING ENGINE","554","bullet","weekly","The platform must support weekly within billing engine.","accepted","deterministic_source_normalization","normalized_atomic","Cross-horizon","Phase 2","SUB-E007","US-MSR-014-01","AC-MSR-014-01-04","TC-MSR-014-81B9BC1E8E","","No implementation evidence inferred."
"MSR-014-B40A638965","14","BILLING ENGINE","555","bullet","monthly","The platform must support monthly within billing engine.","accepted","deterministic_source_normalization","normalized_atomic","Cross-horizon","Phase 2","SUB-E007","US-MSR-014-01","AC-MSR-014-01-05","TC-MSR-014-B40A638965","","No implementation evidence inferred."
"MSR-014-F2ED30C2B8","14","BILLING ENGINE","556","bullet","quarterly","The platform must support quarterly within billing engine.","accepted","deterministic_source_normalization","normalized_atomic","Cross-horizon","Phase 2","SUB-E007","US-MSR-014-01","AC-MSR-014-01-06","TC-MSR-014-F2ED30C2B8","","No implementation evidence inferred."
"MSR-014-1BF7DF7566","14","BILLING ENGINE","557","bullet","semiannual","The platform must support semiannual within billing engine.","accepted","deterministic_source_normalization","normalized_atomic","Cross-horizon","Phase 2","SUB-E007","US-MSR-014-01","AC-MSR-014-01-07","TC-MSR-014-1BF7DF7566","","No implementation evidence inferred."
"MSR-014-9E27A53F0F","14","BILLING ENGINE","558","bullet","annual","The platform must support annual within billing engine.","accepted","deterministic_source_normalization","normalized_atomic","Cross-horizon","Phase 2","SUB-E007","US-MSR-014-01","AC-MSR-014-01-08","TC-MSR-014-9E27A53F0F","","No implementation evidence inferred."
"MSR-014-3D5A483FE8","14","BILLING ENGINE","559","bullet","custom billing schedules","The platform must support custom billing schedules within billing engine.","accepted","deterministic_source_normalization","normalized_atomic","Cross-horizon","Phase 2","SUB-E007","US-MSR-014-01","AC-MSR-014-01-09","TC-MSR-014-3D5A483FE8","","No implementation evidence inferred."
"MSR-014-E869D2067E","14","BILLING ENGINE","560","bullet","milestone billing","The platform must support milestone billing within billing engine.","accepted","deterministic_source_normalization","normalized_atomic","Cross-horizon","Phase 2","SUB-E007","US-MSR-014-01","AC-MSR-014-01-10","TC-MSR-014-E869D2067E","","No implementation evidence inferred."
"MSR-014-C540C96E82","14","BILLING ENGINE","561","bullet","event-triggered billing.","The platform must support event-triggered billing. within billing engine.","accepted","deterministic_source_normalization","normalized_atomic","Cross-horizon","Phase 2","SUB-E007","US-MSR-014-02","AC-MSR-014-02-01","TC-MSR-014-C540C96E82","","No implementation evidence inferred."
"MSR-014-D86D656C6D","14","BILLING ENGINE","563","normative_prose","Support billing in:","Support billing in:.","parent_context","deterministic_source_normalization","context_only","Cross-horizon","Phase 2","","","","","","Retained as context; delivery coverage is carried by child candidates."
"MSR-014-193A21B64C","14","BILLING ENGINE","564","bullet","advance","The platform must support advance within billing engine.","accepted","deterministic_source_normalization","normalized_atomic","Cross-horizon","Phase 2","SUB-E007","US-MSR-014-02","AC-MSR-014-02-02","TC-MSR-014-193A21B64C","","No implementation evidence inferred."
"MSR-014-4398502648","14","BILLING ENGINE","565","bullet","arrears","The platform must support arrears within billing engine.","accepted","deterministic_source_normalization","normalized_atomic","Cross-horizon","Phase 2","SUB-E007","US-MSR-014-02","AC-MSR-014-02-03","TC-MSR-014-4398502648","","No implementation evidence inferred."
"MSR-014-B981EE653F","14","BILLING ENGINE","566","bullet","mixed mode.","The platform must support mixed mode. within billing engine.","accepted","deterministic_source_normalization","normalized_atomic","Cross-horizon","Phase 2","SUB-E007","US-MSR-014-02","AC-MSR-014-02-04","TC-MSR-014-B981EE653F","","No implementation evidence inferred."
"MSR-014-172789481D","14","BILLING ENGINE","568","contextual_prose","Handle:","Product and implementation decisions must conform to this master-specification constraint: Handle:.","parent_context","deterministic_source_normalization","context_only","Cross-horizon","Phase 2","","","","","","Retained as context; delivery coverage is carried by child candidates."
"MSR-014-3E795349CB","14","BILLING ENGINE","569","bullet","proration","The platform must support proration within billing engine.","accepted","deterministic_source_normalization","normalized_atomic","Cross-horizon","Phase 2","SUB-E007","US-MSR-014-02","AC-MSR-014-02-05","TC-MSR-014-3E795349CB","","No implementation evidence inferred."
"MSR-014-C4DDBE6528","14","BILLING ENGINE","570","bullet","partial periods","The platform must support partial periods within billing engine.","accepted","deterministic_source_normalization","normalized_atomic","Cross-horizon","Phase 2","SUB-E007","US-MSR-014-02","AC-MSR-014-02-06","TC-MSR-014-C4DDBE6528","","No implementation evidence inferred."
"MSR-014-3C9C7817E8","14","BILLING ENGINE","571","bullet","adjustments","The platform must support adjustments within billing engine.","accepted","deterministic_source_normalization","normalized_atomic","Cross-horizon","Phase 2","SUB-E007","US-MSR-014-02","AC-MSR-014-02-07","TC-MSR-014-3C9C7817E8","","No implementation evidence inferred."
"MSR-014-538BA10FF9","14","BILLING ENGINE","572","bullet","reversals","The platform must support reversals within billing engine.","accepted","deterministic_source_normalization","normalized_atomic","Cross-horizon","Phase 2","SUB-E007","US-MSR-014-02","AC-MSR-014-02-08","TC-MSR-014-538BA10FF9","","No implementation evidence inferred."
"MSR-014-C1638BB678","14","BILLING ENGINE","573","bullet","credits","The platform must support credits within billing engine.","accepted","deterministic_source_normalization","normalized_atomic","Cross-horizon","Phase 2","SUB-E007","US-MSR-014-02","AC-MSR-014-02-09","TC-MSR-014-C1638BB678","","No implementation evidence inferred."
"MSR-014-991DE183A4","14","BILLING ENGINE","574","bullet","refunds","The platform must support refunds within billing engine.","accepted","deterministic_source_normalization","normalized_atomic","Cross-horizon","Phase 2","SUB-E007","US-MSR-014-02","AC-MSR-014-02-10","TC-MSR-014-991DE183A4","","No implementation evidence inferred."
"MSR-014-DE33DAEC5B","14","BILLING ENGINE","575","bullet","write-offs","The platform must support write-offs within billing engine.","accepted","deterministic_source_normalization","normalized_atomic","Cross-horizon","Phase 2","SUB-E007","US-MSR-014-03","AC-MSR-014-03-01","TC-MSR-014-DE33DAEC5B","","No implementation evidence inferred."
"MSR-014-053447F4A2","14","BILLING ENGINE","576","bullet","deposits.","The platform must support deposits. within billing engine.","accepted","deterministic_source_normalization","normalized_atomic","Cross-horizon","Phase 2","SUB-E007","US-MSR-014-03","AC-MSR-014-03-02","TC-MSR-014-053447F4A2","","No implementation evidence inferred."
"MSR-015-4990A9107D","15","BILL PREVIEW","582","normative_prose","Before finalizing any invoice allow:","Before finalizing any invoice allow:.","parent_context","deterministic_source_normalization","context_only","Cross-horizon","Phase 2","","","","","","Retained as context; delivery coverage is carried by child candidates."
"MSR-015-9D5E2E5B12","15","BILL PREVIEW","584","contextual_prose","Preview Invoice.","Product and implementation decisions must conform to this master-specification constraint: Preview Invoice.","accepted","deterministic_source_normalization","normalized_atomic","Cross-horizon","Phase 2","SUB-E007","US-MSR-015-01","AC-MSR-015-01-01","TC-MSR-015-9D5E2E5B12","","No implementation evidence inferred."
"MSR-015-1BC78656E2","15","BILL PREVIEW","586","contextual_prose","Show:","Product and implementation decisions must conform to this master-specification constraint: Show:.","parent_context","deterministic_source_normalization","context_only","Cross-horizon","Phase 2","","","","","","Retained as context; delivery coverage is carried by child candidates."
"MSR-015-44EB22C5F1","15","BILL PREVIEW","588","contextual_prose","Subscription → usage → pricing rule → discounts → credits → tax → invoice amount.","Product and implementation decisions must conform to this master-specification constraint: Subscription → usage → pricing rule → discounts → credits → tax → invoice amount.","accepted","deterministic_source_normalization","normalized_atomic","Cross-horizon","Phase 2","SUB-E007","US-MSR-015-01","AC-MSR-015-01-02","TC-MSR-015-44EB22C5F1","","No implementation evidence inferred."
"MSR-015-4F9B3A6E45","15","BILL PREVIEW","590","normative_prose","Finance users must be able to inspect the calculation tree.","Finance users must be able to inspect the calculation tree.","accepted","deterministic_source_normalization","normalized_atomic","Cross-horizon","Phase 2","SUB-E007","US-MSR-015-01","AC-MSR-015-01-03","TC-MSR-015-4F9B3A6E45","","No implementation evidence inferred."
"MSR-015-8BDA69AEE9","15","BILL PREVIEW","592","normative_prose","Implement:","Implement:.","parent_context","deterministic_source_normalization","context_only","Cross-horizon","Phase 2","","","","","","Retained as context; delivery coverage is carried by child candidates."
"MSR-015-A46EDB45B7","15","BILL PREVIEW","594","contextual_prose","""Why is this charge ₹7,842?","Product and implementation decisions must conform to this master-specification constraint: ""Why is this charge ₹7,842?","accepted","deterministic_source_normalization","normalized_atomic","Cross-horizon","Phase 2","SUB-E007","US-MSR-015-01","AC-MSR-015-01-04","TC-MSR-015-A46EDB45B7","","No implementation evidence inferred."
"MSR-015-BB4FAFB48C","15","BILL PREVIEW","596","normative_prose","The system should provide a deterministic explanation rather than an AI hallucination.","The system should provide a deterministic explanation rather than an AI hallucination.","accepted","deterministic_source_normalization","normalized_atomic","Cross-horizon","Phase 2","SUB-E007","US-MSR-015-01","AC-MSR-015-01-05","TC-MSR-015-BB4FAFB48C","","No implementation evidence inferred."
"MSR-016-36738B61F7","16","CONVERGENT INVOICING","602","normative_prose","Multiple subscription or charge streams should be combinable.","Multiple subscription or charge streams should be combinable.","accepted","deterministic_source_normalization","normalized_atomic","Cross-horizon","Phase 2","SUB-E008","US-MSR-016-01","AC-MSR-016-01-01","TC-MSR-016-36738B61F7","","No implementation evidence inferred."
"MSR-016-8580D93194","16","CONVERGENT INVOICING","604","contextual_prose","Example:","Product and implementation decisions must conform to this master-specification constraint: Example:.","parent_context","deterministic_source_normalization","context_only","Cross-horizon","Phase 2","","","","","","Retained as context; delivery coverage is carried by child candidates."
"MSR-016-515B181B81","16","CONVERGENT INVOICING","606","contextual_prose","Customer has:","Product and implementation decisions must conform to this master-specification constraint: Customer has:.","parent_context","deterministic_source_normalization","context_only","Cross-horizon","Phase 2","","","","","","Retained as context; delivery coverage is carried by child candidates."
"MSR-016-24D9759E75","16","CONVERGENT INVOICING","607","bullet","Internet","The platform must support Internet within convergent invoicing.","accepted","deterministic_source_normalization","normalized_atomic","Cross-horizon","Phase 2","SUB-E008","US-MSR-016-01","AC-MSR-016-01-02","TC-MSR-016-24D9759E75","","No implementation evidence inferred."
"MSR-016-26BBE24E7B","16","CONVERGENT INVOICING","608","bullet","Cloud Storage","The platform must support Cloud Storage within convergent invoicing.","accepted","deterministic_source_normalization","normalized_atomic","Cross-horizon","Phase 2","SUB-E008","US-MSR-016-01","AC-MSR-016-01-03","TC-MSR-016-26BBE24E7B","","No implementation evidence inferred."
"MSR-016-96427455D0","16","CONVERGENT INVOICING","609","bullet","Mobile","The platform must support Mobile within convergent invoicing.","accepted","deterministic_source_normalization","normalized_atomic","Cross-horizon","Phase 2","SUB-E008","US-MSR-016-01","AC-MSR-016-01-04","TC-MSR-016-96427455D0","","No implementation evidence inferred."
"MSR-016-E7E3F7D0FB","16","CONVERGENT INVOICING","610","bullet","AI Services","The platform must support AI Services within convergent invoicing.","accepted","deterministic_source_normalization","normalized_atomic","Cross-horizon","Phase 2","SUB-E008","US-MSR-016-01","AC-MSR-016-01-05","TC-MSR-016-E7E3F7D0FB","","No implementation evidence inferred."
"MSR-016-319E2007BA","16","CONVERGENT INVOICING","611","bullet","Support","The platform must support Support within convergent invoicing.","accepted","deterministic_source_normalization","normalized_atomic","Cross-horizon","Phase 2","SUB-E008","US-MSR-016-01","AC-MSR-016-01-06","TC-MSR-016-319E2007BA","","No implementation evidence inferred."
"MSR-016-EBA2B1C163","16","CONVERGENT INVOICING","613","normative_prose","Allow:","Allow:.","parent_context","deterministic_source_normalization","context_only","Cross-horizon","Phase 2","","","","","","Retained as context; delivery coverage is carried by child candidates."
"MSR-016-81754AB1DB","16","CONVERGENT INVOICING","614","bullet","one invoice","The platform must support one invoice within convergent invoicing.","accepted","deterministic_source_normalization","normalized_atomic","Cross-horizon","Phase 2","SUB-E008","US-MSR-016-01","AC-MSR-016-01-07","TC-MSR-016-81754AB1DB","","No implementation evidence inferred."
"MSR-016-7A0BF84B17","16","CONVERGENT INVOICING","615","bullet","or multiple invoices","The platform must support or multiple invoices within convergent invoicing.","accepted","deterministic_source_normalization","normalized_atomic","Cross-horizon","Phase 2","SUB-E008","US-MSR-016-01","AC-MSR-016-01-08","TC-MSR-016-7A0BF84B17","","No implementation evidence inferred."
"MSR-016-22C75AE184","16","CONVERGENT INVOICING","617","contextual_prose","based upon configurable invoice-grouping rules.","Product and implementation decisions must conform to this master-specification constraint: based upon configurable invoice-grouping rules.","accepted","deterministic_source_normalization","normalized_atomic","Cross-horizon","Phase 2","SUB-E008","US-MSR-016-01","AC-MSR-016-01-09","TC-MSR-016-22C75AE184","","No implementation evidence inferred."
"MSR-016-23652FDB5D","16","CONVERGENT INVOICING","619","contextual_prose","Group by:","Product and implementation decisions must conform to this master-specification constraint: Group by:.","parent_context","deterministic_source_normalization","context_only","Cross-horizon","Phase 2","","","","","","Retained as context; delivery coverage is carried by child candidates."
"MSR-016-E619A3E945","16","CONVERGENT INVOICING","620","bullet","account","The platform must support account within convergent invoicing.","accepted","deterministic_source_normalization","normalized_atomic","Cross-horizon","Phase 2","SUB-E008","US-MSR-016-01","AC-MSR-016-01-10","TC-MSR-016-E619A3E945","","No implementation evidence inferred."
"MSR-016-2C695FFB32","16","CONVERGENT INVOICING","621","bullet","legal entity","The platform must support legal entity within convergent invoicing.","accepted","deterministic_source_normalization","normalized_atomic","Cross-horizon","Phase 2","SUB-E008","US-MSR-016-02","AC-MSR-016-02-01","TC-MSR-016-2C695FFB32","","No implementation evidence inferred."
"MSR-016-D5B38D3034","16","CONVERGENT INVOICING","623","bullet","currency","The platform must support currency within convergent invoicing.","accepted","deterministic_source_normalization","normalized_atomic","Cross-horizon","Phase 2","SUB-E008","US-MSR-016-02","AC-MSR-016-02-02","TC-MSR-016-D5B38D3034","","No implementation evidence inferred."
"MSR-016-D47E958FAF","16","CONVERGENT INVOICING","624","bullet","business unit","The platform must support business unit within convergent invoicing.","accepted","deterministic_source_normalization","normalized_atomic","Cross-horizon","Phase 2","SUB-E008","US-MSR-016-02","AC-MSR-016-02-03","TC-MSR-016-D47E958FAF","","No implementation evidence inferred."
"MSR-016-82A99D4928","16","CONVERGENT INVOICING","625","bullet","contract","The platform must support contract within convergent invoicing.","accepted","deterministic_source_normalization","normalized_atomic","Cross-horizon","Phase 2","SUB-E008","US-MSR-016-02","AC-MSR-016-02-04","TC-MSR-016-82A99D4928","","No implementation evidence inferred."
"MSR-016-33EC65460C","16","CONVERGENT INVOICING","626","bullet","product family.","The platform must support product family. within convergent invoicing.","accepted","deterministic_source_normalization","normalized_atomic","Cross-horizon","Phase 2","SUB-E008","US-MSR-016-02","AC-MSR-016-02-05","TC-MSR-016-33EC65460C","","No implementation evidence inferred."
"MSR-017-585B499483","17","INVOICE EXPERIENCE","632","normative_prose","Invoices must be interactive rather than merely PDFs.","Invoices must be interactive rather than merely PDFs.","accepted","deterministic_source_normalization","normalized_atomic","Cross-horizon","Phase 2","SUB-E008","US-MSR-017-01","AC-MSR-017-01-01","TC-MSR-017-585B499483","","No implementation evidence inferred."
"MSR-017-093CE600BF","17","INVOICE EXPERIENCE","634","normative_prose","Subscriber should be able to click a charge and inspect:","Subscriber should be able to click a charge and inspect:.","parent_context","deterministic_source_normalization","context_only","Cross-horizon","Phase 2","","","","","","Retained as context; delivery coverage is carried by child candidates."
"MSR-017-36A0E55E6D","17","INVOICE EXPERIENCE","635","bullet","usage","The platform must support usage within invoice experience.","accepted","deterministic_source_normalization","normalized_atomic","Cross-horizon","Phase 2","SUB-E008","US-MSR-017-01","AC-MSR-017-01-02","TC-MSR-017-36A0E55E6D","","No implementation evidence inferred."
"MSR-017-123079CE06","17","INVOICE EXPERIENCE","636","bullet","applicable rate","The platform must support applicable rate within invoice experience.","accepted","deterministic_source_normalization","normalized_atomic","Cross-horizon","Phase 2","SUB-E008","US-MSR-017-01","AC-MSR-017-01-03","TC-MSR-017-123079CE06","","No implementation evidence inferred."
"MSR-017-00C8FCD06A","17","INVOICE EXPERIENCE","637","bullet","allowance","The platform must support allowance within invoice experience.","accepted","deterministic_source_normalization","normalized_atomic","Cross-horizon","Phase 2","SUB-E008","US-MSR-017-01","AC-MSR-017-01-04","TC-MSR-017-00C8FCD06A","","No implementation evidence inferred."
"MSR-017-09A7C98651","17","INVOICE EXPERIENCE","638","bullet","discounts","The platform must support discounts within invoice experience.","accepted","deterministic_source_normalization","normalized_atomic","Cross-horizon","Phase 2","SUB-E008","US-MSR-017-01","AC-MSR-017-01-05","TC-MSR-017-09A7C98651","","No implementation evidence inferred."
"MSR-017-DFAC08CC95","17","INVOICE EXPERIENCE","639","bullet","credits","The platform must support credits within invoice experience.","accepted","deterministic_source_normalization","normalized_atomic","Cross-horizon","Phase 2","SUB-E008","US-MSR-017-01","AC-MSR-017-01-06","TC-MSR-017-DFAC08CC95","","No implementation evidence inferred."
"MSR-017-DEA8CC77DB","17","INVOICE EXPERIENCE","640","bullet","tax.","The platform must support tax. within invoice experience.","accepted","deterministic_source_normalization","normalized_atomic","Cross-horizon","Phase 2","SUB-E008","US-MSR-017-01","AC-MSR-017-01-07","TC-MSR-017-DEA8CC77DB","","No implementation evidence inferred."
"MSR-017-FD5B10D108","17","INVOICE EXPERIENCE","642","normative_prose","Support:","Support:.","parent_context","deterministic_source_normalization","context_only","Cross-horizon","Phase 2","","","","","","Retained as context; delivery coverage is carried by child candidates."
"MSR-017-2B9D662DE9","17","INVOICE EXPERIENCE","643","bullet","PDF","The platform must support PDF within invoice experience.","accepted","deterministic_source_normalization","normalized_atomic","Cross-horizon","Phase 2","SUB-E008","US-MSR-017-01","AC-MSR-017-01-08","TC-MSR-017-2B9D662DE9","","No implementation evidence inferred."
"MSR-017-970000674A","17","INVOICE EXPERIENCE","644","bullet","HTML","The platform must support HTML within invoice experience.","accepted","deterministic_source_normalization","normalized_atomic","Cross-horizon","Phase 2","SUB-E008","US-MSR-017-01","AC-MSR-017-01-09","TC-MSR-017-970000674A","","No implementation evidence inferred."
"MSR-017-732B1BDDA7","17","INVOICE EXPERIENCE","645","bullet","JSON","The platform must support JSON within invoice experience.","accepted","deterministic_source_normalization","normalized_atomic","Cross-horizon","Phase 2","SUB-E008","US-MSR-017-01","AC-MSR-017-01-10","TC-MSR-017-732B1BDDA7","","No implementation evidence inferred."
"MSR-017-1BA052DC3E","17","INVOICE EXPERIENCE","646","bullet","XML","The platform must support XML within invoice experience.","accepted","deterministic_source_normalization","normalized_atomic","Cross-horizon","Phase 2","SUB-E008","US-MSR-017-02","AC-MSR-017-02-01","TC-MSR-017-1BA052DC3E","","No implementation evidence inferred."
"MSR-017-20002899E4","17","INVOICE EXPERIENCE","647","bullet","UBL/e-invoice formats.","The platform must support UBL/e-invoice formats. within invoice experience.","accepted","deterministic_source_normalization","normalized_atomic","Cross-horizon","Phase 2","SUB-E008","US-MSR-017-02","AC-MSR-017-02-02","TC-MSR-017-20002899E4","","No implementation evidence inferred."
"MSR-017-A5E57795B7","17","INVOICE EXPERIENCE","649","normative_prose","Allow customizable invoice templates.","Allow customizable invoice templates.","accepted","deterministic_source_normalization","normalized_atomic","Cross-horizon","Phase 2","SUB-E008","US-MSR-017-02","AC-MSR-017-02-03","TC-MSR-017-A5E57795B7","","No implementation evidence inferred."
"MSR-018-A3E6209143","18","ACCOUNTS RECEIVABLE","655","normative_prose","Implement a full subledger.","Implement a full subledger.","accepted","deterministic_source_normalization","normalized_atomic","Cross-horizon","Phase 2","SUB-E008","US-MSR-018-01","AC-MSR-018-01-01","TC-MSR-018-A3E6209143","","No implementation evidence inferred."
"MSR-018-65D3DA5AC5","18","ACCOUNTS RECEIVABLE","657","normative_prose","Support:","Support:.","parent_context","deterministic_source_normalization","context_only","Cross-horizon","Phase 2","","","","","","Retained as context; delivery coverage is carried by child candidates."
"MSR-018-7419AD14EB","18","ACCOUNTS RECEIVABLE","658","bullet","invoices","The platform must support invoices within accounts receivable.","accepted","deterministic_source_normalization","normalized_atomic","Cross-horizon","Phase 2","SUB-E008","US-MSR-018-01","AC-MSR-018-01-02","TC-MSR-018-7419AD14EB","","No implementation evidence inferred."
"MSR-018-163BE9485C","18","ACCOUNTS RECEIVABLE","659","bullet","debit notes","The platform must support debit notes within accounts receivable.","accepted","deterministic_source_normalization","normalized_atomic","Cross-horizon","Phase 2","SUB-E008","US-MSR-018-01","AC-MSR-018-01-03","TC-MSR-018-163BE9485C","","No implementation evidence inferred."
"MSR-018-7FBDBFB295","18","ACCOUNTS RECEIVABLE","660","bullet","credit notes","The platform must support credit notes within accounts receivable.","accepted","deterministic_source_normalization","normalized_atomic","Cross-horizon","Phase 2","SUB-E008","US-MSR-018-01","AC-MSR-018-01-04","TC-MSR-018-7FBDBFB295","","No implementation evidence inferred."
"MSR-018-417B860176","18","ACCOUNTS RECEIVABLE","661","bullet","unapplied cash","The platform must support unapplied cash within accounts receivable.","accepted","deterministic_source_normalization","normalized_atomic","Cross-horizon","Phase 2","SUB-E008","US-MSR-018-01","AC-MSR-018-01-05","TC-MSR-018-417B860176","","No implementation evidence inferred."
"MSR-018-369882D8C6","18","ACCOUNTS RECEIVABLE","662","bullet","partial payments","The platform must support partial payments within accounts receivable.","accepted","deterministic_source_normalization","normalized_atomic","Cross-horizon","Phase 2","SUB-E008","US-MSR-018-01","AC-MSR-018-01-06","TC-MSR-018-369882D8C6","","No implementation evidence inferred."
"MSR-018-212245A3BA","18","ACCOUNTS RECEIVABLE","663","bullet","overpayments","The platform must support overpayments within accounts receivable.","accepted","deterministic_source_normalization","normalized_atomic","Cross-horizon","Phase 2","SUB-E008","US-MSR-018-01","AC-MSR-018-01-07","TC-MSR-018-212245A3BA","","No implementation evidence inferred."
"MSR-018-19182CFBEF","18","ACCOUNTS RECEIVABLE","664","bullet","deposits","The platform must support deposits within accounts receivable.","accepted","deterministic_source_normalization","normalized_atomic","Cross-horizon","Phase 2","SUB-E008","US-MSR-018-01","AC-MSR-018-01-08","TC-MSR-018-19182CFBEF","","No implementation evidence inferred."
"MSR-018-AA0D9A5A5D","18","ACCOUNTS RECEIVABLE","665","bullet","payment plans","The platform must support payment plans within accounts receivable.","accepted","deterministic_source_normalization","normalized_atomic","Cross-horizon","Phase 2","SUB-E008","US-MSR-018-01","AC-MSR-018-01-09","TC-MSR-018-AA0D9A5A5D","","No implementation evidence inferred."
"MSR-018-8206FE7581","18","ACCOUNTS RECEIVABLE","666","bullet","write-offs","The platform must support write-offs within accounts receivable.","accepted","deterministic_source_normalization","normalized_atomic","Cross-horizon","Phase 2","SUB-E008","US-MSR-018-01","AC-MSR-018-01-10","TC-MSR-018-8206FE7581","","No implementation evidence inferred."
"MSR-018-DEDA9593FC","18","ACCOUNTS RECEIVABLE","667","bullet","disputes","The platform must support disputes within accounts receivable.","accepted","deterministic_source_normalization","normalized_atomic","Cross-horizon","Phase 2","SUB-E008","US-MSR-018-02","AC-MSR-018-02-01","TC-MSR-018-DEDA9593FC","","No implementation evidence inferred."
"MSR-018-C0F8CDAE02","18","ACCOUNTS RECEIVABLE","668","bullet","refunds.","The platform must support refunds. within accounts receivable.","accepted","deterministic_source_normalization","normalized_atomic","Cross-horizon","Phase 2","SUB-E008","US-MSR-018-02","AC-MSR-018-02-02","TC-MSR-018-C0F8CDAE02","","No implementation evidence inferred."
"MSR-018-5C21FCA0E6","18","ACCOUNTS RECEIVABLE","670","normative_prose","Maintain customer account balance in near real-time.","Maintain customer account balance in near real-time.","accepted","deterministic_source_normalization","normalized_atomic","Cross-horizon","Phase 2","SUB-E008","US-MSR-018-02","AC-MSR-018-02-03","TC-MSR-018-5C21FCA0E6","","No implementation evidence inferred."
"MSR-019-BAAEF5A3CD","19","PAYMENT ORCHESTRATION","676","normative_prose","Do not tightly couple the system to one payment processor.","Do not tightly couple the system to one payment processor.","accepted","deterministic_source_normalization","normalized_atomic","Cross-horizon","Phase 3","SUB-E009","US-MSR-019-01","AC-MSR-019-01-01","TC-MSR-019-BAAEF5A3CD","","No implementation evidence inferred."
"MSR-019-3C2FD809D2","19","PAYMENT ORCHESTRATION","678","contextual_prose","Create a Payment Orchestration Layer.","Product and implementation decisions must conform to this master-specification constraint: Create a Payment Orchestration Layer.","accepted","deterministic_source_normalization","normalized_atomic","Cross-horizon","Phase 3","SUB-E009","US-MSR-019-01","AC-MSR-019-01-02","TC-MSR-019-3C2FD809D2","","No implementation evidence inferred."
"MSR-019-0D1DC71A98","19","PAYMENT ORCHESTRATION","680","contextual_prose","Architecture:","Product and implementation decisions must conform to this master-specification constraint: Architecture:.","parent_context","deterministic_source_normalization","context_only","Cross-horizon","Phase 3","","","","","","Retained as context; delivery coverage is carried by child candidates."
"MSR-019-5BF5837CD1","19","PAYMENT ORCHESTRATION","682","contextual_prose","Subscription Platform → Payment Orchestrator → Gateway A / Gateway B / Gateway C / Bank / Wallet / UPI.","Product and implementation decisions must conform to this master-specification constraint: Subscription Platform → Payment Orchestrator → Gateway A / Gateway B / Gateway C / Bank / Wallet / UPI.","accepted","deterministic_source_normalization","normalized_atomic","Cross-horizon","Phase 3","SUB-E009","US-MSR-019-01","AC-MSR-019-01-03","TC-MSR-019-5BF5837CD1","","No implementation evidence inferred."
"MSR-019-651A51D7B1","19","PAYMENT ORCHESTRATION","684","normative_prose","Support intelligent routing based on:","Support intelligent routing based on:.","parent_context","deterministic_source_normalization","context_only","Cross-horizon","Phase 3","","","","","","Retained as context; delivery coverage is carried by child candidates."
"MSR-019-C2993A1580","19","PAYMENT ORCHESTRATION","685","bullet","geography","The platform must support geography within payment orchestration.","accepted","deterministic_source_normalization","normalized_atomic","Cross-horizon","Phase 3","SUB-E009","US-MSR-019-01","AC-MSR-019-01-04","TC-MSR-019-C2993A1580","","No implementation evidence inferred."
"MSR-019-B14C6B5BBF","19","PAYMENT ORCHESTRATION","686","bullet","currency","The platform must support currency within payment orchestration.","accepted","deterministic_source_normalization","normalized_atomic","Cross-horizon","Phase 3","SUB-E009","US-MSR-019-01","AC-MSR-019-01-05","TC-MSR-019-B14C6B5BBF","","No implementation evidence inferred."
"MSR-019-28B622C013","19","PAYMENT ORCHESTRATION","687","bullet","amount","The platform must support amount within payment orchestration.","accepted","deterministic_source_normalization","normalized_atomic","Cross-horizon","Phase 3","SUB-E009","US-MSR-019-01","AC-MSR-019-01-06","TC-MSR-019-28B622C013","","No implementation evidence inferred."
"MSR-019-E3900A8452","19","PAYMENT ORCHESTRATION","688","bullet","acceptance rate","The platform must support acceptance rate within payment orchestration.","accepted","deterministic_source_normalization","normalized_atomic","Cross-horizon","Phase 3","SUB-E009","US-MSR-019-01","AC-MSR-019-01-07","TC-MSR-019-E3900A8452","","No implementation evidence inferred."
"MSR-019-D7F21F42B1","19","PAYMENT ORCHESTRATION","689","bullet","gateway health","The platform must support gateway health within payment orchestration.","accepted","deterministic_source_normalization","normalized_atomic","Cross-horizon","Phase 3","SUB-E009","US-MSR-019-01","AC-MSR-019-01-08","TC-MSR-019-D7F21F42B1","","No implementation evidence inferred."
"MSR-019-DF6888D6F6","19","PAYMENT ORCHESTRATION","690","bullet","transaction cost","The platform must support transaction cost within payment orchestration.","accepted","deterministic_source_normalization","normalized_atomic","Cross-horizon","Phase 3","SUB-E009","US-MSR-019-01","AC-MSR-019-01-09","TC-MSR-019-DF6888D6F6","","No implementation evidence inferred."
"MSR-019-AE88290705","19","PAYMENT ORCHESTRATION","691","bullet","fraud risk","The platform must support fraud risk within payment orchestration.","accepted","deterministic_source_normalization","normalized_atomic","Cross-horizon","Phase 3","SUB-E009","US-MSR-019-01","AC-MSR-019-01-10","TC-MSR-019-AE88290705","","No implementation evidence inferred."
"MSR-019-9B53F09BBD","19","PAYMENT ORCHESTRATION","692","bullet","payment method.","The platform must support payment method. within payment orchestration.","accepted","deterministic_source_normalization","normalized_atomic","Cross-horizon","Phase 3","SUB-E009","US-MSR-019-02","AC-MSR-019-02-01","TC-MSR-019-9B53F09BBD","","No implementation evidence inferred."
"MSR-020-56AECFE7CC","20","PAYMENT METHODS","698","normative_prose","Design global payment-method support.","Design global payment-method support.","accepted","deterministic_source_normalization","normalized_atomic","Cross-horizon","Phase 3","SUB-E009","US-MSR-020-01","AC-MSR-020-01-01","TC-MSR-020-56AECFE7CC","","No implementation evidence inferred."
"MSR-020-57B8CD4063","20","PAYMENT METHODS","700","contextual_prose","Examples:","Product and implementation decisions must conform to this master-specification constraint: Examples:.","parent_context","deterministic_source_normalization","context_only","Cross-horizon","Phase 3","","","","","","Retained as context; delivery coverage is carried by child candidates."
"MSR-020-9D97E85D07","20","PAYMENT METHODS","701","bullet","Cards","The platform must support Cards within payment methods.","accepted","deterministic_source_normalization","normalized_atomic","Cross-horizon","Phase 3","SUB-E009","US-MSR-020-01","AC-MSR-020-01-02","TC-MSR-020-9D97E85D07","","No implementation evidence inferred."
"MSR-020-5ACAEBCFDB","20","PAYMENT METHODS","702","bullet","Bank transfer","The platform must support Bank transfer within payment methods.","accepted","deterministic_source_normalization","normalized_atomic","Cross-horizon","Phase 3","SUB-E009","US-MSR-020-01","AC-MSR-020-01-03","TC-MSR-020-5ACAEBCFDB","","No implementation evidence inferred."
"MSR-020-9650A1F4A4","20","PAYMENT METHODS","703","bullet","ACH","The platform must support ACH within payment methods.","accepted","deterministic_source_normalization","normalized_atomic","Cross-horizon","Phase 3","SUB-E009","US-MSR-020-01","AC-MSR-020-01-04","TC-MSR-020-9650A1F4A4","","No implementation evidence inferred."
"MSR-020-8F9AA32D67","20","PAYMENT METHODS","704","bullet","SEPA Direct Debit","The platform must support SEPA Direct Debit within payment methods.","accepted","deterministic_source_normalization","normalized_atomic","Cross-horizon","Phase 3","SUB-E009","US-MSR-020-01","AC-MSR-020-01-05","TC-MSR-020-8F9AA32D67","","No implementation evidence inferred."
"MSR-020-0C0A69B3F2","20","PAYMENT METHODS","705","bullet","BACS","The platform must support BACS within payment methods.","accepted","deterministic_source_normalization","normalized_atomic","Cross-horizon","Phase 3","SUB-E009","US-MSR-020-01","AC-MSR-020-01-06","TC-MSR-020-0C0A69B3F2","","No implementation evidence inferred."
"MSR-020-A02D3FE246","20","PAYMENT METHODS","706","bullet","UPI","The platform must support UPI within payment methods.","accepted","deterministic_source_normalization","normalized_atomic","Cross-horizon","Phase 3","SUB-E009","US-MSR-020-01","AC-MSR-020-01-07","TC-MSR-020-A02D3FE246","","No implementation evidence inferred."
"MSR-020-510AF7C34C","20","PAYMENT METHODS","707","bullet","UPI AutoPay","The platform must support UPI AutoPay within payment methods.","accepted","deterministic_source_normalization","normalized_atomic","Cross-horizon","Phase 3","SUB-E009","US-MSR-020-01","AC-MSR-020-01-08","TC-MSR-020-510AF7C34C","","No implementation evidence inferred."
"MSR-020-53463CF44D","20","PAYMENT METHODS","708","bullet","Net Banking","The platform must support Net Banking within payment methods.","accepted","deterministic_source_normalization","normalized_atomic","Cross-horizon","Phase 3","SUB-E009","US-MSR-020-01","AC-MSR-020-01-09","TC-MSR-020-53463CF44D","","No implementation evidence inferred."
"MSR-020-AC9FE09182","20","PAYMENT METHODS","709","bullet","Wallets","The platform must support Wallets within payment methods.","accepted","deterministic_source_normalization","normalized_atomic","Cross-horizon","Phase 3","SUB-E009","US-MSR-020-01","AC-MSR-020-01-10","TC-MSR-020-AC9FE09182","","No implementation evidence inferred."
"MSR-020-B53709FB00","20","PAYMENT METHODS","710","bullet","Apple Pay","The platform must support Apple Pay within payment methods.","accepted","deterministic_source_normalization","normalized_atomic","Cross-horizon","Phase 3","SUB-E009","US-MSR-020-02","AC-MSR-020-02-01","TC-MSR-020-B53709FB00","","No implementation evidence inferred."
"MSR-020-8133A4E710","20","PAYMENT METHODS","711","bullet","Google Pay","The platform must support Google Pay within payment methods.","accepted","deterministic_source_normalization","normalized_atomic","Cross-horizon","Phase 3","SUB-E009","US-MSR-020-02","AC-MSR-020-02-02","TC-MSR-020-8133A4E710","","No implementation evidence inferred."
"MSR-020-7E0D2958C5","20","PAYMENT METHODS","712","bullet","PayPal","The platform must support PayPal within payment methods.","accepted","deterministic_source_normalization","normalized_atomic","Cross-horizon","Phase 3","SUB-E009","US-MSR-020-02","AC-MSR-020-02-03","TC-MSR-020-7E0D2958C5","","No implementation evidence inferred."
"MSR-020-E54F07E06C","20","PAYMENT METHODS","713","bullet","BNPL","The platform must support BNPL within payment methods.","accepted","deterministic_source_normalization","normalized_atomic","Cross-horizon","Phase 3","SUB-E009","US-MSR-020-02","AC-MSR-020-02-04","TC-MSR-020-E54F07E06C","","No implementation evidence inferred."
"MSR-020-42C8C0ABCC","20","PAYMENT METHODS","714","bullet","Direct debit","The platform must support Direct debit within payment methods.","accepted","deterministic_source_normalization","normalized_atomic","Cross-horizon","Phase 3","SUB-E009","US-MSR-020-02","AC-MSR-020-02-05","TC-MSR-020-42C8C0ABCC","","No implementation evidence inferred."
"MSR-020-E5082A0A68","20","PAYMENT METHODS","715","bullet","Virtual accounts","The platform must support Virtual accounts within payment methods.","accepted","deterministic_source_normalization","normalized_atomic","Cross-horizon","Phase 3","SUB-E009","US-MSR-020-02","AC-MSR-020-02-06","TC-MSR-020-E5082A0A68","","No implementation evidence inferred."
"MSR-020-8CE1E868DA","20","PAYMENT METHODS","716","bullet","Wire transfer","The platform must support Wire transfer within payment methods.","accepted","deterministic_source_normalization","normalized_atomic","Cross-horizon","Phase 3","SUB-E009","US-MSR-020-02","AC-MSR-020-02-07","TC-MSR-020-8CE1E868DA","","No implementation evidence inferred."
"MSR-020-F8F98A43F5","20","PAYMENT METHODS","717","bullet","Cash collection partners","The platform must support Cash collection partners within payment methods.","accepted","deterministic_source_normalization","normalized_atomic","Cross-horizon","Phase 3","SUB-E009","US-MSR-020-02","AC-MSR-020-02-08","TC-MSR-020-F8F98A43F5","","No implementation evidence inferred."
"MSR-020-10AD7F8A6F","20","PAYMENT METHODS","718","bullet","Cheque","The platform must support Cheque within payment methods.","accepted","deterministic_source_normalization","normalized_atomic","Cross-horizon","Phase 3","SUB-E009","US-MSR-020-02","AC-MSR-020-02-09","TC-MSR-020-10AD7F8A6F","","No implementation evidence inferred."
"MSR-020-49131C311A","20","PAYMENT METHODS","719","bullet","Purchase-order settlement.","The platform must support Purchase-order settlement. within payment methods.","accepted","deterministic_source_normalization","normalized_atomic","Cross-horizon","Phase 3","SUB-E009","US-MSR-020-02","AC-MSR-020-02-10","TC-MSR-020-49131C311A","","No implementation evidence inferred."
"MSR-020-877B90E196","20","PAYMENT METHODS","721","normative_prose","Payment-method support must be connector-driven.","Payment-method support must be connector-driven.","accepted","deterministic_source_normalization","normalized_atomic","Cross-horizon","Phase 3","SUB-E009","US-MSR-020-03","AC-MSR-020-03-01","TC-MSR-020-877B90E196","","No implementation evidence inferred."
"MSR-021-D762883AAA","21","SMART PAYMENT ROUTING","727","contextual_prose","Optimize payment routing.","Product and implementation decisions must conform to this master-specification constraint: Optimize payment routing.","accepted","deterministic_source_normalization","normalized_atomic","Cross-horizon","Phase 3","SUB-E009","US-MSR-021-01","AC-MSR-021-01-01","TC-MSR-021-D762883AAA","","No implementation evidence inferred."
"MSR-021-2EDE02C7CF","21","SMART PAYMENT ROUTING","729","contextual_prose","Example:","Product and implementation decisions must conform to this master-specification constraint: Example:.","parent_context","deterministic_source_normalization","context_only","Cross-horizon","Phase 3","","","","","","Retained as context; delivery coverage is carried by child candidates."
"MSR-021-25150610AC","21","SMART PAYMENT ROUTING","731","contextual_prose","Customer located in India INR transaction UPI mandate available","Product and implementation decisions must conform to this master-specification constraint: Customer located in India INR transaction UPI mandate available.","accepted","deterministic_source_normalization","normalized_atomic","Cross-horizon","Phase 3","SUB-E009","US-MSR-021-01","AC-MSR-021-01-02","TC-MSR-021-25150610AC","","No implementation evidence inferred."
"MSR-021-5AA1EF1E2A","21","SMART PAYMENT ROUTING","735","contextual_prose","→ UPI.","Product and implementation decisions must conform to this master-specification constraint: → UPI.","accepted","deterministic_source_normalization","normalized_atomic","Cross-horizon","Phase 3","SUB-E009","US-MSR-021-01","AC-MSR-021-01-03","TC-MSR-021-5AA1EF1E2A","","No implementation evidence inferred."
"MSR-021-609805FD78","21","SMART PAYMENT ROUTING","737","contextual_prose","European customer","Product and implementation decisions must conform to this master-specification constraint: European customer.","accepted","deterministic_source_normalization","normalized_atomic","Cross-horizon","Phase 3","SUB-E009","US-MSR-021-01","AC-MSR-021-01-04","TC-MSR-021-609805FD78","","No implementation evidence inferred."
"MSR-021-37BC54E1A0","21","SMART PAYMENT ROUTING","739","contextual_prose","→ SEPA.","Product and implementation decisions must conform to this master-specification constraint: → SEPA.","accepted","deterministic_source_normalization","normalized_atomic","Cross-horizon","Phase 3","SUB-E009","US-MSR-021-01","AC-MSR-021-01-05","TC-MSR-021-37BC54E1A0","","No implementation evidence inferred."
"MSR-021-A6EF79EDFD","21","SMART PAYMENT ROUTING","741","contextual_prose","Card transaction rejected at Gateway A","Product and implementation decisions must conform to this master-specification constraint: Card transaction rejected at Gateway A.","accepted","deterministic_source_normalization","normalized_atomic","Cross-horizon","Phase 3","SUB-E009","US-MSR-021-01","AC-MSR-021-01-06","TC-MSR-021-A6EF79EDFD","","No implementation evidence inferred."
"MSR-021-DF828D6E9D","21","SMART PAYMENT ROUTING","743","contextual_prose","→ evaluate whether retry through Gateway B is permitted and sensible.","Product and implementation decisions must conform to this master-specification constraint: → evaluate whether retry through Gateway B is permitted and sensible.","accepted","deterministic_source_normalization","normalized_atomic","Cross-horizon","Phase 3","SUB-E009","US-MSR-021-01","AC-MSR-021-01-07","TC-MSR-021-DF828D6E9D","","No implementation evidence inferred."
"MSR-021-4DA9CCA68E","21","SMART PAYMENT ROUTING","745","contextual_prose","Keep routing policy configurable.","Product and implementation decisions must conform to this master-specification constraint: Keep routing policy configurable.","accepted","deterministic_source_normalization","normalized_atomic","Cross-horizon","Phase 3","SUB-E009","US-MSR-021-01","AC-MSR-021-01-08","TC-MSR-021-4DA9CCA68E","","No implementation evidence inferred."
"MSR-022-6FD61D8CF9","22","PAYMENT SUCCESS ENGINE","751","normative_prose","Build a machine-learning-supported Payment Success Engine.","Build a machine-learning-supported Payment Success Engine.","accepted","deterministic_source_normalization","normalized_atomic","Cross-horizon","Phase 3","SUB-E009","US-MSR-022-01","AC-MSR-022-01-01","TC-MSR-022-6FD61D8CF9","","No implementation evidence inferred."
"MSR-022-EACF72DE4D","22","PAYMENT SUCCESS ENGINE","753","contextual_prose","Predict:","Product and implementation decisions must conform to this master-specification constraint: Predict:.","parent_context","deterministic_source_normalization","context_only","Cross-horizon","Phase 3","","","","","","Retained as context; delivery coverage is carried by child candidates."
"MSR-022-374AF218E0","22","PAYMENT SUCCESS ENGINE","755","contextual_prose","P(payment success | customer, payment method, gateway, timestamp, history).","Product and implementation decisions must conform to this master-specification constraint: P(payment success | customer, payment method, gateway, timestamp, history).","accepted","deterministic_source_normalization","normalized_atomic","Cross-horizon","Phase 3","SUB-E009","US-MSR-022-01","AC-MSR-022-01-02","TC-MSR-022-374AF218E0","","No implementation evidence inferred."
"MSR-022-9FF5CA307B","22","PAYMENT SUCCESS ENGINE","757","normative_prose","Use this to determine:","Use this to determine:.","parent_context","deterministic_source_normalization","context_only","Cross-horizon","Phase 3","","","","","","Retained as context; delivery coverage is carried by child candidates."
"MSR-022-0000A15B10","22","PAYMENT SUCCESS ENGINE","758","bullet","retry time","The platform must support retry time within payment success engine.","accepted","deterministic_source_normalization","normalized_atomic","Cross-horizon","Phase 3","SUB-E009","US-MSR-022-01","AC-MSR-022-01-03","TC-MSR-022-0000A15B10","","No implementation evidence inferred."
"MSR-022-7BA9F938B5","22","PAYMENT SUCCESS ENGINE","759","bullet","retry mechanism","The platform must support retry mechanism within payment success engine.","accepted","deterministic_source_normalization","normalized_atomic","Cross-horizon","Phase 3","SUB-E009","US-MSR-022-01","AC-MSR-022-01-04","TC-MSR-022-7BA9F938B5","","No implementation evidence inferred."
"MSR-022-4B3F10026E","22","PAYMENT SUCCESS ENGINE","760","bullet","preferred gateway","The platform must support preferred gateway within payment success engine.","accepted","deterministic_source_normalization","normalized_atomic","Cross-horizon","Phase 3","SUB-E009","US-MSR-022-01","AC-MSR-022-01-05","TC-MSR-022-4B3F10026E","","No implementation evidence inferred."
"MSR-022-1D20D88561","22","PAYMENT SUCCESS ENGINE","761","bullet","communication timing","The platform must support communication timing within payment success engine.","accepted","deterministic_source_normalization","normalized_atomic","Cross-horizon","Phase 3","SUB-E009","US-MSR-022-01","AC-MSR-022-01-06","TC-MSR-022-1D20D88561","","No implementation evidence inferred."
"MSR-022-39555E76D8","22","PAYMENT SUCCESS ENGINE","762","bullet","payment method recommendation.","The platform must support payment method recommendation. within payment success engine.","accepted","deterministic_source_normalization","normalized_atomic","Cross-horizon","Phase 3","SUB-E009","US-MSR-022-01","AC-MSR-022-01-07","TC-MSR-022-39555E76D8","","No implementation evidence inferred."
"MSR-022-7557602808","22","PAYMENT SUCCESS ENGINE","764","normative_prose","Provide deterministic fallback rules whenever AI is unavailable.","Provide deterministic fallback rules whenever AI is unavailable.","accepted","deterministic_source_normalization","normalized_atomic","Cross-horizon","Phase 3","SUB-E009","US-MSR-022-01","AC-MSR-022-01-08","TC-MSR-022-7557602808","","No implementation evidence inferred."
"MSR-023-065755B973","23","COLLECTIONS INTELLIGENCE","770","contextual_prose","Create a Collection Risk Score.","Product and implementation decisions must conform to this master-specification constraint: Create a Collection Risk Score.","accepted","deterministic_source_normalization","normalized_atomic","Cross-horizon","Phase 4","SUB-E012","US-MSR-023-01","AC-MSR-023-01-01","TC-MSR-023-065755B973","","No implementation evidence inferred."
"MSR-023-427CB660B2","23","COLLECTIONS INTELLIGENCE","772","contextual_prose","Predict likelihood of late or failed payment.","Product and implementation decisions must conform to this master-specification constraint: Predict likelihood of late or failed payment.","accepted","deterministic_source_normalization","normalized_atomic","Cross-horizon","Phase 4","SUB-E012","US-MSR-023-01","AC-MSR-023-01-02","TC-MSR-023-427CB660B2","","No implementation evidence inferred."
"MSR-023-ED1E58A88C","23","COLLECTIONS INTELLIGENCE","774","contextual_prose","Possible signals:","Product and implementation decisions must conform to this master-specification constraint: Possible signals:.","parent_context","deterministic_source_normalization","context_only","Cross-horizon","Phase 4","","","","","","Retained as context; delivery coverage is carried by child candidates."
"MSR-023-83D75F1366","23","COLLECTIONS INTELLIGENCE","775","bullet","historical payment behavior","The platform must support historical payment behavior within collections intelligence.","accepted","deterministic_source_normalization","normalized_atomic","Cross-horizon","Phase 4","SUB-E012","US-MSR-023-01","AC-MSR-023-01-03","TC-MSR-023-83D75F1366","","No implementation evidence inferred."
"MSR-023-29FF29D442","23","COLLECTIONS INTELLIGENCE","776","bullet","payment-method expiry","The platform must support payment-method expiry within collections intelligence.","accepted","deterministic_source_normalization","normalized_atomic","Cross-horizon","Phase 4","SUB-E012","US-MSR-023-01","AC-MSR-023-01-04","TC-MSR-023-29FF29D442","","No implementation evidence inferred."
"MSR-023-9F8C0A74C7","23","COLLECTIONS INTELLIGENCE","777","bullet","failed authorization history","The platform must support failed authorization history within collections intelligence.","accepted","deterministic_source_normalization","normalized_atomic","Cross-horizon","Phase 4","SUB-E012","US-MSR-023-01","AC-MSR-023-01-05","TC-MSR-023-9F8C0A74C7","","No implementation evidence inferred."
"MSR-023-2F14404C82","23","COLLECTIONS INTELLIGENCE","778","bullet","invoice size deviation","The platform must support invoice size deviation within collections intelligence.","accepted","deterministic_source_normalization","normalized_atomic","Cross-horizon","Phase 4","SUB-E012","US-MSR-023-01","AC-MSR-023-01-06","TC-MSR-023-2F14404C82","","No implementation evidence inferred."
"MSR-023-E7529B7ADD","23","COLLECTIONS INTELLIGENCE","779","bullet","contract value","The platform must support contract value within collections intelligence.","accepted","deterministic_source_normalization","normalized_atomic","Cross-horizon","Phase 4","SUB-E012","US-MSR-023-01","AC-MSR-023-01-07","TC-MSR-023-E7529B7ADD","","No implementation evidence inferred."
"MSR-023-AA28569099","23","COLLECTIONS INTELLIGENCE","780","bullet","payment method","The platform must support payment method within collections intelligence.","accepted","deterministic_source_normalization","normalized_atomic","Cross-horizon","Phase 4","SUB-E012","US-MSR-023-01","AC-MSR-023-01-08","TC-MSR-023-AA28569099","","No implementation evidence inferred."
"MSR-023-3E5750AFAA","23","COLLECTIONS INTELLIGENCE","781","bullet","country","The platform must support country within collections intelligence.","accepted","deterministic_source_normalization","normalized_atomic","Cross-horizon","Phase 4","SUB-E012","US-MSR-023-01","AC-MSR-023-01-09","TC-MSR-023-3E5750AFAA","","No implementation evidence inferred."
"MSR-023-F91FAB5A12","23","COLLECTIONS INTELLIGENCE","782","bullet","payment-day behavior","The platform must support payment-day behavior within collections intelligence.","accepted","deterministic_source_normalization","normalized_atomic","Cross-horizon","Phase 4","SUB-E012","US-MSR-023-01","AC-MSR-023-01-10","TC-MSR-023-F91FAB5A12","","No implementation evidence inferred."
"MSR-023-BD09D6A624","23","COLLECTIONS INTELLIGENCE","783","bullet","payment promise history","The platform must support payment promise history within collections intelligence.","accepted","deterministic_source_normalization","normalized_atomic","Cross-horizon","Phase 4","SUB-E012","US-MSR-023-02","AC-MSR-023-02-01","TC-MSR-023-BD09D6A624","","No implementation evidence inferred."
"MSR-023-05F650A3AD","23","COLLECTIONS INTELLIGENCE","784","bullet","dispute behavior.","The platform must support dispute behavior. within collections intelligence.","accepted","deterministic_source_normalization","normalized_atomic","Cross-horizon","Phase 4","SUB-E012","US-MSR-023-02","AC-MSR-023-02-02","TC-MSR-023-05F650A3AD","","No implementation evidence inferred."
"MSR-023-7FAA167FA7","23","COLLECTIONS INTELLIGENCE","786","contextual_prose","Return:","Product and implementation decisions must conform to this master-specification constraint: Return:.","parent_context","deterministic_source_normalization","context_only","Cross-horizon","Phase 4","","","","","","Retained as context; delivery coverage is carried by child candidates."
"MSR-023-3FB8B28C23","23","COLLECTIONS INTELLIGENCE","788","contextual_prose","Payment Risk: LOW / MEDIUM / HIGH","Product and implementation decisions must conform to this master-specification constraint: Payment Risk: LOW / MEDIUM / HIGH.","accepted","deterministic_source_normalization","normalized_atomic","Cross-horizon","Phase 4","SUB-E012","US-MSR-023-02","AC-MSR-023-02-03","TC-MSR-023-3FB8B28C23","","No implementation evidence inferred."
"MSR-023-5E7E3BE45A","23","COLLECTIONS INTELLIGENCE","790","contextual_prose","with explainable contributing factors.","Product and implementation decisions must conform to this master-specification constraint: with explainable contributing factors.","accepted","deterministic_source_normalization","normalized_atomic","Cross-horizon","Phase 4","SUB-E012","US-MSR-023-02","AC-MSR-023-02-04","TC-MSR-023-5E7E3BE45A","","No implementation evidence inferred."
"MSR-023-6F379D3F49","23","COLLECTIONS INTELLIGENCE","792","normative_prose","Never use sensitive protected attributes.","Never use sensitive protected attributes.","accepted","deterministic_source_normalization","normalized_atomic","Cross-horizon","Phase 4","SUB-E012","US-MSR-023-02","AC-MSR-023-02-05","TC-MSR-023-6F379D3F49","","No implementation evidence inferred."
"MSR-024-3D303A82F3","24","PRE-DUE COLLECTIONS","798","contextual_prose","Example:","Product and implementation decisions must conform to this master-specification constraint: Example:.","parent_context","deterministic_source_normalization","context_only","Cross-horizon","Phase 4","","","","","","Retained as context; delivery coverage is carried by child candidates."
"MSR-024-97040C157B","24","PRE-DUE COLLECTIONS","800","contextual_prose","Invoice due September 30.","Product and implementation decisions must conform to this master-specification constraint: Invoice due September 30.","accepted","deterministic_source_normalization","normalized_atomic","Cross-horizon","Phase 4","SUB-E012","US-MSR-024-01","AC-MSR-024-01-01","TC-MSR-024-97040C157B","","No implementation evidence inferred."
"MSR-024-46A0D50387","24","PRE-DUE COLLECTIONS","802","contextual_prose","System predicts high likelihood of failure.","Product and implementation decisions must conform to this master-specification constraint: System predicts high likelihood of failure.","accepted","deterministic_source_normalization","normalized_atomic","Cross-horizon","Phase 4","SUB-E012","US-MSR-024-01","AC-MSR-024-01-02","TC-MSR-024-46A0D50387","","No implementation evidence inferred."
"MSR-024-83821D6F5C","24","PRE-DUE COLLECTIONS","804","contextual_prose","September 23: ""Your payment method expires this month.","Product and implementation decisions must conform to this master-specification constraint: September 23: ""Your payment method expires this month.","accepted","deterministic_source_normalization","normalized_atomic","Cross-horizon","Phase 4","SUB-E012","US-MSR-024-01","AC-MSR-024-01-03","TC-MSR-024-83821D6F5C","","No implementation evidence inferred."
"MSR-024-70BDB33BA2","24","PRE-DUE COLLECTIONS","807","contextual_prose","September 26: ""Your upcoming invoice is ₹18,400.","Product and implementation decisions must conform to this master-specification constraint: September 26: ""Your upcoming invoice is ₹18,400.","accepted","deterministic_source_normalization","normalized_atomic","Cross-horizon","Phase 4","SUB-E012","US-MSR-024-01","AC-MSR-024-01-04","TC-MSR-024-70BDB33BA2","","No implementation evidence inferred."
"MSR-024-B728CE7CCF","24","PRE-DUE COLLECTIONS","810","contextual_prose","September 29: ""Payment is due tomorrow.","Product and implementation decisions must conform to this master-specification constraint: September 29: ""Payment is due tomorrow.","accepted","deterministic_source_normalization","normalized_atomic","Cross-horizon","Phase 4","SUB-E012","US-MSR-024-01","AC-MSR-024-01-05","TC-MSR-024-B728CE7CCF","","No implementation evidence inferred."
"MSR-024-D0A4146BA6","24","PRE-DUE COLLECTIONS","810","contextual_prose","Confirm payment method.","Product and implementation decisions must conform to this master-specification constraint: Confirm payment method.","accepted","deterministic_source_normalization","normalized_atomic","Cross-horizon","Phase 4","SUB-E012","US-MSR-024-01","AC-MSR-024-01-06","TC-MSR-024-D0A4146BA6","","No implementation evidence inferred."
"MSR-024-3DD5435BDB","24","PRE-DUE COLLECTIONS","813","contextual_prose","September 30: Attempt collection at historically successful time.","Product and implementation decisions must conform to this master-specification constraint: September 30: Attempt collection at historically successful time.","accepted","deterministic_source_normalization","normalized_atomic","Cross-horizon","Phase 4","SUB-E012","US-MSR-024-01","AC-MSR-024-01-07","TC-MSR-024-3DD5435BDB","","No implementation evidence inferred."
"MSR-024-224B0663AA","24","PRE-DUE COLLECTIONS","816","contextual_prose","The objective is:","Product and implementation decisions must conform to this master-specification constraint: The objective is:.","parent_context","deterministic_source_normalization","context_only","Cross-horizon","Phase 4","","","","","","Retained as context; delivery coverage is carried by child candidates."
"MSR-025-AF42D5F260","25","OMNICHANNEL COLLECTIONS","824","contextual_prose","Create communication orchestration across:","Product and implementation decisions must conform to this master-specification constraint: Create communication orchestration across:.","parent_context","deterministic_source_normalization","context_only","Cross-horizon","Phase 4","","","","","","Retained as context; delivery coverage is carried by child candidates."
"MSR-025-28A0FB29FE","25","OMNICHANNEL COLLECTIONS","825","bullet","email","The platform must support email within omnichannel collections.","accepted","deterministic_source_normalization","normalized_atomic","Cross-horizon","Phase 4","SUB-E012","US-MSR-025-01","AC-MSR-025-01-01","TC-MSR-025-28A0FB29FE","","No implementation evidence inferred."
"MSR-025-2B575452F0","25","OMNICHANNEL COLLECTIONS","826","bullet","SMS","The platform must support SMS within omnichannel collections.","accepted","deterministic_source_normalization","normalized_atomic","Cross-horizon","Phase 4","SUB-E012","US-MSR-025-01","AC-MSR-025-01-02","TC-MSR-025-2B575452F0","","No implementation evidence inferred."
"MSR-025-2E51A7596B","25","OMNICHANNEL COLLECTIONS","827","bullet","WhatsApp","The platform must support WhatsApp within omnichannel collections.","accepted","deterministic_source_normalization","normalized_atomic","Cross-horizon","Phase 4","SUB-E012","US-MSR-025-01","AC-MSR-025-01-03","TC-MSR-025-2E51A7596B","","No implementation evidence inferred."
"MSR-025-0AE540AE05","25","OMNICHANNEL COLLECTIONS","828","bullet","mobile push","The platform must support mobile push within omnichannel collections.","accepted","deterministic_source_normalization","normalized_atomic","Cross-horizon","Phase 4","SUB-E012","US-MSR-025-01","AC-MSR-025-01-04","TC-MSR-025-0AE540AE05","","No implementation evidence inferred."
"MSR-025-A62EEFB49E","25","OMNICHANNEL COLLECTIONS","829","bullet","in-app","The platform must support in-app within omnichannel collections.","accepted","deterministic_source_normalization","normalized_atomic","Cross-horizon","Phase 4","SUB-E012","US-MSR-025-01","AC-MSR-025-01-05","TC-MSR-025-A62EEFB49E","","No implementation evidence inferred."
"MSR-025-B4D63C1797","25","OMNICHANNEL COLLECTIONS","830","bullet","customer portal","The platform must support customer portal within omnichannel collections.","accepted","deterministic_source_normalization","normalized_atomic","Cross-horizon","Phase 4","SUB-E012","US-MSR-025-01","AC-MSR-025-01-06","TC-MSR-025-B4D63C1797","","No implementation evidence inferred."
"MSR-025-C02B24E26D","25","OMNICHANNEL COLLECTIONS","831","bullet","chatbot","The platform must support chatbot within omnichannel collections.","accepted","deterministic_source_normalization","normalized_atomic","Cross-horizon","Phase 4","SUB-E012","US-MSR-025-01","AC-MSR-025-01-07","TC-MSR-025-C02B24E26D","","No implementation evidence inferred."
"MSR-025-BAB17A0CE2","25","OMNICHANNEL COLLECTIONS","832","bullet","account-manager task.","The platform must support account-manager task. within omnichannel collections.","accepted","deterministic_source_normalization","normalized_atomic","Cross-horizon","Phase 4","SUB-E012","US-MSR-025-01","AC-MSR-025-01-08","TC-MSR-025-BAB17A0CE2","","No implementation evidence inferred."
"MSR-025-66D2B70858","25","OMNICHANNEL COLLECTIONS","834","contextual_prose","Collections workflow designer:","Product and implementation decisions must conform to this master-specification constraint: Collections workflow designer:.","parent_context","deterministic_source_normalization","context_only","Cross-horizon","Phase 4","","","","","","Retained as context; delivery coverage is carried by child candidates."
"MSR-025-A4F41E39EB","25","OMNICHANNEL COLLECTIONS","836","contextual_prose","Payment Due ↓ Has autopay?","Product and implementation decisions must conform to this master-specification constraint: Payment Due ↓ Has autopay?","accepted","deterministic_source_normalization","normalized_atomic","Cross-horizon","Phase 4","SUB-E012","US-MSR-025-01","AC-MSR-025-01-09","TC-MSR-025-A4F41E39EB","","No implementation evidence inferred."
"MSR-025-84BA541174","25","OMNICHANNEL COLLECTIONS","836","contextual_prose","YES → schedule collection NO → send reminder ↓ Payment successful?","Product and implementation decisions must conform to this master-specification constraint: YES → schedule collection NO → send reminder ↓ Payment successful?","accepted","deterministic_source_normalization","normalized_atomic","Cross-horizon","Phase 4","SUB-E012","US-MSR-025-01","AC-MSR-025-01-10","TC-MSR-025-84BA541174","","No implementation evidence inferred."
"MSR-025-AFF4ADCBD9","25","OMNICHANNEL COLLECTIONS","836","contextual_prose","YES → receipt NO ↓ Risk score?","Product and implementation decisions must conform to this master-specification constraint: YES → receipt NO ↓ Risk score?","accepted","deterministic_source_normalization","normalized_atomic","Cross-horizon","Phase 4","SUB-E012","US-MSR-025-02","AC-MSR-025-02-01","TC-MSR-025-AFF4ADCBD9","","No implementation evidence inferred."
"MSR-025-87B3BFAA09","25","OMNICHANNEL COLLECTIONS","836","contextual_prose","HIGH → alternative payment recommendation MEDIUM → retry LOW → standard reminder.","Product and implementation decisions must conform to this master-specification constraint: HIGH → alternative payment recommendation MEDIUM → retry LOW → standard reminder.","accepted","deterministic_source_normalization","normalized_atomic","Cross-horizon","Phase 4","SUB-E012","US-MSR-025-02","AC-MSR-025-02-02","TC-MSR-025-87B3BFAA09","","No implementation evidence inferred."
"MSR-025-C51A5CEE15","25","OMNICHANNEL COLLECTIONS","851","contextual_prose","Make workflows configurable through a visual designer.","Product and implementation decisions must conform to this master-specification constraint: Make workflows configurable through a visual designer.","accepted","deterministic_source_normalization","normalized_atomic","Cross-horizon","Phase 4","SUB-E012","US-MSR-025-02","AC-MSR-025-02-03","TC-MSR-025-C51A5CEE15","","No implementation evidence inferred."
"MSR-026-614D97D5DA","26","PAYMENT LINKS","857","normative_prose","Every reminder should optionally contain:","Every reminder should optionally contain:.","parent_context","deterministic_source_normalization","context_only","Cross-horizon","Phase 4","","","","","","Retained as context; delivery coverage is carried by child candidates."
"MSR-026-725522D8FC","26","PAYMENT LINKS","861","normative_prose","Generate secure, expiring payment links.","Generate secure, expiring payment links.","accepted","deterministic_source_normalization","normalized_atomic","Cross-horizon","Phase 4","SUB-E009","US-MSR-026-01","AC-MSR-026-01-01","TC-MSR-026-725522D8FC","","No implementation evidence inferred."
"MSR-026-73C40DD16A","26","PAYMENT LINKS","863","normative_prose","The subscriber should be able to complete payment with minimal steps.","The subscriber should be able to complete payment with minimal steps.","accepted","deterministic_source_normalization","normalized_atomic","Cross-horizon","Phase 4","SUB-E009","US-MSR-026-01","AC-MSR-026-01-02","TC-MSR-026-73C40DD16A","","No implementation evidence inferred."
"MSR-026-1E706F4AB3","26","PAYMENT LINKS","865","normative_prose","No login should be mandatory when security policy permits payment through a signed link.","No login should be mandatory when security policy permits payment through a signed link.","accepted","deterministic_source_normalization","normalized_atomic","Cross-horizon","Phase 4","SUB-E009","US-MSR-026-01","AC-MSR-026-01-03","TC-MSR-026-1E706F4AB3","","No implementation evidence inferred."
"MSR-027-FBC5C67B6C","27","ONE-CLICK PAYMENT EXPERIENCE","871","contextual_prose","For existing verified payment methods:","Product and implementation decisions must conform to this master-specification constraint: For existing verified payment methods:.","parent_context","deterministic_source_normalization","context_only","Cross-horizon","Phase 4","","","","","","Retained as context; delivery coverage is carried by child candidates."
"MSR-027-4A18B60237","27","ONE-CLICK PAYMENT EXPERIENCE","873","contextual_prose","""Your subscription payment of ₹1,499 is due tomorrow.","Product and implementation decisions must conform to this master-specification constraint: ""Your subscription payment of ₹1,499 is due tomorrow.","accepted","deterministic_source_normalization","normalized_atomic","Cross-horizon","Phase 4","SUB-E009","US-MSR-027-01","AC-MSR-027-01-01","TC-MSR-027-4A18B60237","","No implementation evidence inferred."
"MSR-027-8E10466F27","27","ONE-CLICK PAYMENT EXPERIENCE","875","contextual_prose","[Pay ₹1,499]","Product and implementation decisions must conform to this master-specification constraint: [Pay ₹1,499].","accepted","deterministic_source_normalization","normalized_atomic","Cross-horizon","Phase 4","SUB-E009","US-MSR-027-01","AC-MSR-027-01-02","TC-MSR-027-8E10466F27","","No implementation evidence inferred."
"MSR-027-29AFEF0A3B","27","ONE-CLICK PAYMENT EXPERIENCE","877","contextual_prose","[Change payment method]","Product and implementation decisions must conform to this master-specification constraint: [Change payment method].","accepted","deterministic_source_normalization","normalized_atomic","Cross-horizon","Phase 4","SUB-E009","US-MSR-027-01","AC-MSR-027-01-03","TC-MSR-027-29AFEF0A3B","","No implementation evidence inferred."
"MSR-027-2545F11DE7","27","ONE-CLICK PAYMENT EXPERIENCE","879","contextual_prose","[Need help]","Product and implementation decisions must conform to this master-specification constraint: [Need help].","accepted","deterministic_source_normalization","normalized_atomic","Cross-horizon","Phase 4","SUB-E009","US-MSR-027-01","AC-MSR-027-01-04","TC-MSR-027-2545F11DE7","","No implementation evidence inferred."
"MSR-027-FEA3B83897","27","ONE-CLICK PAYMENT EXPERIENCE","881","normative_prose","Do not deliberately introduce friction.","Do not deliberately introduce friction.","accepted","deterministic_source_normalization","normalized_atomic","Cross-horizon","Phase 4","SUB-E009","US-MSR-027-01","AC-MSR-027-01-05","TC-MSR-027-FEA3B83897","","No implementation evidence inferred."
"MSR-028-36F9568795","28","SUBSCRIBER PAYMENT INBOX","887","contextual_prose","Create a unified subscriber billing inbox.","Product and implementation decisions must conform to this master-specification constraint: Create a unified subscriber billing inbox.","accepted","deterministic_source_normalization","normalized_atomic","Cross-horizon","Phase 4","SUB-E009","US-MSR-028-01","AC-MSR-028-01-01","TC-MSR-028-36F9568795","","No implementation evidence inferred."
"MSR-028-F9D05314AA","28","SUBSCRIBER PAYMENT INBOX","889","normative_prose","Display:","Display:.","parent_context","deterministic_source_normalization","context_only","Cross-horizon","Phase 4","","","","","","Retained as context; delivery coverage is carried by child candidates."
"MSR-028-D080E2AE5E","28","SUBSCRIBER PAYMENT INBOX","890","bullet","Upcoming amount and due date","The platform must support Upcoming amount and due date within subscriber payment inbox.","accepted","deterministic_source_normalization","normalized_atomic","Cross-horizon","Phase 4","SUB-E009","US-MSR-028-01","AC-MSR-028-01-02","TC-MSR-028-D080E2AE5E","","No implementation evidence inferred."
"MSR-028-BA88FA1C4B","28","SUBSCRIBER PAYMENT INBOX","891","bullet","Overdue balances","The platform must support Overdue balances within subscriber payment inbox.","accepted","deterministic_source_normalization","normalized_atomic","Cross-horizon","Phase 4","SUB-E009","US-MSR-028-01","AC-MSR-028-01-03","TC-MSR-028-BA88FA1C4B","","No implementation evidence inferred."
"MSR-028-38CB6C83C8","28","SUBSCRIBER PAYMENT INBOX","892","bullet","Credits","The platform must support Credits within subscriber payment inbox.","accepted","deterministic_source_normalization","normalized_atomic","Cross-horizon","Phase 4","SUB-E009","US-MSR-028-01","AC-MSR-028-01-04","TC-MSR-028-38CB6C83C8","","No implementation evidence inferred."
"MSR-028-223D862F94","28","SUBSCRIBER PAYMENT INBOX","893","bullet","Autopay status","The platform must support Autopay status within subscriber payment inbox.","accepted","deterministic_source_normalization","normalized_atomic","Cross-horizon","Phase 4","SUB-E009","US-MSR-028-01","AC-MSR-028-01-05","TC-MSR-028-223D862F94","","No implementation evidence inferred."
"MSR-028-ACCDB29857","28","SUBSCRIBER PAYMENT INBOX","894","bullet","Payment method.","The platform must support Payment method. within subscriber payment inbox.","accepted","deterministic_source_normalization","normalized_atomic","Cross-horizon","Phase 4","SUB-E009","US-MSR-028-01","AC-MSR-028-01-06","TC-MSR-028-ACCDB29857","","No implementation evidence inferred."
"MSR-028-B0180F8CA9","28","SUBSCRIBER PAYMENT INBOX","896","normative_prose","Allow subscribers to pay multiple invoices together where supported.","Allow subscribers to pay multiple invoices together where supported.","accepted","deterministic_source_normalization","normalized_atomic","Cross-horizon","Phase 4","SUB-E009","US-MSR-028-01","AC-MSR-028-01-07","TC-MSR-028-B0180F8CA9","","No implementation evidence inferred."
"MSR-029-C3B6ED77C0","29","PAYMENT CALENDAR","902","contextual_prose","Give subscribers a calendar showing:","Product and implementation decisions must conform to this master-specification constraint: Give subscribers a calendar showing:.","parent_context","deterministic_source_normalization","context_only","Cross-horizon","Phase 4","","","","","","Retained as context; delivery coverage is carried by child candidates."
"MSR-029-D7CCB5D497","29","PAYMENT CALENDAR","903","bullet","upcoming charges","The platform must support upcoming charges within payment calendar.","accepted","deterministic_source_normalization","normalized_atomic","Cross-horizon","Phase 4","SUB-E009","US-MSR-029-01","AC-MSR-029-01-01","TC-MSR-029-D7CCB5D497","","No implementation evidence inferred."
"MSR-029-C2B7501DBE","29","PAYMENT CALENDAR","904","bullet","expected invoice amounts","The platform must support expected invoice amounts within payment calendar.","accepted","deterministic_source_normalization","normalized_atomic","Cross-horizon","Phase 4","SUB-E009","US-MSR-029-01","AC-MSR-029-01-02","TC-MSR-029-C2B7501DBE","","No implementation evidence inferred."
"MSR-029-A62EE66731","29","PAYMENT CALENDAR","905","bullet","renewals","The platform must support renewals within payment calendar.","accepted","deterministic_source_normalization","normalized_atomic","Cross-horizon","Phase 4","SUB-E009","US-MSR-029-01","AC-MSR-029-01-03","TC-MSR-029-A62EE66731","","No implementation evidence inferred."
"MSR-029-F8AEC59BE7","29","PAYMENT CALENDAR","906","bullet","trial endings","The platform must support trial endings within payment calendar.","accepted","deterministic_source_normalization","normalized_atomic","Cross-horizon","Phase 4","SUB-E009","US-MSR-029-01","AC-MSR-029-01-04","TC-MSR-029-F8AEC59BE7","","No implementation evidence inferred."
"MSR-029-D9EF907ED9","29","PAYMENT CALENDAR","907","bullet","promotional expiries","The platform must support promotional expiries within payment calendar.","accepted","deterministic_source_normalization","normalized_atomic","Cross-horizon","Phase 4","SUB-E009","US-MSR-029-01","AC-MSR-029-01-05","TC-MSR-029-D9EF907ED9","","No implementation evidence inferred."
"MSR-029-33A4E0E050","29","PAYMENT CALENDAR","908","bullet","scheduled price changes.","The platform must support scheduled price changes. within payment calendar.","accepted","deterministic_source_normalization","normalized_atomic","Cross-horizon","Phase 4","SUB-E009","US-MSR-029-01","AC-MSR-029-01-06","TC-MSR-029-33A4E0E050","","No implementation evidence inferred."
"MSR-029-BC9C6C284D","29","PAYMENT CALENDAR","910","contextual_prose","This reduces surprise and bill shock.","Product and implementation decisions must conform to this master-specification constraint: This reduces surprise and bill shock.","accepted","deterministic_source_normalization","normalized_atomic","Cross-horizon","Phase 4","SUB-E009","US-MSR-029-01","AC-MSR-029-01-07","TC-MSR-029-BC9C6C284D","","No implementation evidence inferred."
"MSR-030-8AAED3E670","30","BILL SHOCK PREVENTION","916","contextual_prose","Continuously monitor expected consumption.","Product and implementation decisions must conform to this master-specification constraint: Continuously monitor expected consumption.","accepted","deterministic_source_normalization","normalized_atomic","Cross-horizon","Phase 4","SUB-E009","US-MSR-030-01","AC-MSR-030-01-01","TC-MSR-030-8AAED3E670","","No implementation evidence inferred."
"MSR-030-3389D153DA","30","BILL SHOCK PREVENTION","918","contextual_prose","Example:","Product and implementation decisions must conform to this master-specification constraint: Example:.","parent_context","deterministic_source_normalization","context_only","Cross-horizon","Phase 4","","","","","","Retained as context; delivery coverage is carried by child candidates."
"MSR-030-922BE8C47A","30","BILL SHOCK PREVENTION","920","contextual_prose","""You have consumed 85% of your monthly API allocation.","Product and implementation decisions must conform to this master-specification constraint: ""You have consumed 85% of your monthly API allocation.","accepted","deterministic_source_normalization","normalized_atomic","Cross-horizon","Phase 4","SUB-E009","US-MSR-030-01","AC-MSR-030-01-02","TC-MSR-030-922BE8C47A","","No implementation evidence inferred."
"MSR-030-947712D975","30","BILL SHOCK PREVENTION","922","contextual_prose","""At your current usage rate your bill may reach approximately ₹14,300 versus your normal ₹8,000.","Product and implementation decisions must conform to this master-specification constraint: ""At your current usage rate your bill may reach approximately ₹14,300 versus your normal ₹8,000.","accepted","deterministic_source_normalization","normalized_atomic","Cross-horizon","Phase 4","SUB-E009","US-MSR-030-01","AC-MSR-030-01-03","TC-MSR-030-947712D975","","No implementation evidence inferred."
"MSR-030-4C16CAE359","30","BILL SHOCK PREVENTION","924","normative_prose","Offer:","Offer:.","parent_context","deterministic_source_normalization","context_only","Cross-horizon","Phase 4","","","","","","Retained as context; delivery coverage is carried by child candidates."
"MSR-030-9FC48C27F0","30","BILL SHOCK PREVENTION","925","bullet","Upgrade plan","The platform must support Upgrade plan within bill shock prevention.","accepted","deterministic_source_normalization","normalized_atomic","Cross-horizon","Phase 4","SUB-E009","US-MSR-030-01","AC-MSR-030-01-04","TC-MSR-030-9FC48C27F0","","No implementation evidence inferred."
"MSR-030-F4BC078E8B","30","BILL SHOCK PREVENTION","926","bullet","Set usage limit","The platform must support Set usage limit within bill shock prevention.","accepted","deterministic_source_normalization","normalized_atomic","Cross-horizon","Phase 4","SUB-E009","US-MSR-030-01","AC-MSR-030-01-05","TC-MSR-030-F4BC078E8B","","No implementation evidence inferred."
"MSR-030-FF7CA7B8EF","30","BILL SHOCK PREVENTION","927","bullet","Alert at threshold","The platform must support Alert at threshold within bill shock prevention.","accepted","deterministic_source_normalization","normalized_atomic","Cross-horizon","Phase 4","SUB-E009","US-MSR-030-01","AC-MSR-030-01-06","TC-MSR-030-FF7CA7B8EF","","No implementation evidence inferred."
"MSR-030-D88C131B17","30","BILL SHOCK PREVENTION","928","bullet","Continue","The platform must support Continue within bill shock prevention.","accepted","deterministic_source_normalization","normalized_atomic","Cross-horizon","Phase 4","SUB-E009","US-MSR-030-01","AC-MSR-030-01-07","TC-MSR-030-D88C131B17","","No implementation evidence inferred."
"MSR-030-63621C3E95","30","BILL SHOCK PREVENTION","930","normative_prose","This should be a core customer-trust capability.","This should be a core customer-trust capability.","accepted","deterministic_source_normalization","normalized_atomic","Cross-horizon","Phase 4","SUB-E009","US-MSR-030-01","AC-MSR-030-01-08","TC-MSR-030-63621C3E95","","No implementation evidence inferred."
"MSR-031-F329BFCC19","31","FLEXIBLE PAYMENT ARRANGEMENTS","936","contextual_prose","Depending upon merchant policy permit subscribers to:","Product and implementation decisions must conform to this master-specification constraint: Depending upon merchant policy permit subscribers to:.","parent_context","deterministic_source_normalization","context_only","Cross-horizon","Phase 4","","","","","","Retained as context; delivery coverage is carried by child candidates."
"MSR-031-6E8B8C331F","31","FLEXIBLE PAYMENT ARRANGEMENTS","937","bullet","request extension","The platform must support request extension within flexible payment arrangements.","accepted","deterministic_source_normalization","normalized_atomic","Cross-horizon","Phase 4","SUB-E010","US-MSR-031-01","AC-MSR-031-01-01","TC-MSR-031-6E8B8C331F","","No implementation evidence inferred."
"MSR-031-3AFFA0C634","31","FLEXIBLE PAYMENT ARRANGEMENTS","938","bullet","split invoice","The platform must support split invoice within flexible payment arrangements.","accepted","deterministic_source_normalization","normalized_atomic","Cross-horizon","Phase 4","SUB-E010","US-MSR-031-01","AC-MSR-031-01-02","TC-MSR-031-3AFFA0C634","","No implementation evidence inferred."
"MSR-031-8636B883EA","31","FLEXIBLE PAYMENT ARRANGEMENTS","939","bullet","establish installment plan","The platform must support establish installment plan within flexible payment arrangements.","accepted","deterministic_source_normalization","normalized_atomic","Cross-horizon","Phase 4","SUB-E010","US-MSR-031-01","AC-MSR-031-01-03","TC-MSR-031-8636B883EA","","No implementation evidence inferred."
"MSR-031-B4A881B3E4","31","FLEXIBLE PAYMENT ARRANGEMENTS","940","bullet","change billing day","The platform must support change billing day within flexible payment arrangements.","accepted","deterministic_source_normalization","normalized_atomic","Cross-horizon","Phase 4","SUB-E010","US-MSR-031-01","AC-MSR-031-01-04","TC-MSR-031-B4A881B3E4","","No implementation evidence inferred."
"MSR-031-8C1ABA933A","31","FLEXIBLE PAYMENT ARRANGEMENTS","941","bullet","select alternative payment method","The platform must support select alternative payment method within flexible payment arrangements.","accepted","deterministic_source_normalization","normalized_atomic","Cross-horizon","Phase 4","SUB-E010","US-MSR-031-01","AC-MSR-031-01-05","TC-MSR-031-8C1ABA933A","","No implementation evidence inferred."
"MSR-031-1FB9BF569C","31","FLEXIBLE PAYMENT ARRANGEMENTS","942","bullet","use wallet balance","The platform must support use wallet balance within flexible payment arrangements.","accepted","deterministic_source_normalization","normalized_atomic","Cross-horizon","Phase 4","SUB-E010","US-MSR-031-01","AC-MSR-031-01-06","TC-MSR-031-1FB9BF569C","","No implementation evidence inferred."
"MSR-031-020D54A12C","31","FLEXIBLE PAYMENT ARRANGEMENTS","943","bullet","redeem credits.","The platform must support redeem credits. within flexible payment arrangements.","accepted","deterministic_source_normalization","normalized_atomic","Cross-horizon","Phase 4","SUB-E010","US-MSR-031-01","AC-MSR-031-01-07","TC-MSR-031-020D54A12C","","No implementation evidence inferred."
"MSR-031-E2A47CF493","31","FLEXIBLE PAYMENT ARRANGEMENTS","945","contextual_prose","Merchant defines eligibility rules.","Product and implementation decisions must conform to this master-specification constraint: Merchant defines eligibility rules.","accepted","deterministic_source_normalization","normalized_atomic","Cross-horizon","Phase 4","SUB-E010","US-MSR-031-01","AC-MSR-031-01-08","TC-MSR-031-E2A47CF493","","No implementation evidence inferred."
"MSR-031-1E585F3359","31","FLEXIBLE PAYMENT ARRANGEMENTS","947","normative_prose","AI can recommend but may not independently approve exceptions outside policy.","AI can recommend but may not independently approve exceptions outside policy.","accepted","deterministic_source_normalization","normalized_atomic","Cross-horizon","Phase 4","SUB-E010","US-MSR-031-01","AC-MSR-031-01-09","TC-MSR-031-1E585F3359","","No implementation evidence inferred."
"MSR-032-3B64A5D20E","32","CUSTOMER SELF-SERVICE PORTAL","953","normative_prose","The portal must feel closer to a polished consumer fintech product than enterprise billing software.","The portal must feel closer to a polished consumer fintech product than enterprise billing software.","accepted","deterministic_source_normalization","normalized_atomic","Cross-horizon","Phase 4","SUB-E010","US-MSR-032-01","AC-MSR-032-01-01","TC-MSR-032-3B64A5D20E","","No implementation evidence inferred."
"MSR-032-9F446F1380","32","CUSTOMER SELF-SERVICE PORTAL","955","contextual_prose","Navigation:","Product and implementation decisions must conform to this master-specification constraint: Navigation:.","parent_context","deterministic_source_normalization","context_only","Cross-horizon","Phase 4","","","","","","Retained as context; delivery coverage is carried by child candidates."
"MSR-032-3C1BA92033","32","CUSTOMER SELF-SERVICE PORTAL","957","normative_prose","Home Subscriptions Usage Bills Payments Payment Methods Orders Credits Support.","Home Subscriptions Usage Bills Payments Payment Methods Orders Credits Support.","accepted","deterministic_source_normalization","normalized_atomic","Cross-horizon","Phase 4","SUB-E010","US-MSR-032-01","AC-MSR-032-01-02","TC-MSR-032-3C1BA92033","","No implementation evidence inferred."
"MSR-032-29385EFAD4","32","CUSTOMER SELF-SERVICE PORTAL","967","contextual_prose","Users can:","Product and implementation decisions must conform to this master-specification constraint: Users can:.","parent_context","deterministic_source_normalization","context_only","Cross-horizon","Phase 4","","","","","","Retained as context; delivery coverage is carried by child candidates."
"MSR-032-113D468856","32","CUSTOMER SELF-SERVICE PORTAL","968","bullet","upgrade","The platform must support upgrade within customer self-service portal.","accepted","deterministic_source_normalization","normalized_atomic","Cross-horizon","Phase 4","SUB-E010","US-MSR-032-01","AC-MSR-032-01-03","TC-MSR-032-113D468856","","No implementation evidence inferred."
"MSR-032-D20A64C179","32","CUSTOMER SELF-SERVICE PORTAL","969","bullet","downgrade","The platform must support downgrade within customer self-service portal.","accepted","deterministic_source_normalization","normalized_atomic","Cross-horizon","Phase 4","SUB-E010","US-MSR-032-01","AC-MSR-032-01-04","TC-MSR-032-D20A64C179","","No implementation evidence inferred."
"MSR-032-6D2A4336B1","32","CUSTOMER SELF-SERVICE PORTAL","970","bullet","pause","The platform must support pause within customer self-service portal.","accepted","deterministic_source_normalization","normalized_atomic","Cross-horizon","Phase 4","SUB-E010","US-MSR-032-01","AC-MSR-032-01-05","TC-MSR-032-6D2A4336B1","","No implementation evidence inferred."
"MSR-032-BD5830A440","32","CUSTOMER SELF-SERVICE PORTAL","971","bullet","resume","The platform must support resume within customer self-service portal.","accepted","deterministic_source_normalization","normalized_atomic","Cross-horizon","Phase 4","SUB-E010","US-MSR-032-01","AC-MSR-032-01-06","TC-MSR-032-BD5830A440","","No implementation evidence inferred."
"MSR-032-AC5FF0145A","32","CUSTOMER SELF-SERVICE PORTAL","972","bullet","add seats","The platform must support add seats within customer self-service portal.","accepted","deterministic_source_normalization","normalized_atomic","Cross-horizon","Phase 4","SUB-E010","US-MSR-032-01","AC-MSR-032-01-07","TC-MSR-032-AC5FF0145A","","No implementation evidence inferred."
"MSR-032-C8D197000B","32","CUSTOMER SELF-SERVICE PORTAL","973","bullet","remove seats","The platform must support remove seats within customer self-service portal.","accepted","deterministic_source_normalization","normalized_atomic","Cross-horizon","Phase 4","SUB-E010","US-MSR-032-01","AC-MSR-032-01-08","TC-MSR-032-C8D197000B","","No implementation evidence inferred."
"MSR-032-B7F0A9BBD7","32","CUSTOMER SELF-SERVICE PORTAL","974","bullet","buy add-ons","The platform must support buy add-ons within customer self-service portal.","accepted","deterministic_source_normalization","normalized_atomic","Cross-horizon","Phase 4","SUB-E010","US-MSR-032-01","AC-MSR-032-01-09","TC-MSR-032-B7F0A9BBD7","","No implementation evidence inferred."
"MSR-032-E1C234EDF2","32","CUSTOMER SELF-SERVICE PORTAL","975","bullet","cancel","The platform must support cancel within customer self-service portal.","accepted","deterministic_source_normalization","normalized_atomic","Cross-horizon","Phase 4","SUB-E010","US-MSR-032-01","AC-MSR-032-01-10","TC-MSR-032-E1C234EDF2","","No implementation evidence inferred."
"MSR-032-FF8A1032F0","32","CUSTOMER SELF-SERVICE PORTAL","976","bullet","renew","The platform must support renew within customer self-service portal.","accepted","deterministic_source_normalization","normalized_atomic","Cross-horizon","Phase 4","SUB-E010","US-MSR-032-02","AC-MSR-032-02-01","TC-MSR-032-FF8A1032F0","","No implementation evidence inferred."
"MSR-032-13734A4B10","32","CUSTOMER SELF-SERVICE PORTAL","977","bullet","change billing frequency","The platform must support change billing frequency within customer self-service portal.","accepted","deterministic_source_normalization","normalized_atomic","Cross-horizon","Phase 4","SUB-E010","US-MSR-032-02","AC-MSR-032-02-02","TC-MSR-032-13734A4B10","","No implementation evidence inferred."
"MSR-032-B9F848201B","32","CUSTOMER SELF-SERVICE PORTAL","978","bullet","update payment methods","The platform must support update payment methods within customer self-service portal.","accepted","deterministic_source_normalization","normalized_atomic","Cross-horizon","Phase 4","SUB-E010","US-MSR-032-02","AC-MSR-032-02-03","TC-MSR-032-B9F848201B","","No implementation evidence inferred."
"MSR-032-90F733BBA0","32","CUSTOMER SELF-SERVICE PORTAL","979","bullet","download invoices","The platform must support download invoices within customer self-service portal.","accepted","deterministic_source_normalization","normalized_atomic","Cross-horizon","Phase 4","SUB-E010","US-MSR-032-02","AC-MSR-032-02-04","TC-MSR-032-90F733BBA0","","No implementation evidence inferred."
"MSR-032-57FB109DB9","32","CUSTOMER SELF-SERVICE PORTAL","980","bullet","inspect usage","The platform must support inspect usage within customer self-service portal.","accepted","deterministic_source_normalization","normalized_atomic","Cross-horizon","Phase 4","SUB-E010","US-MSR-032-02","AC-MSR-032-02-05","TC-MSR-032-57FB109DB9","","No implementation evidence inferred."
"MSR-032-76214E6E76","32","CUSTOMER SELF-SERVICE PORTAL","981","bullet","pay balances","The platform must support pay balances within customer self-service portal.","accepted","deterministic_source_normalization","normalized_atomic","Cross-horizon","Phase 4","SUB-E010","US-MSR-032-02","AC-MSR-032-02-06","TC-MSR-032-76214E6E76","","No implementation evidence inferred."
"MSR-032-85DEAF8C0C","32","CUSTOMER SELF-SERVICE PORTAL","982","bullet","configure alerts.","The platform must support configure alerts. within customer self-service portal.","accepted","deterministic_source_normalization","normalized_atomic","Cross-horizon","Phase 4","SUB-E010","US-MSR-032-02","AC-MSR-032-02-07","TC-MSR-032-85DEAF8C0C","","No implementation evidence inferred."
"MSR-033-D2EC99ED43","33","EXPLAINABLE BILLING","988","normative_prose","Include:","Include:.","parent_context","deterministic_source_normalization","context_only","Cross-horizon","Phase 4","","","","","","Retained as context; delivery coverage is carried by child candidates."
"MSR-033-76802CD768","33","EXPLAINABLE BILLING","992","contextual_prose","Subscriber asks:","Product and implementation decisions must conform to this master-specification constraint: Subscriber asks:.","parent_context","deterministic_source_normalization","context_only","Cross-horizon","Phase 4","","","","","","Retained as context; delivery coverage is carried by child candidates."
"MSR-033-B18E960E00","33","EXPLAINABLE BILLING","994","contextual_prose","""Why is my bill higher than last month?","Product and implementation decisions must conform to this master-specification constraint: ""Why is my bill higher than last month?","accepted","deterministic_source_normalization","normalized_atomic","Cross-horizon","Phase 4","SUB-E010","US-MSR-033-01","AC-MSR-033-01-01","TC-MSR-033-B18E960E00","","No implementation evidence inferred."
"MSR-033-12753F02CA","33","EXPLAINABLE BILLING","996","normative_prose","System should ground its response in actual bill data.","System should ground its response in actual bill data.","accepted","deterministic_source_normalization","normalized_atomic","Cross-horizon","Phase 4","SUB-E010","US-MSR-033-01","AC-MSR-033-01-02","TC-MSR-033-12753F02CA","","No implementation evidence inferred."
"MSR-033-D27DB66D7B","33","EXPLAINABLE BILLING","998","contextual_prose","Example:","Product and implementation decisions must conform to this master-specification constraint: Example:.","parent_context","deterministic_source_normalization","context_only","Cross-horizon","Phase 4","","","","","","Retained as context; delivery coverage is carried by child candidates."
"MSR-033-9AFA7B8283","33","EXPLAINABLE BILLING","1000","contextual_prose","""Your September bill increased by ₹1,240.","Product and implementation decisions must conform to this master-specification constraint: ""Your September bill increased by ₹1,240.","accepted","deterministic_source_normalization","normalized_atomic","Cross-horizon","Phase 4","SUB-E010","US-MSR-033-01","AC-MSR-033-01-03","TC-MSR-033-9AFA7B8283","","No implementation evidence inferred."
"MSR-033-08C3ED34AF","33","EXPLAINABLE BILLING","1000","contextual_prose","₹920 resulted from 460 additional premium API requests and ₹320 resulted from adding two seats on September 12.","Product and implementation decisions must conform to this master-specification constraint: ₹920 resulted from 460 additional premium API requests and ₹320 resulted from adding two seats on September 12.","accepted","deterministic_source_normalization","normalized_atomic","Cross-horizon","Phase 4","SUB-E010","US-MSR-033-01","AC-MSR-033-01-04","TC-MSR-033-08C3ED34AF","","No implementation evidence inferred."
"MSR-033-20871FBF73","33","EXPLAINABLE BILLING","1002","normative_prose","Every explanation should reference actual underlying transaction records.","Every explanation should reference actual underlying transaction records.","accepted","deterministic_source_normalization","normalized_atomic","Cross-horizon","Phase 4","SUB-E010","US-MSR-033-01","AC-MSR-033-01-05","TC-MSR-033-20871FBF73","","No implementation evidence inferred."
"MSR-034-8874EA0684","34","CUSTOMER-SPECIFIC PERSONALIZATION","1008","contextual_prose","Permit subscriber UI personalization based upon:","Product and implementation decisions must conform to this master-specification constraint: Permit subscriber UI personalization based upon:.","parent_context","deterministic_source_normalization","context_only","Cross-horizon","Phase 4","","","","","","Retained as context; delivery coverage is carried by child candidates."
"MSR-034-EC586350C2","34","CUSTOMER-SPECIFIC PERSONALIZATION","1009","bullet","account type","The platform must support account type within customer-specific personalization.","accepted","deterministic_source_normalization","normalized_atomic","Cross-horizon","Phase 4","SUB-E010","US-MSR-034-01","AC-MSR-034-01-01","TC-MSR-034-EC586350C2","","No implementation evidence inferred."
"MSR-034-AF04961727","34","CUSTOMER-SPECIFIC PERSONALIZATION","1010","bullet","subscribed products","The platform must support subscribed products within customer-specific personalization.","accepted","deterministic_source_normalization","normalized_atomic","Cross-horizon","Phase 4","SUB-E010","US-MSR-034-01","AC-MSR-034-01-02","TC-MSR-034-AF04961727","","No implementation evidence inferred."
"MSR-034-3FA88DC831","34","CUSTOMER-SPECIFIC PERSONALIZATION","1011","bullet","geography","The platform must support geography within customer-specific personalization.","accepted","deterministic_source_normalization","normalized_atomic","Cross-horizon","Phase 4","SUB-E010","US-MSR-034-01","AC-MSR-034-01-03","TC-MSR-034-3FA88DC831","","No implementation evidence inferred."
"MSR-034-077A5F5005","34","CUSTOMER-SPECIFIC PERSONALIZATION","1012","bullet","lifecycle state","The platform must support lifecycle state within customer-specific personalization.","accepted","deterministic_source_normalization","normalized_atomic","Cross-horizon","Phase 4","SUB-E010","US-MSR-034-01","AC-MSR-034-01-04","TC-MSR-034-077A5F5005","","No implementation evidence inferred."
"MSR-034-9FE048F8B3","34","CUSTOMER-SPECIFIC PERSONALIZATION","1013","bullet","payment status.","The platform must support payment status. within customer-specific personalization.","accepted","deterministic_source_normalization","normalized_atomic","Cross-horizon","Phase 4","SUB-E010","US-MSR-034-01","AC-MSR-034-01-05","TC-MSR-034-9FE048F8B3","","No implementation evidence inferred."
"MSR-034-0704FC55DA","34","CUSTOMER-SPECIFIC PERSONALIZATION","1015","normative_prose","Do not dark-pattern subscribers into retaining subscriptions.","Do not dark-pattern subscribers into retaining subscriptions.","accepted","deterministic_source_normalization","normalized_atomic","Cross-horizon","Phase 4","SUB-E010","US-MSR-034-01","AC-MSR-034-01-06","TC-MSR-034-0704FC55DA","","No implementation evidence inferred."
"MSR-034-996E2065F8","34","CUSTOMER-SPECIFIC PERSONALIZATION","1017","normative_prose","Cancellation should be transparent.","Cancellation should be transparent.","accepted","deterministic_source_normalization","normalized_atomic","Cross-horizon","Phase 4","SUB-E010","US-MSR-034-01","AC-MSR-034-01-07","TC-MSR-034-996E2065F8","","No implementation evidence inferred."
"MSR-034-5AE1C0BE8F","34","CUSTOMER-SPECIFIC PERSONALIZATION","1019","contextual_prose","Retention offers may be presented when merchant policy allows.","Product and implementation decisions must conform to this master-specification constraint: Retention offers may be presented when merchant policy allows.","accepted","deterministic_source_normalization","normalized_atomic","Cross-horizon","Phase 4","SUB-E010","US-MSR-034-01","AC-MSR-034-01-08","TC-MSR-034-5AE1C0BE8F","","No implementation evidence inferred."
"MSR-035-C8A0069816","35","CHURN MANAGEMENT","1025","normative_prose","Implement voluntary and involuntary churn separately.","Implement voluntary and involuntary churn separately.","accepted","deterministic_source_normalization","normalized_atomic","Cross-horizon","Phase 4","SUB-E010","US-MSR-035-01","AC-MSR-035-01-01","TC-MSR-035-C8A0069816","","No implementation evidence inferred."
"MSR-035-441BCF2FFB","35","CHURN MANAGEMENT","1029","contextual_prose","Payment failure.","Product and implementation decisions must conform to this master-specification constraint: Payment failure.","accepted","deterministic_source_normalization","normalized_atomic","Cross-horizon","Phase 4","SUB-E010","US-MSR-035-01","AC-MSR-035-01-02","TC-MSR-035-441BCF2FFB","","No implementation evidence inferred."
"MSR-035-F45BF2002D","35","CHURN MANAGEMENT","1031","normative_prose","Use:","Use:.","parent_context","deterministic_source_normalization","context_only","Cross-horizon","Phase 4","","","","","","Retained as context; delivery coverage is carried by child candidates."
"MSR-035-D4E69C8510","35","CHURN MANAGEMENT","1032","bullet","pre-due reminders","The platform must support pre-due reminders within churn management.","accepted","deterministic_source_normalization","normalized_atomic","Cross-horizon","Phase 4","SUB-E010","US-MSR-035-01","AC-MSR-035-01-03","TC-MSR-035-D4E69C8510","","No implementation evidence inferred."
"MSR-035-9DF8AE559E","35","CHURN MANAGEMENT","1033","bullet","account updater","The platform must support account updater within churn management.","accepted","deterministic_source_normalization","normalized_atomic","Cross-horizon","Phase 4","SUB-E010","US-MSR-035-01","AC-MSR-035-01-04","TC-MSR-035-9DF8AE559E","","No implementation evidence inferred."
"MSR-035-92125E3BB1","35","CHURN MANAGEMENT","1034","bullet","intelligent retries","The platform must support intelligent retries within churn management.","accepted","deterministic_source_normalization","normalized_atomic","Cross-horizon","Phase 4","SUB-E010","US-MSR-035-01","AC-MSR-035-01-05","TC-MSR-035-92125E3BB1","","No implementation evidence inferred."
"MSR-035-B68E6DC96F","35","CHURN MANAGEMENT","1035","bullet","alternate rails","The platform must support alternate rails within churn management.","accepted","deterministic_source_normalization","normalized_atomic","Cross-horizon","Phase 4","SUB-E010","US-MSR-035-01","AC-MSR-035-01-06","TC-MSR-035-B68E6DC96F","","No implementation evidence inferred."
"MSR-035-FB771978F1","35","CHURN MANAGEMENT","1036","bullet","payment links","The platform must support payment links within churn management.","accepted","deterministic_source_normalization","normalized_atomic","Cross-horizon","Phase 4","SUB-E010","US-MSR-035-01","AC-MSR-035-01-07","TC-MSR-035-FB771978F1","","No implementation evidence inferred."
"MSR-035-C15DD6E66E","35","CHURN MANAGEMENT","1037","bullet","collections workflows.","The platform must support collections workflows. within churn management.","accepted","deterministic_source_normalization","normalized_atomic","Cross-horizon","Phase 4","SUB-E010","US-MSR-035-01","AC-MSR-035-01-08","TC-MSR-035-C15DD6E66E","","No implementation evidence inferred."
"MSR-035-9851F176B8","35","CHURN MANAGEMENT","1041","contextual_prose","Customer cancellation intent.","Product and implementation decisions must conform to this master-specification constraint: Customer cancellation intent.","accepted","deterministic_source_normalization","normalized_atomic","Cross-horizon","Phase 4","SUB-E010","US-MSR-035-01","AC-MSR-035-01-09","TC-MSR-035-9851F176B8","","No implementation evidence inferred."
"MSR-035-4C1623BF3C","35","CHURN MANAGEMENT","1043","normative_prose","Capture reason and optionally offer:","Capture reason and optionally offer:.","parent_context","deterministic_source_normalization","context_only","Cross-horizon","Phase 4","","","","","","Retained as context; delivery coverage is carried by child candidates."
"MSR-035-5D752F0EF2","35","CHURN MANAGEMENT","1044","bullet","pause","The platform must support pause within churn management.","accepted","deterministic_source_normalization","normalized_atomic","Cross-horizon","Phase 4","SUB-E010","US-MSR-035-01","AC-MSR-035-01-10","TC-MSR-035-5D752F0EF2","","No implementation evidence inferred."
"MSR-035-009887BA06","35","CHURN MANAGEMENT","1045","bullet","downgrade","The platform must support downgrade within churn management.","accepted","deterministic_source_normalization","normalized_atomic","Cross-horizon","Phase 4","SUB-E010","US-MSR-035-02","AC-MSR-035-02-01","TC-MSR-035-009887BA06","","No implementation evidence inferred."
"MSR-035-D79AAC9079","35","CHURN MANAGEMENT","1046","bullet","alternate package","The platform must support alternate package within churn management.","accepted","deterministic_source_normalization","normalized_atomic","Cross-horizon","Phase 4","SUB-E010","US-MSR-035-02","AC-MSR-035-02-02","TC-MSR-035-D79AAC9079","","No implementation evidence inferred."
"MSR-035-8151C1728E","35","CHURN MANAGEMENT","1047","bullet","temporary discount.","The platform must support temporary discount. within churn management.","accepted","deterministic_source_normalization","normalized_atomic","Cross-horizon","Phase 4","SUB-E010","US-MSR-035-02","AC-MSR-035-02-03","TC-MSR-035-8151C1728E","","No implementation evidence inferred."
"MSR-035-970D8DD89D","35","CHURN MANAGEMENT","1049","contextual_prose","Respect immediate cancellation where contract and law permit it.","Product and implementation decisions must conform to this master-specification constraint: Respect immediate cancellation where contract and law permit it.","accepted","deterministic_source_normalization","normalized_atomic","Cross-horizon","Phase 4","SUB-E010","US-MSR-035-02","AC-MSR-035-02-04","TC-MSR-035-970D8DD89D","","No implementation evidence inferred."
"MSR-036-6AF748BA6F","36","PROMOTIONS ENGINE","1055","normative_prose","Support:","Support:.","parent_context","deterministic_source_normalization","context_only","Cross-horizon","Phase 1","","","","","","Retained as context; delivery coverage is carried by child candidates."
"MSR-036-2C4E83FECD","36","PROMOTIONS ENGINE","1056","bullet","coupons","The platform must support coupons within promotions engine.","accepted","deterministic_source_normalization","normalized_atomic","Cross-horizon","Phase 1","SUB-E005","US-MSR-036-01","AC-MSR-036-01-01","TC-MSR-036-2C4E83FECD","","No implementation evidence inferred."
"MSR-036-F016EABBED","36","PROMOTIONS ENGINE","1057","bullet","referral codes","The platform must support referral codes within promotions engine.","accepted","deterministic_source_normalization","normalized_atomic","Cross-horizon","Phase 1","SUB-E005","US-MSR-036-01","AC-MSR-036-01-02","TC-MSR-036-F016EABBED","","No implementation evidence inferred."
"MSR-036-87BB356E8A","36","PROMOTIONS ENGINE","1058","bullet","loyalty programs","The platform must support loyalty programs within promotions engine.","accepted","deterministic_source_normalization","normalized_atomic","Cross-horizon","Phase 1","SUB-E005","US-MSR-036-01","AC-MSR-036-01-03","TC-MSR-036-87BB356E8A","","No implementation evidence inferred."
"MSR-036-6942B089B2","36","PROMOTIONS ENGINE","1059","bullet","credits","The platform must support credits within promotions engine.","accepted","deterministic_source_normalization","normalized_atomic","Cross-horizon","Phase 1","SUB-E005","US-MSR-036-01","AC-MSR-036-01-04","TC-MSR-036-6942B089B2","","No implementation evidence inferred."
"MSR-036-948C021203","36","PROMOTIONS ENGINE","1060","bullet","introductory offers","The platform must support introductory offers within promotions engine.","accepted","deterministic_source_normalization","normalized_atomic","Cross-horizon","Phase 1","SUB-E005","US-MSR-036-01","AC-MSR-036-01-05","TC-MSR-036-948C021203","","No implementation evidence inferred."
"MSR-036-2C7A7184B8","36","PROMOTIONS ENGINE","1061","bullet","bundles","The platform must support bundles within promotions engine.","accepted","deterministic_source_normalization","normalized_atomic","Cross-horizon","Phase 1","SUB-E005","US-MSR-036-01","AC-MSR-036-01-06","TC-MSR-036-2C7A7184B8","","No implementation evidence inferred."
"MSR-036-069032BD37","36","PROMOTIONS ENGINE","1062","bullet","free months","The platform must support free months within promotions engine.","accepted","deterministic_source_normalization","normalized_atomic","Cross-horizon","Phase 1","SUB-E005","US-MSR-036-01","AC-MSR-036-01-07","TC-MSR-036-069032BD37","","No implementation evidence inferred."
"MSR-036-12BB99171F","36","PROMOTIONS ENGINE","1063","bullet","percentage discount","The platform must support percentage discount within promotions engine.","accepted","deterministic_source_normalization","normalized_atomic","Cross-horizon","Phase 1","SUB-E005","US-MSR-036-01","AC-MSR-036-01-08","TC-MSR-036-12BB99171F","","No implementation evidence inferred."
"MSR-036-24AEF25E68","36","PROMOTIONS ENGINE","1064","bullet","fixed discounts.","The platform must support fixed discounts. within promotions engine.","accepted","deterministic_source_normalization","normalized_atomic","Cross-horizon","Phase 1","SUB-E005","US-MSR-036-01","AC-MSR-036-01-09","TC-MSR-036-24AEF25E68","","No implementation evidence inferred."
"MSR-036-0AC7BA096F","36","PROMOTIONS ENGINE","1066","contextual_prose","Promotions can be constrained by:","Product and implementation decisions must conform to this master-specification constraint: Promotions can be constrained by:.","parent_context","deterministic_source_normalization","context_only","Cross-horizon","Phase 1","","","","","","Retained as context; delivery coverage is carried by child candidates."
"MSR-036-5C124AD033","36","PROMOTIONS ENGINE","1067","bullet","market","The platform must support market within promotions engine.","accepted","deterministic_source_normalization","normalized_atomic","Cross-horizon","Phase 1","SUB-E005","US-MSR-036-01","AC-MSR-036-01-10","TC-MSR-036-5C124AD033","","No implementation evidence inferred."
"MSR-036-684BB0AEF0","36","PROMOTIONS ENGINE","1068","bullet","channel","The platform must support channel within promotions engine.","accepted","deterministic_source_normalization","normalized_atomic","Cross-horizon","Phase 1","SUB-E005","US-MSR-036-02","AC-MSR-036-02-01","TC-MSR-036-684BB0AEF0","","No implementation evidence inferred."
"MSR-036-B78FDC42D4","36","PROMOTIONS ENGINE","1069","bullet","customer type","The platform must support customer type within promotions engine.","accepted","deterministic_source_normalization","normalized_atomic","Cross-horizon","Phase 1","SUB-E005","US-MSR-036-02","AC-MSR-036-02-02","TC-MSR-036-B78FDC42D4","","No implementation evidence inferred."
"MSR-036-58B32B2B63","36","PROMOTIONS ENGINE","1070","bullet","product","The platform must support product within promotions engine.","accepted","deterministic_source_normalization","normalized_atomic","Cross-horizon","Phase 1","SUB-E005","US-MSR-036-02","AC-MSR-036-02-03","TC-MSR-036-58B32B2B63","","No implementation evidence inferred."
"MSR-036-20481038FC","36","PROMOTIONS ENGINE","1071","bullet","date","The platform must support date within promotions engine.","accepted","deterministic_source_normalization","normalized_atomic","Cross-horizon","Phase 1","SUB-E005","US-MSR-036-02","AC-MSR-036-02-04","TC-MSR-036-20481038FC","","No implementation evidence inferred."
"MSR-036-8481F068E4","36","PROMOTIONS ENGINE","1072","bullet","cohort","The platform must support cohort within promotions engine.","accepted","deterministic_source_normalization","normalized_atomic","Cross-horizon","Phase 1","SUB-E005","US-MSR-036-02","AC-MSR-036-02-05","TC-MSR-036-8481F068E4","","No implementation evidence inferred."
"MSR-036-ED0F0E1493","36","PROMOTIONS ENGINE","1073","bullet","usage","The platform must support usage within promotions engine.","accepted","deterministic_source_normalization","normalized_atomic","Cross-horizon","Phase 1","SUB-E005","US-MSR-036-02","AC-MSR-036-02-06","TC-MSR-036-ED0F0E1493","","No implementation evidence inferred."
"MSR-036-50ECCC28A0","36","PROMOTIONS ENGINE","1074","bullet","contract.","The platform must support contract. within promotions engine.","accepted","deterministic_source_normalization","normalized_atomic","Cross-horizon","Phase 1","SUB-E005","US-MSR-036-02","AC-MSR-036-02-07","TC-MSR-036-50ECCC28A0","","No implementation evidence inferred."
"MSR-037-F9B4B00952","37","TAX ENGINE","1080","contextual_prose","Design provider-neutral taxation.","Product and implementation decisions must conform to this master-specification constraint: Design provider-neutral taxation.","accepted","deterministic_source_normalization","normalized_atomic","Cross-horizon","Release 2","SUB-E016","US-MSR-037-01","AC-MSR-037-01-01","TC-MSR-037-F9B4B00952","","No implementation evidence inferred."
"MSR-037-0A2587FCA8","37","TAX ENGINE","1082","normative_prose","Integrate with systems such as:","Integrate with systems such as:.","parent_context","deterministic_source_normalization","context_only","Cross-horizon","Release 2","","","","","","Retained as context; delivery coverage is carried by child candidates."
"MSR-037-66677BE8BD","37","TAX ENGINE","1083","bullet","Avalara","The platform must support Avalara within tax engine.","accepted","deterministic_source_normalization","normalized_atomic","Cross-horizon","Release 2","SUB-E016","US-MSR-037-01","AC-MSR-037-01-02","TC-MSR-037-66677BE8BD","","No implementation evidence inferred."
"MSR-037-53AE4D42CE","37","TAX ENGINE","1084","bullet","Vertex","The platform must support Vertex within tax engine.","accepted","deterministic_source_normalization","normalized_atomic","Cross-horizon","Release 2","SUB-E016","US-MSR-037-01","AC-MSR-037-01-03","TC-MSR-037-53AE4D42CE","","No implementation evidence inferred."
"MSR-037-C0B90F021F","37","TAX ENGINE","1085","bullet","TaxJar","The platform must support TaxJar within tax engine.","accepted","deterministic_source_normalization","normalized_atomic","Cross-horizon","Release 2","SUB-E016","US-MSR-037-01","AC-MSR-037-01-04","TC-MSR-037-C0B90F021F","","No implementation evidence inferred."
"MSR-037-0A7114A9AE","37","TAX ENGINE","1086","bullet","SAP tax services","The platform must support SAP tax services within tax engine.","accepted","deterministic_source_normalization","normalized_atomic","Cross-horizon","Release 2","SUB-E016","US-MSR-037-01","AC-MSR-037-01-05","TC-MSR-037-0A7114A9AE","","No implementation evidence inferred."
"MSR-037-3C1186CAAA","37","TAX ENGINE","1087","bullet","regional tax services.","The platform must support regional tax services. within tax engine.","accepted","deterministic_source_normalization","normalized_atomic","Cross-horizon","Release 2","SUB-E016","US-MSR-037-01","AC-MSR-037-01-06","TC-MSR-037-3C1186CAAA","","No implementation evidence inferred."
"MSR-037-62C57A8E2E","37","TAX ENGINE","1089","normative_prose","Support:","Support:.","parent_context","deterministic_source_normalization","context_only","Cross-horizon","Release 2","","","","","","Retained as context; delivery coverage is carried by child candidates."
"MSR-037-F3F3910EB3","37","TAX ENGINE","1090","bullet","VAT","The platform must support VAT within tax engine.","accepted","deterministic_source_normalization","normalized_atomic","Cross-horizon","Release 2","SUB-E016","US-MSR-037-01","AC-MSR-037-01-07","TC-MSR-037-F3F3910EB3","","No implementation evidence inferred."
"MSR-037-69C600C412","37","TAX ENGINE","1091","bullet","GST","The platform must support GST within tax engine.","accepted","deterministic_source_normalization","normalized_atomic","Cross-horizon","Release 2","SUB-E016","US-MSR-037-01","AC-MSR-037-01-08","TC-MSR-037-69C600C412","","No implementation evidence inferred."
"MSR-037-5A71252950","37","TAX ENGINE","1092","bullet","sales tax","The platform must support sales tax within tax engine.","accepted","deterministic_source_normalization","normalized_atomic","Cross-horizon","Release 2","SUB-E016","US-MSR-037-01","AC-MSR-037-01-09","TC-MSR-037-5A71252950","","No implementation evidence inferred."
"MSR-037-B61F963BA9","37","TAX ENGINE","1093","bullet","withholding tax","The platform must support withholding tax within tax engine.","accepted","deterministic_source_normalization","normalized_atomic","Cross-horizon","Release 2","SUB-E016","US-MSR-037-01","AC-MSR-037-01-10","TC-MSR-037-B61F963BA9","","No implementation evidence inferred."
"MSR-037-8445420014","37","TAX ENGINE","1094","bullet","reverse charge","The platform must support reverse charge within tax engine.","accepted","deterministic_source_normalization","normalized_atomic","Cross-horizon","Release 2","SUB-E016","US-MSR-037-02","AC-MSR-037-02-01","TC-MSR-037-8445420014","","No implementation evidence inferred."
"MSR-037-EAA1DCD754","37","TAX ENGINE","1095","bullet","tax exemptions.","The platform must support tax exemptions. within tax engine.","accepted","deterministic_source_normalization","normalized_atomic","Cross-horizon","Release 2","SUB-E016","US-MSR-037-02","AC-MSR-037-02-02","TC-MSR-037-EAA1DCD754","","No implementation evidence inferred."
"MSR-037-9305DE98F0","37","TAX ENGINE","1097","contextual_prose","Determine tax based upon jurisdiction and configurable merchant rules.","Product and implementation decisions must conform to this master-specification constraint: Determine tax based upon jurisdiction and configurable merchant rules.","accepted","deterministic_source_normalization","normalized_atomic","Cross-horizon","Release 2","SUB-E016","US-MSR-037-02","AC-MSR-037-02-03","TC-MSR-037-9305DE98F0","","No implementation evidence inferred."
"MSR-038-8A1483323E","38","MULTI-CURRENCY","1103","normative_prose","Support:","Support:.","parent_context","deterministic_source_normalization","context_only","Cross-horizon","Release 2","","","","","","Retained as context; delivery coverage is carried by child candidates."
"MSR-038-4E8FF534B9","38","MULTI-CURRENCY","1104","bullet","transaction currency","The platform must support transaction currency within multi-currency.","accepted","deterministic_source_normalization","normalized_atomic","Cross-horizon","Release 2","SUB-E007","US-MSR-038-01","AC-MSR-038-01-01","TC-MSR-038-4E8FF534B9","","No implementation evidence inferred."
"MSR-038-6A8911288B","38","MULTI-CURRENCY","1105","bullet","billing currency","The platform must support billing currency within multi-currency.","accepted","deterministic_source_normalization","normalized_atomic","Cross-horizon","Release 2","SUB-E007","US-MSR-038-01","AC-MSR-038-01-02","TC-MSR-038-6A8911288B","","No implementation evidence inferred."
"MSR-038-7520FB029F","38","MULTI-CURRENCY","1106","bullet","settlement currency","The platform must support settlement currency within multi-currency.","accepted","deterministic_source_normalization","normalized_atomic","Cross-horizon","Release 2","SUB-E007","US-MSR-038-01","AC-MSR-038-01-03","TC-MSR-038-7520FB029F","","No implementation evidence inferred."
"MSR-038-72EE15E4FF","38","MULTI-CURRENCY","1107","bullet","reporting currency.","The platform must support reporting currency. within multi-currency.","accepted","deterministic_source_normalization","normalized_atomic","Cross-horizon","Release 2","SUB-E007","US-MSR-038-01","AC-MSR-038-01-04","TC-MSR-038-72EE15E4FF","","No implementation evidence inferred."
"MSR-038-87E648A119","38","MULTI-CURRENCY","1109","normative_prose","Maintain FX-rate source and timestamp.","Maintain FX-rate source and timestamp.","accepted","deterministic_source_normalization","normalized_atomic","Cross-horizon","Release 2","SUB-E007","US-MSR-038-01","AC-MSR-038-01-05","TC-MSR-038-87E648A119","","No implementation evidence inferred."
"MSR-038-B673BC417A","38","MULTI-CURRENCY","1111","normative_prose","Never overwrite historical FX calculations.","Never overwrite historical FX calculations.","accepted","deterministic_source_normalization","normalized_atomic","Cross-horizon","Release 2","SUB-E007","US-MSR-038-01","AC-MSR-038-01-06","TC-MSR-038-B673BC417A","","No implementation evidence inferred."
"MSR-039-B976A05E5A","39","MULTI-ENTITY","1117","normative_prose","Support businesses operating across legal entities.","Support businesses operating across legal entities.","accepted","deterministic_source_normalization","normalized_atomic","Cross-horizon","Release 2","SUB-E017","US-MSR-039-01","AC-MSR-039-01-01","TC-MSR-039-B976A05E5A","","No implementation evidence inferred."
"MSR-039-6C1AEDD85F","39","MULTI-ENTITY","1119","normative_prose","Maintain separate:","Maintain separate:.","parent_context","deterministic_source_normalization","context_only","Cross-horizon","Release 2","","","","","","Retained as context; delivery coverage is carried by child candidates."
"MSR-039-010EEC1E0E","39","MULTI-ENTITY","1120","bullet","tax registrations","The platform must support tax registrations within multi-entity.","accepted","deterministic_source_normalization","normalized_atomic","Cross-horizon","Release 2","SUB-E017","US-MSR-039-01","AC-MSR-039-01-02","TC-MSR-039-010EEC1E0E","","No implementation evidence inferred."
"MSR-039-8207639CCE","39","MULTI-ENTITY","1121","bullet","invoice numbering","The platform must support invoice numbering within multi-entity.","accepted","deterministic_source_normalization","normalized_atomic","Cross-horizon","Release 2","SUB-E017","US-MSR-039-01","AC-MSR-039-01-03","TC-MSR-039-8207639CCE","","No implementation evidence inferred."
"MSR-039-F62F1DC5E2","39","MULTI-ENTITY","1122","bullet","bank accounts","The platform must support bank accounts within multi-entity.","accepted","deterministic_source_normalization","normalized_atomic","Cross-horizon","Release 2","SUB-E017","US-MSR-039-01","AC-MSR-039-01-04","TC-MSR-039-F62F1DC5E2","","No implementation evidence inferred."
"MSR-039-B526FF9C18","39","MULTI-ENTITY","1123","bullet","gateways","The platform must support gateways within multi-entity.","accepted","deterministic_source_normalization","normalized_atomic","Cross-horizon","Release 2","SUB-E017","US-MSR-039-01","AC-MSR-039-01-05","TC-MSR-039-B526FF9C18","","No implementation evidence inferred."
"MSR-039-705EC4A226","39","MULTI-ENTITY","1124","bullet","accounting integrations.","The platform must support accounting integrations. within multi-entity.","accepted","deterministic_source_normalization","normalized_atomic","Cross-horizon","Release 2","SUB-E017","US-MSR-039-01","AC-MSR-039-01-06","TC-MSR-039-705EC4A226","","No implementation evidence inferred."
"MSR-040-4799B24B1F","40","MARKETPLACE SUPPORT","1130","normative_prose","Support:","Support:.","parent_context","deterministic_source_normalization","context_only","Cross-horizon","Release 2","","","","","","Retained as context; delivery coverage is carried by child candidates."
"MSR-040-45373CAA03","40","MARKETPLACE SUPPORT","1132","contextual_prose","Customer → Marketplace → Seller → Subscription.","Product and implementation decisions must conform to this master-specification constraint: Customer → Marketplace → Seller → Subscription.","accepted","deterministic_source_normalization","normalized_atomic","Cross-horizon","Release 2","SUB-E017","US-MSR-040-01","AC-MSR-040-01-01","TC-MSR-040-45373CAA03","","No implementation evidence inferred."
"MSR-040-419987E6AC","40","MARKETPLACE SUPPORT","1134","normative_prose","Include:","Include:.","parent_context","deterministic_source_normalization","context_only","Cross-horizon","Release 2","","","","","","Retained as context; delivery coverage is carried by child candidates."
"MSR-040-C39627CBC3","40","MARKETPLACE SUPPORT","1135","bullet","commissions","The platform must support commissions within marketplace support.","accepted","deterministic_source_normalization","normalized_atomic","Cross-horizon","Release 2","SUB-E017","US-MSR-040-01","AC-MSR-040-01-02","TC-MSR-040-C39627CBC3","","No implementation evidence inferred."
"MSR-040-09454F466A","40","MARKETPLACE SUPPORT","1136","bullet","platform fees","The platform must support platform fees within marketplace support.","accepted","deterministic_source_normalization","normalized_atomic","Cross-horizon","Release 2","SUB-E017","US-MSR-040-01","AC-MSR-040-01-03","TC-MSR-040-09454F466A","","No implementation evidence inferred."
"MSR-040-FC170451F8","40","MARKETPLACE SUPPORT","1137","bullet","seller settlement","The platform must support seller settlement within marketplace support.","accepted","deterministic_source_normalization","normalized_atomic","Cross-horizon","Release 2","SUB-E017","US-MSR-040-01","AC-MSR-040-01-04","TC-MSR-040-FC170451F8","","No implementation evidence inferred."
"MSR-040-C53E1DF76F","40","MARKETPLACE SUPPORT","1138","bullet","refunds","The platform must support refunds within marketplace support.","accepted","deterministic_source_normalization","normalized_atomic","Cross-horizon","Release 2","SUB-E017","US-MSR-040-01","AC-MSR-040-01-05","TC-MSR-040-C53E1DF76F","","No implementation evidence inferred."
"MSR-040-B7070D96B0","40","MARKETPLACE SUPPORT","1139","bullet","split payments","The platform must support split payments within marketplace support.","accepted","deterministic_source_normalization","normalized_atomic","Cross-horizon","Release 2","SUB-E017","US-MSR-040-01","AC-MSR-040-01-06","TC-MSR-040-B7070D96B0","","No implementation evidence inferred."
"MSR-040-80FB46D08C","40","MARKETPLACE SUPPORT","1140","bullet","seller statements","The platform must support seller statements within marketplace support.","accepted","deterministic_source_normalization","normalized_atomic","Cross-horizon","Release 2","SUB-E017","US-MSR-040-01","AC-MSR-040-01-07","TC-MSR-040-80FB46D08C","","No implementation evidence inferred."
"MSR-040-22E83911E5","40","MARKETPLACE SUPPORT","1141","bullet","reconciliation.","The platform must support reconciliation. within marketplace support.","accepted","deterministic_source_normalization","normalized_atomic","Cross-horizon","Release 2","SUB-E017","US-MSR-040-01","AC-MSR-040-01-08","TC-MSR-040-22E83911E5","","No implementation evidence inferred."
"MSR-041-3974D08EAC","41","REVENUE RECOGNITION","1147","contextual_prose","Create a revenue subledger capable of supporting relevant accounting requirements including configurable recognition schedules.","Product and implementation decisions must conform to this master-specification constraint: Create a revenue subledger capable of supporting relevant accounting requirements including configurable recognition schedules.","accepted","deterministic_source_normalization","normalized_atomic","Cross-horizon","Release 2","SUB-E017","US-MSR-041-01","AC-MSR-041-01-01","TC-MSR-041-3974D08EAC","","No implementation evidence inferred."
"MSR-041-43D67F4B9C","41","REVENUE RECOGNITION","1149","normative_prose","Separate:","Separate:.","parent_context","deterministic_source_normalization","context_only","Cross-horizon","Release 2","","","","","","Retained as context; delivery coverage is carried by child candidates."
"MSR-041-2950C7915F","41","REVENUE RECOGNITION","1151","contextual_prose","Billing","Product and implementation decisions must conform to this master-specification constraint: Billing.","accepted","deterministic_source_normalization","normalized_atomic","Cross-horizon","Release 2","SUB-E017","US-MSR-041-01","AC-MSR-041-01-02","TC-MSR-041-2950C7915F","","No implementation evidence inferred."
"MSR-041-9A22A12115","41","REVENUE RECOGNITION","1153","contextual_prose","from","Product and implementation decisions must conform to this master-specification constraint: from.","accepted","deterministic_source_normalization","normalized_atomic","Cross-horizon","Release 2","SUB-E017","US-MSR-041-01","AC-MSR-041-01-03","TC-MSR-041-9A22A12115","","No implementation evidence inferred."
"MSR-041-B9CB5E7E68","41","REVENUE RECOGNITION","1155","contextual_prose","Revenue Recognition.","Product and implementation decisions must conform to this master-specification constraint: Revenue Recognition.","accepted","deterministic_source_normalization","normalized_atomic","Cross-horizon","Release 2","SUB-E017","US-MSR-041-01","AC-MSR-041-01-04","TC-MSR-041-B9CB5E7E68","","No implementation evidence inferred."
"MSR-041-495EED2EF7","41","REVENUE RECOGNITION","1157","normative_prose","Support:","Support:.","parent_context","deterministic_source_normalization","context_only","Cross-horizon","Release 2","","","","","","Retained as context; delivery coverage is carried by child candidates."
"MSR-041-A235518EA6","41","REVENUE RECOGNITION","1158","bullet","contract modifications","The platform must support contract modifications within revenue recognition.","accepted","deterministic_source_normalization","normalized_atomic","Cross-horizon","Release 2","SUB-E017","US-MSR-041-01","AC-MSR-041-01-05","TC-MSR-041-A235518EA6","","No implementation evidence inferred."
"MSR-041-CF07241965","41","REVENUE RECOGNITION","1159","bullet","credits","The platform must support credits within revenue recognition.","accepted","deterministic_source_normalization","normalized_atomic","Cross-horizon","Release 2","SUB-E017","US-MSR-041-01","AC-MSR-041-01-06","TC-MSR-041-CF07241965","","No implementation evidence inferred."
"MSR-041-51FB6AFEDC","41","REVENUE RECOGNITION","1160","bullet","refunds","The platform must support refunds within revenue recognition.","accepted","deterministic_source_normalization","normalized_atomic","Cross-horizon","Release 2","SUB-E017","US-MSR-041-01","AC-MSR-041-01-07","TC-MSR-041-51FB6AFEDC","","No implementation evidence inferred."
"MSR-041-30B1C8785F","41","REVENUE RECOGNITION","1161","bullet","allocation rules","The platform must support allocation rules within revenue recognition.","accepted","deterministic_source_normalization","normalized_atomic","Cross-horizon","Release 2","SUB-E017","US-MSR-041-01","AC-MSR-041-01-08","TC-MSR-041-30B1C8785F","","No implementation evidence inferred."
"MSR-041-729AD6B3DE","41","REVENUE RECOGNITION","1162","bullet","deferred revenue.","The platform must support deferred revenue. within revenue recognition.","accepted","deterministic_source_normalization","normalized_atomic","Cross-horizon","Release 2","SUB-E017","US-MSR-041-01","AC-MSR-041-01-09","TC-MSR-041-729AD6B3DE","","No implementation evidence inferred."
"MSR-041-EC42712B08","41","REVENUE RECOGNITION","1164","normative_prose","Maintain immutable auditability.","Maintain immutable auditability.","accepted","deterministic_source_normalization","normalized_atomic","Cross-horizon","Release 2","SUB-E017","US-MSR-041-01","AC-MSR-041-01-10","TC-MSR-041-EC42712B08","","No implementation evidence inferred."
"MSR-042-76BEE19D98","42","FINANCE INTEGRATION","1170","normative_prose","Integrate with:","Integrate with:.","parent_context","deterministic_source_normalization","context_only","Cross-horizon","Release 2","","","","","","Retained as context; delivery coverage is carried by child candidates."
"MSR-042-7B614DAC2B","42","FINANCE INTEGRATION","1171","bullet","SAP S/4HANA","The platform must support SAP S/4HANA within finance integration.","accepted","deterministic_source_normalization","normalized_atomic","Cross-horizon","Release 2","SUB-E016","US-MSR-042-01","AC-MSR-042-01-01","TC-MSR-042-7B614DAC2B","","No implementation evidence inferred."
"MSR-042-3FD52725FE","42","FINANCE INTEGRATION","1172","bullet","SAP ECC","The platform must support SAP ECC within finance integration.","accepted","deterministic_source_normalization","normalized_atomic","Cross-horizon","Release 2","SUB-E016","US-MSR-042-01","AC-MSR-042-01-02","TC-MSR-042-3FD52725FE","","No implementation evidence inferred."
"MSR-042-DA35119CD7","42","FINANCE INTEGRATION","1173","bullet","Oracle Fusion","The platform must support Oracle Fusion within finance integration.","accepted","deterministic_source_normalization","normalized_atomic","Cross-horizon","Release 2","SUB-E016","US-MSR-042-01","AC-MSR-042-01-03","TC-MSR-042-DA35119CD7","","No implementation evidence inferred."
"MSR-042-47E9CDDF6D","42","FINANCE INTEGRATION","1174","bullet","Oracle EBS","The platform must support Oracle EBS within finance integration.","accepted","deterministic_source_normalization","normalized_atomic","Cross-horizon","Release 2","SUB-E016","US-MSR-042-01","AC-MSR-042-01-04","TC-MSR-042-47E9CDDF6D","","No implementation evidence inferred."
"MSR-042-91BC22AD48","42","FINANCE INTEGRATION","1175","bullet","NetSuite","The platform must support NetSuite within finance integration.","accepted","deterministic_source_normalization","normalized_atomic","Cross-horizon","Release 2","SUB-E016","US-MSR-042-01","AC-MSR-042-01-05","TC-MSR-042-91BC22AD48","","No implementation evidence inferred."
"MSR-042-8C34486759","42","FINANCE INTEGRATION","1176","bullet","Dynamics 365 Finance","The platform must support Dynamics 365 Finance within finance integration.","accepted","deterministic_source_normalization","normalized_atomic","Cross-horizon","Release 2","SUB-E016","US-MSR-042-01","AC-MSR-042-01-06","TC-MSR-042-8C34486759","","No implementation evidence inferred."
"MSR-042-943A41B471","42","FINANCE INTEGRATION","1177","bullet","QuickBooks","The platform must support QuickBooks within finance integration.","accepted","deterministic_source_normalization","normalized_atomic","Cross-horizon","Release 2","SUB-E016","US-MSR-042-01","AC-MSR-042-01-07","TC-MSR-042-943A41B471","","No implementation evidence inferred."
"MSR-042-E9894C0822","42","FINANCE INTEGRATION","1178","bullet","Xero","The platform must support Xero within finance integration.","accepted","deterministic_source_normalization","normalized_atomic","Cross-horizon","Release 2","SUB-E016","US-MSR-042-01","AC-MSR-042-01-08","TC-MSR-042-E9894C0822","","No implementation evidence inferred."
"MSR-042-2F65A51EAC","42","FINANCE INTEGRATION","1179","bullet","generic accounting systems.","The platform must support generic accounting systems. within finance integration.","accepted","deterministic_source_normalization","normalized_atomic","Cross-horizon","Release 2","SUB-E016","US-MSR-042-01","AC-MSR-042-01-09","TC-MSR-042-2F65A51EAC","","No implementation evidence inferred."
"MSR-042-11ECDABCF1","42","FINANCE INTEGRATION","1181","normative_prose","Provide journal-level integration APIs.","Provide journal-level integration APIs.","accepted","deterministic_source_normalization","normalized_atomic","Cross-horizon","Release 2","SUB-E016","US-MSR-042-01","AC-MSR-042-01-10","TC-MSR-042-11ECDABCF1","","No implementation evidence inferred."
"MSR-042-4C97E05E0F","42","FINANCE INTEGRATION","1183","normative_prose","Support:","Support:.","parent_context","deterministic_source_normalization","context_only","Cross-horizon","Release 2","","","","","","Retained as context; delivery coverage is carried by child candidates."
"MSR-042-9CB411C717","42","FINANCE INTEGRATION","1184","bullet","Accounts Receivable","The platform must support Accounts Receivable within finance integration.","accepted","deterministic_source_normalization","normalized_atomic","Cross-horizon","Release 2","SUB-E016","US-MSR-042-02","AC-MSR-042-02-01","TC-MSR-042-9CB411C717","","No implementation evidence inferred."
"MSR-042-17A49D04CD","42","FINANCE INTEGRATION","1185","bullet","Revenue","The platform must support Revenue within finance integration.","accepted","deterministic_source_normalization","normalized_atomic","Cross-horizon","Release 2","SUB-E016","US-MSR-042-02","AC-MSR-042-02-02","TC-MSR-042-17A49D04CD","","No implementation evidence inferred."
"MSR-042-7C47EED3C7","42","FINANCE INTEGRATION","1186","bullet","Deferred Revenue","The platform must support Deferred Revenue within finance integration.","accepted","deterministic_source_normalization","normalized_atomic","Cross-horizon","Release 2","SUB-E016","US-MSR-042-02","AC-MSR-042-02-03","TC-MSR-042-7C47EED3C7","","No implementation evidence inferred."
"MSR-042-55690AD8B6","42","FINANCE INTEGRATION","1187","bullet","Cash","The platform must support Cash within finance integration.","accepted","deterministic_source_normalization","normalized_atomic","Cross-horizon","Release 2","SUB-E016","US-MSR-042-02","AC-MSR-042-02-04","TC-MSR-042-55690AD8B6","","No implementation evidence inferred."
"MSR-042-F62450ACFF","42","FINANCE INTEGRATION","1188","bullet","Tax","The platform must support Tax within finance integration.","accepted","deterministic_source_normalization","normalized_atomic","Cross-horizon","Release 2","SUB-E016","US-MSR-042-02","AC-MSR-042-02-05","TC-MSR-042-F62450ACFF","","No implementation evidence inferred."
"MSR-042-556D629CF9","42","FINANCE INTEGRATION","1189","bullet","Gateway Fees","The platform must support Gateway Fees within finance integration.","accepted","deterministic_source_normalization","normalized_atomic","Cross-horizon","Release 2","SUB-E016","US-MSR-042-02","AC-MSR-042-02-06","TC-MSR-042-556D629CF9","","No implementation evidence inferred."
"MSR-042-D1C71EE0E7","42","FINANCE INTEGRATION","1190","bullet","Refunds","The platform must support Refunds within finance integration.","accepted","deterministic_source_normalization","normalized_atomic","Cross-horizon","Release 2","SUB-E016","US-MSR-042-02","AC-MSR-042-02-07","TC-MSR-042-D1C71EE0E7","","No implementation evidence inferred."
"MSR-042-6BCB4C4A80","42","FINANCE INTEGRATION","1191","bullet","Write-offs.","The platform must support Write-offs. within finance integration.","accepted","deterministic_source_normalization","normalized_atomic","Cross-horizon","Release 2","SUB-E016","US-MSR-042-02","AC-MSR-042-02-08","TC-MSR-042-6BCB4C4A80","","No implementation evidence inferred."
"MSR-043-838168E22F","43","RECONCILIATION ENGINE","1197","contextual_prose","Automatically reconcile:","Product and implementation decisions must conform to this master-specification constraint: Automatically reconcile:.","parent_context","deterministic_source_normalization","context_only","Cross-horizon","Release 2","","","","","","Retained as context; delivery coverage is carried by child candidates."
"MSR-043-240E391B55","43","RECONCILIATION ENGINE","1199","contextual_prose","Invoice ↔ Payment ↔ Gateway Transaction ↔ Processor Settlement ↔ Bank Deposit ↔ General Ledger.","Product and implementation decisions must conform to this master-specification constraint: Invoice ↔ Payment ↔ Gateway Transaction ↔ Processor Settlement ↔ Bank Deposit ↔ General Ledger.","accepted","deterministic_source_normalization","normalized_atomic","Cross-horizon","Release 2","SUB-E017","US-MSR-043-01","AC-MSR-043-01-01","TC-MSR-043-240E391B55","","No implementation evidence inferred."
"MSR-043-AC60EC6094","43","RECONCILIATION ENGINE","1201","contextual_prose","Flag discrepancies.","Product and implementation decisions must conform to this master-specification constraint: Flag discrepancies.","accepted","deterministic_source_normalization","normalized_atomic","Cross-horizon","Release 2","SUB-E017","US-MSR-043-01","AC-MSR-043-01-02","TC-MSR-043-AC60EC6094","","No implementation evidence inferred."
"MSR-044-C7CB177503","44","REVENUE LEAKAGE DETECTION","1207","normative_prose","AI should continuously look for:","AI should continuously look for:.","parent_context","deterministic_source_normalization","context_only","Cross-horizon","Release 2","","","","","","Retained as context; delivery coverage is carried by child candidates."
"MSR-044-3FF6EB7B4A","44","REVENUE LEAKAGE DETECTION","1208","bullet","Usage without charge","The platform must support Usage without charge within revenue leakage detection.","accepted","deterministic_source_normalization","normalized_atomic","Cross-horizon","Release 2","SUB-E015","US-MSR-044-01","AC-MSR-044-01-01","TC-MSR-044-3FF6EB7B4A","","No implementation evidence inferred."
"MSR-044-723B9FE958","44","REVENUE LEAKAGE DETECTION","1209","bullet","Entitlement without active subscription","The platform must support Entitlement without active subscription within revenue leakage detection.","accepted","deterministic_source_normalization","normalized_atomic","Cross-horizon","Release 2","SUB-E015","US-MSR-044-01","AC-MSR-044-01-02","TC-MSR-044-723B9FE958","","No implementation evidence inferred."
"MSR-044-36F975984A","44","REVENUE LEAKAGE DETECTION","1210","bullet","Subscription without invoice","The platform must support Subscription without invoice within revenue leakage detection.","accepted","deterministic_source_normalization","normalized_atomic","Cross-horizon","Release 2","SUB-E015","US-MSR-044-01","AC-MSR-044-01-03","TC-MSR-044-36F975984A","","No implementation evidence inferred."
"MSR-044-91C2129DA4","44","REVENUE LEAKAGE DETECTION","1211","bullet","Invoice without payment attempt","The platform must support Invoice without payment attempt within revenue leakage detection.","accepted","deterministic_source_normalization","normalized_atomic","Cross-horizon","Release 2","SUB-E015","US-MSR-044-01","AC-MSR-044-01-04","TC-MSR-044-91C2129DA4","","No implementation evidence inferred."
"MSR-044-9CCE6A5C16","44","REVENUE LEAKAGE DETECTION","1212","bullet","Payment without reconciliation","The platform must support Payment without reconciliation within revenue leakage detection.","accepted","deterministic_source_normalization","normalized_atomic","Cross-horizon","Release 2","SUB-E015","US-MSR-044-01","AC-MSR-044-01-05","TC-MSR-044-9CCE6A5C16","","No implementation evidence inferred."
"MSR-044-9FB5F615FB","44","REVENUE LEAKAGE DETECTION","1213","bullet","Incorrect price","The platform must support Incorrect price within revenue leakage detection.","accepted","deterministic_source_normalization","normalized_atomic","Cross-horizon","Release 2","SUB-E015","US-MSR-044-01","AC-MSR-044-01-06","TC-MSR-044-9FB5F615FB","","No implementation evidence inferred."
"MSR-044-026205BC00","44","REVENUE LEAKAGE DETECTION","1214","bullet","Unexpected discount","The platform must support Unexpected discount within revenue leakage detection.","accepted","deterministic_source_normalization","normalized_atomic","Cross-horizon","Release 2","SUB-E015","US-MSR-044-01","AC-MSR-044-01-07","TC-MSR-044-026205BC00","","No implementation evidence inferred."
"MSR-044-FC29ADDA6C","44","REVENUE LEAKAGE DETECTION","1215","bullet","Expired promotion still active","The platform must support Expired promotion still active within revenue leakage detection.","accepted","deterministic_source_normalization","normalized_atomic","Cross-horizon","Release 2","SUB-E015","US-MSR-044-01","AC-MSR-044-01-08","TC-MSR-044-FC29ADDA6C","","No implementation evidence inferred."
"MSR-044-4D594FFACA","44","REVENUE LEAKAGE DETECTION","1216","bullet","Missing usage feed","The platform must support Missing usage feed within revenue leakage detection.","accepted","deterministic_source_normalization","normalized_atomic","Cross-horizon","Release 2","SUB-E015","US-MSR-044-01","AC-MSR-044-01-09","TC-MSR-044-4D594FFACA","","No implementation evidence inferred."
"MSR-044-4FC561342A","44","REVENUE LEAKAGE DETECTION","1217","bullet","Incorrect tax","The platform must support Incorrect tax within revenue leakage detection.","accepted","deterministic_source_normalization","normalized_atomic","Cross-horizon","Release 2","SUB-E015","US-MSR-044-01","AC-MSR-044-01-10","TC-MSR-044-4FC561342A","","No implementation evidence inferred."
"MSR-044-A4B75960AD","44","REVENUE LEAKAGE DETECTION","1218","bullet","Duplicate charge","The platform must support Duplicate charge within revenue leakage detection.","accepted","deterministic_source_normalization","normalized_atomic","Cross-horizon","Release 2","SUB-E015","US-MSR-044-02","AC-MSR-044-02-01","TC-MSR-044-A4B75960AD","","No implementation evidence inferred."
"MSR-044-079D3987EF","44","REVENUE LEAKAGE DETECTION","1219","bullet","Unbilled contract commitment.","The platform must support Unbilled contract commitment. within revenue leakage detection.","accepted","deterministic_source_normalization","normalized_atomic","Cross-horizon","Release 2","SUB-E015","US-MSR-044-02","AC-MSR-044-02-02","TC-MSR-044-079D3987EF","","No implementation evidence inferred."
"MSR-044-A5A8EFCE37","44","REVENUE LEAKAGE DETECTION","1221","normative_prose","Every detection must include supporting evidence.","Every detection must include supporting evidence.","accepted","deterministic_source_normalization","normalized_atomic","Cross-horizon","Release 2","SUB-E015","US-MSR-044-02","AC-MSR-044-02-03","TC-MSR-044-A5A8EFCE37","","No implementation evidence inferred."
"MSR-045-7D3AC8456E","45","DISPUTE MANAGEMENT","1227","contextual_prose","Subscribers can dispute:","Product and implementation decisions must conform to this master-specification constraint: Subscribers can dispute:.","parent_context","deterministic_source_normalization","context_only","Cross-horizon","Phase 4","","","","","","Retained as context; delivery coverage is carried by child candidates."
"MSR-045-61161DA6A2","45","DISPUTE MANAGEMENT","1228","bullet","invoice","The platform must support invoice within dispute management.","accepted","deterministic_source_normalization","normalized_atomic","Cross-horizon","Phase 4","SUB-E012","US-MSR-045-01","AC-MSR-045-01-01","TC-MSR-045-61161DA6A2","","No implementation evidence inferred."
"MSR-045-7427DCBCD2","45","DISPUTE MANAGEMENT","1229","bullet","charge","The platform must support charge within dispute management.","accepted","deterministic_source_normalization","normalized_atomic","Cross-horizon","Phase 4","SUB-E012","US-MSR-045-01","AC-MSR-045-01-02","TC-MSR-045-7427DCBCD2","","No implementation evidence inferred."
"MSR-045-3DD4C0FC3F","45","DISPUTE MANAGEMENT","1230","bullet","usage","The platform must support usage within dispute management.","accepted","deterministic_source_normalization","normalized_atomic","Cross-horizon","Phase 4","SUB-E012","US-MSR-045-01","AC-MSR-045-01-03","TC-MSR-045-3DD4C0FC3F","","No implementation evidence inferred."
"MSR-045-32B802C778","45","DISPUTE MANAGEMENT","1231","bullet","tax","The platform must support tax within dispute management.","accepted","deterministic_source_normalization","normalized_atomic","Cross-horizon","Phase 4","SUB-E012","US-MSR-045-01","AC-MSR-045-01-04","TC-MSR-045-32B802C778","","No implementation evidence inferred."
"MSR-045-8E239DE4C4","45","DISPUTE MANAGEMENT","1232","bullet","payment.","The platform must support payment. within dispute management.","accepted","deterministic_source_normalization","normalized_atomic","Cross-horizon","Phase 4","SUB-E012","US-MSR-045-01","AC-MSR-045-01-05","TC-MSR-045-8E239DE4C4","","No implementation evidence inferred."
"MSR-045-154D674611","45","DISPUTE MANAGEMENT","1234","contextual_prose","Create dispute case workflow:","Product and implementation decisions must conform to this master-specification constraint: Create dispute case workflow:.","parent_context","deterministic_source_normalization","context_only","Cross-horizon","Phase 4","","","","","","Retained as context; delivery coverage is carried by child candidates."
"MSR-045-F99DD3C961","45","DISPUTE MANAGEMENT","1236","contextual_prose","Raised → Triaged → Investigated → Accepted / Rejected → Credit / Correction → Closed.","Product and implementation decisions must conform to this master-specification constraint: Raised → Triaged → Investigated → Accepted / Rejected → Credit / Correction → Closed.","accepted","deterministic_source_normalization","normalized_atomic","Cross-horizon","Phase 4","SUB-E012","US-MSR-045-01","AC-MSR-045-01-06","TC-MSR-045-F99DD3C961","","No implementation evidence inferred."
"MSR-045-946788C39E","45","DISPUTE MANAGEMENT","1238","normative_prose","Maintain SLA and audit trail.","Maintain SLA and audit trail.","accepted","deterministic_source_normalization","normalized_atomic","Cross-horizon","Phase 4","SUB-E012","US-MSR-045-01","AC-MSR-045-01-07","TC-MSR-045-946788C39E","","No implementation evidence inferred."
"MSR-046-2B49E87324","46","REFUND MANAGEMENT","1244","normative_prose","Support:","Support:.","parent_context","deterministic_source_normalization","context_only","Cross-horizon","Phase 3","","","","","","Retained as context; delivery coverage is carried by child candidates."
"MSR-046-833329A411","46","REFUND MANAGEMENT","1245","bullet","full refund","The platform must support full refund within refund management.","accepted","deterministic_source_normalization","normalized_atomic","Cross-horizon","Phase 3","SUB-E009","US-MSR-046-01","AC-MSR-046-01-01","TC-MSR-046-833329A411","","No implementation evidence inferred."
"MSR-046-77F7137CC0","46","REFUND MANAGEMENT","1246","bullet","partial refund","The platform must support partial refund within refund management.","accepted","deterministic_source_normalization","normalized_atomic","Cross-horizon","Phase 3","SUB-E009","US-MSR-046-01","AC-MSR-046-01-02","TC-MSR-046-77F7137CC0","","No implementation evidence inferred."
"MSR-046-2762F167CD","46","REFUND MANAGEMENT","1247","bullet","credit balance","The platform must support credit balance within refund management.","accepted","deterministic_source_normalization","normalized_atomic","Cross-horizon","Phase 3","SUB-E009","US-MSR-046-01","AC-MSR-046-01-03","TC-MSR-046-2762F167CD","","No implementation evidence inferred."
"MSR-046-75BD94F255","46","REFUND MANAGEMENT","1248","bullet","future invoice credit.","The platform must support future invoice credit. within refund management.","accepted","deterministic_source_normalization","normalized_atomic","Cross-horizon","Phase 3","SUB-E009","US-MSR-046-01","AC-MSR-046-01-04","TC-MSR-046-75BD94F255","","No implementation evidence inferred."
"MSR-046-36AFB5D9C9","46","REFUND MANAGEMENT","1250","contextual_prose","Before initiating refund calculate:","Product and implementation decisions must conform to this master-specification constraint: Before initiating refund calculate:.","parent_context","deterministic_source_normalization","context_only","Cross-horizon","Phase 3","","","","","","Retained as context; delivery coverage is carried by child candidates."
"MSR-046-24CF982960","46","REFUND MANAGEMENT","1251","bullet","payment processor","The platform must support payment processor within refund management.","accepted","deterministic_source_normalization","normalized_atomic","Cross-horizon","Phase 3","SUB-E009","US-MSR-046-01","AC-MSR-046-01-05","TC-MSR-046-24CF982960","","No implementation evidence inferred."
"MSR-046-7622BEB5E1","46","REFUND MANAGEMENT","1252","bullet","original transaction","The platform must support original transaction within refund management.","accepted","deterministic_source_normalization","normalized_atomic","Cross-horizon","Phase 3","SUB-E009","US-MSR-046-01","AC-MSR-046-01-06","TC-MSR-046-7622BEB5E1","","No implementation evidence inferred."
"MSR-046-0D3F8869DB","46","REFUND MANAGEMENT","1253","bullet","refundable amount","The platform must support refundable amount within refund management.","accepted","deterministic_source_normalization","normalized_atomic","Cross-horizon","Phase 3","SUB-E009","US-MSR-046-01","AC-MSR-046-01-07","TC-MSR-046-0D3F8869DB","","No implementation evidence inferred."
"MSR-046-542C3E4114","46","REFUND MANAGEMENT","1254","bullet","tax implications","The platform must support tax implications within refund management.","accepted","deterministic_source_normalization","normalized_atomic","Cross-horizon","Phase 3","SUB-E009","US-MSR-046-01","AC-MSR-046-01-08","TC-MSR-046-542C3E4114","","No implementation evidence inferred."
"MSR-046-97E83B42BF","46","REFUND MANAGEMENT","1255","bullet","accounting implications.","The platform must support accounting implications. within refund management.","accepted","deterministic_source_normalization","normalized_atomic","Cross-horizon","Phase 3","SUB-E009","US-MSR-046-01","AC-MSR-046-01-09","TC-MSR-046-97E83B42BF","","No implementation evidence inferred."
"MSR-047-59B4A08B9E","47","AI REVENUE COPILOT","1261","contextual_prose","Create a grounded AI assistant across the platform.","Product and implementation decisions must conform to this master-specification constraint: Create a grounded AI assistant across the platform.","accepted","deterministic_source_normalization","normalized_atomic","Cross-horizon","Phase 5","SUB-E015","US-MSR-047-01","AC-MSR-047-01-01","TC-MSR-047-59B4A08B9E","","No implementation evidence inferred."
"MSR-047-67AE4B4075","47","AI REVENUE COPILOT","1263","contextual_prose","Examples:","Product and implementation decisions must conform to this master-specification constraint: Examples:.","parent_context","deterministic_source_normalization","context_only","Cross-horizon","Phase 5","","","","","","Retained as context; delivery coverage is carried by child candidates."
"MSR-047-C5AE3C7664","47","AI REVENUE COPILOT","1264","bullet","""Why did MRR drop last month?""","The platform must support ""Why did MRR drop last month?"" within ai revenue copilot.","accepted","deterministic_source_normalization","normalized_atomic","Cross-horizon","Phase 5","SUB-E015","US-MSR-047-01","AC-MSR-047-01-02","TC-MSR-047-C5AE3C7664","","No implementation evidence inferred."
"MSR-047-DF495F08FC","47","AI REVENUE COPILOT","1265","bullet","""Which subscribers are at risk of payment failure?""","The platform must support ""Which subscribers are at risk of payment failure?"" within ai revenue copilot.","accepted","deterministic_source_normalization","normalized_atomic","Cross-horizon","Phase 5","SUB-E015","US-MSR-047-01","AC-MSR-047-01-03","TC-MSR-047-DF495F08FC","","No implementation evidence inferred."
"MSR-047-FF201D7E8B","47","AI REVENUE COPILOT","1266","bullet","""Show subscriptions renewing next month above $100K.""","The platform must support ""Show subscriptions renewing next month above $100K."" within ai revenue copilot.","accepted","deterministic_source_normalization","normalized_atomic","Cross-horizon","Phase 5","SUB-E015","US-MSR-047-01","AC-MSR-047-01-04","TC-MSR-047-FF201D7E8B","","No implementation evidence inferred."
"MSR-047-3EF411C8DA","47","AI REVENUE COPILOT","1267","bullet","""Why wasn't Acme Corp invoiced?""","The platform must support ""Why wasn't Acme Corp invoiced?"" within ai revenue copilot.","accepted","deterministic_source_normalization","normalized_atomic","Cross-horizon","Phase 5","SUB-E015","US-MSR-047-01","AC-MSR-047-01-05","TC-MSR-047-3EF411C8DA","","No implementation evidence inferred."
"MSR-047-56F400E41C","47","AI REVENUE COPILOT","1268","bullet","""Create a pricing plan with $99 base plus $0.02 per API call beyond 50,000.""","The platform must support ""Create a pricing plan with $99 base plus $0.02 per API call beyond 50,000."" within ai revenue copilot.","accepted","deterministic_source_normalization","normalized_atomic","Cross-horizon","Phase 5","SUB-E015","US-MSR-047-01","AC-MSR-047-01-06","TC-MSR-047-56F400E41C","","No implementation evidence inferred."
"MSR-047-2F4D417171","47","AI REVENUE COPILOT","1269","bullet","""Simulate the impact of a 7% annual price increase.""","The platform must support ""Simulate the impact of a 7% annual price increase."" within ai revenue copilot.","accepted","deterministic_source_normalization","normalized_atomic","Cross-horizon","Phase 5","SUB-E015","US-MSR-047-01","AC-MSR-047-01-07","TC-MSR-047-2F4D417171","","No implementation evidence inferred."
"MSR-047-00B5CF6246","47","AI REVENUE COPILOT","1270","bullet","""Which payment gateway has the lowest success rate in India?""","The platform must support ""Which payment gateway has the lowest success rate in India?"" within ai revenue copilot.","accepted","deterministic_source_normalization","normalized_atomic","Cross-horizon","Phase 5","SUB-E015","US-MSR-047-01","AC-MSR-047-01-08","TC-MSR-047-00B5CF6246","","No implementation evidence inferred."
"MSR-047-43F961ACF6","47","AI REVENUE COPILOT","1272","contextual_prose","AI may prepare changes.","Product and implementation decisions must conform to this master-specification constraint: AI may prepare changes.","accepted","deterministic_source_normalization","normalized_atomic","Cross-horizon","Phase 5","SUB-E015","US-MSR-047-01","AC-MSR-047-01-09","TC-MSR-047-43F961ACF6","","No implementation evidence inferred."
"MSR-047-7616050F4E","47","AI REVENUE COPILOT","1274","normative_prose","It must not autonomously make financially material production configuration changes without policy-authorized approval.","It must not autonomously make financially material production configuration changes without policy-authorized approval.","accepted","deterministic_source_normalization","normalized_atomic","Cross-horizon","Phase 5","SUB-E015","US-MSR-047-01","AC-MSR-047-01-10","TC-MSR-047-7616050F4E","","No implementation evidence inferred."
"MSR-048-8805EA270B","48","NATURAL-LANGUAGE CONFIGURATION","1280","normative_prose","Allow:","Allow:.","parent_context","deterministic_source_normalization","context_only","Cross-horizon","Phase 5","","","","","","Retained as context; delivery coverage is carried by child candidates."
"MSR-048-98715F7608","48","NATURAL-LANGUAGE CONFIGURATION","1282","normative_prose","""Create a new Professional Plan at ₹2,499/month with 10 users included and ₹199 for every additional user.","""Create a new Professional Plan at ₹2,499/month with 10 users included and ₹199 for every additional user.","accepted","deterministic_source_normalization","normalized_atomic","Cross-horizon","Phase 5","SUB-E015","US-MSR-048-01","AC-MSR-048-01-01","TC-MSR-048-98715F7608","","No implementation evidence inferred."
"MSR-048-A4D1E7202C","48","NATURAL-LANGUAGE CONFIGURATION","1284","contextual_prose","System generates configuration draft.","Product and implementation decisions must conform to this master-specification constraint: System generates configuration draft.","accepted","deterministic_source_normalization","normalized_atomic","Cross-horizon","Phase 5","SUB-E015","US-MSR-048-01","AC-MSR-048-01-02","TC-MSR-048-A4D1E7202C","","No implementation evidence inferred."
"MSR-048-93527FBB9D","48","NATURAL-LANGUAGE CONFIGURATION","1286","normative_prose","Display resulting rule.","Display resulting rule.","accepted","deterministic_source_normalization","normalized_atomic","Cross-horizon","Phase 5","SUB-E015","US-MSR-048-01","AC-MSR-048-01-03","TC-MSR-048-93527FBB9D","","No implementation evidence inferred."
"MSR-048-C262F1AEDA","48","NATURAL-LANGUAGE CONFIGURATION","1288","contextual_prose","User reviews.","Product and implementation decisions must conform to this master-specification constraint: User reviews.","accepted","deterministic_source_normalization","normalized_atomic","Cross-horizon","Phase 5","SUB-E015","US-MSR-048-01","AC-MSR-048-01-04","TC-MSR-048-C262F1AEDA","","No implementation evidence inferred."
"MSR-048-96DDE73606","48","NATURAL-LANGUAGE CONFIGURATION","1290","contextual_prose","User activates.","Product and implementation decisions must conform to this master-specification constraint: User activates.","accepted","deterministic_source_normalization","normalized_atomic","Cross-horizon","Phase 5","SUB-E015","US-MSR-048-01","AC-MSR-048-01-05","TC-MSR-048-96DDE73606","","No implementation evidence inferred."
"MSR-048-A4A05C8D29","48","NATURAL-LANGUAGE CONFIGURATION","1292","normative_prose","AI-generated configurations must go through the same validations as manually created configurations.","AI-generated configurations must go through the same validations as manually created configurations.","accepted","deterministic_source_normalization","normalized_atomic","Cross-horizon","Phase 5","SUB-E015","US-MSR-048-01","AC-MSR-048-01-06","TC-MSR-048-A4A05C8D29","","No implementation evidence inferred."
"MSR-049-F9BD6B5032","49","AUTONOMOUS REVENUE OPERATIONS","1298","normative_prose","Implement bounded AI agents.","Implement bounded AI agents.","accepted","deterministic_source_normalization","normalized_atomic","Cross-horizon","Phase 5","SUB-E015","US-MSR-049-01","AC-MSR-049-01-01","TC-MSR-049-F9BD6B5032","","No implementation evidence inferred."
"MSR-049-C698F66119","49","AUTONOMOUS REVENUE OPERATIONS","1300","contextual_prose","Examples:","Product and implementation decisions must conform to this master-specification constraint: Examples:.","parent_context","deterministic_source_normalization","context_only","Cross-horizon","Phase 5","","","","","","Retained as context; delivery coverage is carried by child candidates."
"MSR-049-335DB52526","49","AUTONOMOUS REVENUE OPERATIONS","1301","bullet","Collections Agent","The platform must support Collections Agent within autonomous revenue operations.","accepted","deterministic_source_normalization","normalized_atomic","Cross-horizon","Phase 5","SUB-E015","US-MSR-049-01","AC-MSR-049-01-02","TC-MSR-049-335DB52526","","No implementation evidence inferred."
"MSR-049-7880C3D9F0","49","AUTONOMOUS REVENUE OPERATIONS","1302","bullet","Leakage Agent","The platform must support Leakage Agent within autonomous revenue operations.","accepted","deterministic_source_normalization","normalized_atomic","Cross-horizon","Phase 5","SUB-E015","US-MSR-049-01","AC-MSR-049-01-03","TC-MSR-049-7880C3D9F0","","No implementation evidence inferred."
"MSR-049-A4F0075ABD","49","AUTONOMOUS REVENUE OPERATIONS","1303","bullet","Reconciliation Agent","The platform must support Reconciliation Agent within autonomous revenue operations.","accepted","deterministic_source_normalization","normalized_atomic","Cross-horizon","Phase 5","SUB-E015","US-MSR-049-01","AC-MSR-049-01-04","TC-MSR-049-A4F0075ABD","","No implementation evidence inferred."
"MSR-049-06CD0CCEA5","49","AUTONOMOUS REVENUE OPERATIONS","1304","bullet","Pricing Analyst Agent","The platform must support Pricing Analyst Agent within autonomous revenue operations.","accepted","deterministic_source_normalization","normalized_atomic","Cross-horizon","Phase 5","SUB-E015","US-MSR-049-01","AC-MSR-049-01-05","TC-MSR-049-06CD0CCEA5","","No implementation evidence inferred."
"MSR-049-41F60A763A","49","AUTONOMOUS REVENUE OPERATIONS","1305","bullet","Customer Care Agent.","The platform must support Customer Care Agent. within autonomous revenue operations.","accepted","deterministic_source_normalization","normalized_atomic","Cross-horizon","Phase 5","SUB-E015","US-MSR-049-01","AC-MSR-049-01-06","TC-MSR-049-41F60A763A","","No implementation evidence inferred."
"MSR-049-84BEA19AC0","49","AUTONOMOUS REVENUE OPERATIONS","1307","normative_prose","All agent actions must be auditable.","All agent actions must be auditable.","accepted","deterministic_source_normalization","normalized_atomic","Cross-horizon","Phase 5","SUB-E015","US-MSR-049-01","AC-MSR-049-01-07","TC-MSR-049-84BEA19AC0","","No implementation evidence inferred."
"MSR-050-CD0BB020BF","50","BUSINESS RULES ENGINE","1313","normative_prose","Provide a general rule framework.","Provide a general rule framework.","accepted","deterministic_source_normalization","normalized_atomic","Cross-horizon","Phase 5","SUB-E005","US-MSR-050-01","AC-MSR-050-01-01","TC-MSR-050-CD0BB020BF","","No implementation evidence inferred."
"MSR-050-C613CAE36D","50","BUSINESS RULES ENGINE","1315","contextual_prose","Example:","Product and implementation decisions must conform to this master-specification constraint: Example:.","parent_context","deterministic_source_normalization","context_only","Cross-horizon","Phase 5","","","","","","Retained as context; delivery coverage is carried by child candidates."
"MSR-050-55BB119A86","50","BUSINESS RULES ENGINE","1317","contextual_prose","WHEN","Product and implementation decisions must conform to this master-specification constraint: WHEN.","accepted","deterministic_source_normalization","normalized_atomic","Cross-horizon","Phase 5","SUB-E005","US-MSR-050-01","AC-MSR-050-01-02","TC-MSR-050-55BB119A86","","No implementation evidence inferred."
"MSR-050-B36C0D2CE5","50","BUSINESS RULES ENGINE","1319","contextual_prose","invoice.","Product and implementation decisions must conform to this master-specification constraint: invoice.","accepted","deterministic_source_normalization","normalized_atomic","Cross-horizon","Phase 5","SUB-E005","US-MSR-050-01","AC-MSR-050-01-03","TC-MSR-050-B36C0D2CE5","","No implementation evidence inferred."
"MSR-050-6DF319D309","50","BUSINESS RULES ENGINE","1319","contextual_prose","amount > ₹100,000","Product and implementation decisions must conform to this master-specification constraint: amount > ₹100,000.","accepted","deterministic_source_normalization","normalized_atomic","Cross-horizon","Phase 5","SUB-E005","US-MSR-050-01","AC-MSR-050-01-04","TC-MSR-050-6DF319D309","","No implementation evidence inferred."
"MSR-050-9854133D69-01","50","BUSINESS RULES ENGINE","1321","contextual_prose","AND","Product and implementation decisions must conform to this master-specification constraint: AND.","accepted","deterministic_source_normalization","normalized_atomic","Cross-horizon","Phase 5","SUB-E005","US-MSR-050-01","AC-MSR-050-01-05","TC-MSR-050-9854133D69-01","","No implementation evidence inferred."
"MSR-050-0A3EE37DB6","50","BUSINESS RULES ENGINE","1323","contextual_prose","customer.","Product and implementation decisions must conform to this master-specification constraint: customer.","accepted","deterministic_source_normalization","normalized_atomic","Cross-horizon","Phase 5","SUB-E005","US-MSR-050-01","AC-MSR-050-01-06","TC-MSR-050-0A3EE37DB6","","No implementation evidence inferred."
"MSR-050-519F3B9583","50","BUSINESS RULES ENGINE","1323","contextual_prose","segment = Enterprise","Product and implementation decisions must conform to this master-specification constraint: segment = Enterprise.","accepted","deterministic_source_normalization","normalized_atomic","Cross-horizon","Phase 5","SUB-E005","US-MSR-050-01","AC-MSR-050-01-07","TC-MSR-050-519F3B9583","","No implementation evidence inferred."
"MSR-050-9854133D69-02","50","BUSINESS RULES ENGINE","1325","contextual_prose","AND","Product and implementation decisions must conform to this master-specification constraint: AND.","accepted","deterministic_source_normalization","normalized_atomic","Cross-horizon","Phase 5","SUB-E005","US-MSR-050-01","AC-MSR-050-01-08","TC-MSR-050-9854133D69-02","","No implementation evidence inferred."
"MSR-050-FA6573EF10","50","BUSINESS RULES ENGINE","1327","contextual_prose","payment_status = Failed","Product and implementation decisions must conform to this master-specification constraint: payment_status = Failed.","accepted","deterministic_source_normalization","normalized_atomic","Cross-horizon","Phase 5","SUB-E005","US-MSR-050-01","AC-MSR-050-01-09","TC-MSR-050-FA6573EF10","","No implementation evidence inferred."
"MSR-050-1C4DD3577A","50","BUSINESS RULES ENGINE","1329","contextual_prose","THEN","Product and implementation decisions must conform to this master-specification constraint: THEN.","accepted","deterministic_source_normalization","normalized_atomic","Cross-horizon","Phase 5","SUB-E005","US-MSR-050-01","AC-MSR-050-01-10","TC-MSR-050-1C4DD3577A","","No implementation evidence inferred."
"MSR-050-EDEB8554EB","50","BUSINESS RULES ENGINE","1331","contextual_prose","assign Account Manager","Product and implementation decisions must conform to this master-specification constraint: assign Account Manager.","accepted","deterministic_source_normalization","normalized_atomic","Cross-horizon","Phase 5","SUB-E005","US-MSR-050-02","AC-MSR-050-02-01","TC-MSR-050-EDEB8554EB","","No implementation evidence inferred."
"MSR-050-9854133D69-03","50","BUSINESS RULES ENGINE","1333","contextual_prose","AND","Product and implementation decisions must conform to this master-specification constraint: AND.","accepted","deterministic_source_normalization","normalized_atomic","Cross-horizon","Phase 5","SUB-E005","US-MSR-050-02","AC-MSR-050-02-02","TC-MSR-050-9854133D69-03","","No implementation evidence inferred."
"MSR-050-534CA8C625","50","BUSINESS RULES ENGINE","1335","contextual_prose","send WhatsApp alert","Product and implementation decisions must conform to this master-specification constraint: send WhatsApp alert.","accepted","deterministic_source_normalization","normalized_atomic","Cross-horizon","Phase 5","SUB-E005","US-MSR-050-02","AC-MSR-050-02-03","TC-MSR-050-534CA8C625","","No implementation evidence inferred."
"MSR-050-9854133D69-04","50","BUSINESS RULES ENGINE","1337","contextual_prose","AND","Product and implementation decisions must conform to this master-specification constraint: AND.","accepted","deterministic_source_normalization","normalized_atomic","Cross-horizon","Phase 5","SUB-E005","US-MSR-050-02","AC-MSR-050-02-04","TC-MSR-050-9854133D69-04","","No implementation evidence inferred."
"MSR-050-C4F765A80F","50","BUSINESS RULES ENGINE","1339","normative_prose","do not suspend service for 7 days.","do not suspend service for 7 days.","accepted","deterministic_source_normalization","normalized_atomic","Cross-horizon","Phase 5","SUB-E005","US-MSR-050-02","AC-MSR-050-02-05","TC-MSR-050-C4F765A80F","","No implementation evidence inferred."
"MSR-050-5FE58721C4","50","BUSINESS RULES ENGINE","1341","normative_prose","Provide visual rule builder and advanced expression mode.","Provide visual rule builder and advanced expression mode.","accepted","deterministic_source_normalization","normalized_atomic","Cross-horizon","Phase 5","SUB-E005","US-MSR-050-02","AC-MSR-050-02-06","TC-MSR-050-5FE58721C4","","No implementation evidence inferred."
"MSR-051-ADCBE787A6","51","WORKFLOW ENGINE","1347","normative_prose","Events should drive workflows.","Events should drive workflows.","accepted","deterministic_source_normalization","normalized_atomic","Cross-horizon","Phase 5","SUB-E016","US-MSR-051-01","AC-MSR-051-01-01","TC-MSR-051-ADCBE787A6","","No implementation evidence inferred."
"MSR-051-0E4D8F473A","51","WORKFLOW ENGINE","1349","contextual_prose","Examples:","Product and implementation decisions must conform to this master-specification constraint: Examples:.","parent_context","deterministic_source_normalization","context_only","Cross-horizon","Phase 5","","","","","","Retained as context; delivery coverage is carried by child candidates."
"MSR-051-B613D1EBBA","51","WORKFLOW ENGINE","1350","bullet","subscription.created","The platform must support subscription.created within workflow engine.","accepted","deterministic_source_normalization","normalized_atomic","Cross-horizon","Phase 5","SUB-E016","US-MSR-051-01","AC-MSR-051-01-02","TC-MSR-051-B613D1EBBA","","No implementation evidence inferred."
"MSR-051-65FECDB36E","51","WORKFLOW ENGINE","1351","bullet","subscription.renewed","The platform must support subscription.renewed within workflow engine.","accepted","deterministic_source_normalization","normalized_atomic","Cross-horizon","Phase 5","SUB-E016","US-MSR-051-01","AC-MSR-051-01-03","TC-MSR-051-65FECDB36E","","No implementation evidence inferred."
"MSR-051-FFD464B017","51","WORKFLOW ENGINE","1352","bullet","usage.received","The platform must support usage.received within workflow engine.","accepted","deterministic_source_normalization","normalized_atomic","Cross-horizon","Phase 5","SUB-E016","US-MSR-051-01","AC-MSR-051-01-04","TC-MSR-051-FFD464B017","","No implementation evidence inferred."
"MSR-051-D5794FA912","51","WORKFLOW ENGINE","1353","bullet","invoice.generated","The platform must support invoice.generated within workflow engine.","accepted","deterministic_source_normalization","normalized_atomic","Cross-horizon","Phase 5","SUB-E016","US-MSR-051-01","AC-MSR-051-01-05","TC-MSR-051-D5794FA912","","No implementation evidence inferred."
"MSR-051-022D9E76DA","51","WORKFLOW ENGINE","1354","bullet","invoice.due","The platform must support invoice.due within workflow engine.","accepted","deterministic_source_normalization","normalized_atomic","Cross-horizon","Phase 5","SUB-E016","US-MSR-051-01","AC-MSR-051-01-06","TC-MSR-051-022D9E76DA","","No implementation evidence inferred."
"MSR-051-19728FE469","51","WORKFLOW ENGINE","1355","bullet","payment.failed","The platform must support payment.failed within workflow engine.","accepted","deterministic_source_normalization","normalized_atomic","Cross-horizon","Phase 5","SUB-E016","US-MSR-051-01","AC-MSR-051-01-07","TC-MSR-051-19728FE469","","No implementation evidence inferred."
"MSR-051-4BA7A4829D","51","WORKFLOW ENGINE","1356","bullet","payment.received","The platform must support payment.received within workflow engine.","accepted","deterministic_source_normalization","normalized_atomic","Cross-horizon","Phase 5","SUB-E016","US-MSR-051-01","AC-MSR-051-01-08","TC-MSR-051-4BA7A4829D","","No implementation evidence inferred."
"MSR-051-5302BC363E","51","WORKFLOW ENGINE","1357","bullet","contract.expiring.","The platform must support contract.expiring. within workflow engine.","accepted","deterministic_source_normalization","normalized_atomic","Cross-horizon","Phase 5","SUB-E016","US-MSR-051-01","AC-MSR-051-01-09","TC-MSR-051-5302BC363E","","No implementation evidence inferred."
"MSR-051-CB8865B4E1","51","WORKFLOW ENGINE","1359","contextual_prose","Workflow:","Product and implementation decisions must conform to this master-specification constraint: Workflow:.","parent_context","deterministic_source_normalization","context_only","Cross-horizon","Phase 5","","","","","","Retained as context; delivery coverage is carried by child candidates."
"MSR-051-5797200825","51","WORKFLOW ENGINE","1361","contextual_prose","Trigger → Condition → Action → Wait → Branch → Approval → Integration.","Product and implementation decisions must conform to this master-specification constraint: Trigger → Condition → Action → Wait → Branch → Approval → Integration.","accepted","deterministic_source_normalization","normalized_atomic","Cross-horizon","Phase 5","SUB-E016","US-MSR-051-01","AC-MSR-051-01-10","TC-MSR-051-5797200825","","No implementation evidence inferred."
"MSR-052-F38398B22E","52","NO-CODE CUSTOMIZATION","1367","normative_prose","Administrators should be able to customize:","Administrators should be able to customize:.","parent_context","deterministic_source_normalization","context_only","Cross-horizon","Phase 5","","","","","","Retained as context; delivery coverage is carried by child candidates."
"MSR-052-1B6EAAAC37","52","NO-CODE CUSTOMIZATION","1368","bullet","objects","The platform must support objects within no-code customization.","accepted","deterministic_source_normalization","normalized_atomic","Cross-horizon","Phase 5","SUB-E016","US-MSR-052-01","AC-MSR-052-01-01","TC-MSR-052-1B6EAAAC37","","No implementation evidence inferred."
"MSR-052-30753A6113","52","NO-CODE CUSTOMIZATION","1369","bullet","fields","The platform must support fields within no-code customization.","accepted","deterministic_source_normalization","normalized_atomic","Cross-horizon","Phase 5","SUB-E016","US-MSR-052-01","AC-MSR-052-01-02","TC-MSR-052-30753A6113","","No implementation evidence inferred."
"MSR-052-A9A91C2DA9","52","NO-CODE CUSTOMIZATION","1370","bullet","forms","The platform must support forms within no-code customization.","accepted","deterministic_source_normalization","normalized_atomic","Cross-horizon","Phase 5","SUB-E016","US-MSR-052-01","AC-MSR-052-01-03","TC-MSR-052-A9A91C2DA9","","No implementation evidence inferred."
"MSR-052-B08C10FAF3","52","NO-CODE CUSTOMIZATION","1371","bullet","layouts","The platform must support layouts within no-code customization.","accepted","deterministic_source_normalization","normalized_atomic","Cross-horizon","Phase 5","SUB-E016","US-MSR-052-01","AC-MSR-052-01-04","TC-MSR-052-B08C10FAF3","","No implementation evidence inferred."
"MSR-052-BE5161AFA6","52","NO-CODE CUSTOMIZATION","1372","bullet","validation rules","The platform must support validation rules within no-code customization.","accepted","deterministic_source_normalization","normalized_atomic","Cross-horizon","Phase 5","SUB-E016","US-MSR-052-01","AC-MSR-052-01-05","TC-MSR-052-BE5161AFA6","","No implementation evidence inferred."
"MSR-052-0D18CFA813","52","NO-CODE CUSTOMIZATION","1373","bullet","business rules","The platform must support business rules within no-code customization.","accepted","deterministic_source_normalization","normalized_atomic","Cross-horizon","Phase 5","SUB-E016","US-MSR-052-01","AC-MSR-052-01-06","TC-MSR-052-0D18CFA813","","No implementation evidence inferred."
"MSR-052-F1771B16F1","52","NO-CODE CUSTOMIZATION","1374","bullet","workflows","The platform must support workflows within no-code customization.","accepted","deterministic_source_normalization","normalized_atomic","Cross-horizon","Phase 5","SUB-E016","US-MSR-052-01","AC-MSR-052-01-07","TC-MSR-052-F1771B16F1","","No implementation evidence inferred."
"MSR-052-2BC70554C0","52","NO-CODE CUSTOMIZATION","1375","bullet","notifications","The platform must support notifications within no-code customization.","accepted","deterministic_source_normalization","normalized_atomic","Cross-horizon","Phase 5","SUB-E016","US-MSR-052-01","AC-MSR-052-01-08","TC-MSR-052-2BC70554C0","","No implementation evidence inferred."
"MSR-052-8E8D974CB7","52","NO-CODE CUSTOMIZATION","1376","bullet","roles","The platform must support roles within no-code customization.","accepted","deterministic_source_normalization","normalized_atomic","Cross-horizon","Phase 5","SUB-E016","US-MSR-052-01","AC-MSR-052-01-09","TC-MSR-052-8E8D974CB7","","No implementation evidence inferred."
"MSR-052-141C97A2B5","52","NO-CODE CUSTOMIZATION","1377","bullet","dashboards.","The platform must support dashboards. within no-code customization.","accepted","deterministic_source_normalization","normalized_atomic","Cross-horizon","Phase 5","SUB-E016","US-MSR-052-01","AC-MSR-052-01-10","TC-MSR-052-141C97A2B5","","No implementation evidence inferred."
"MSR-052-BE0B84FCB2","52","NO-CODE CUSTOMIZATION","1379","contextual_prose","Avoid requiring custom source-code forks.","Product and implementation decisions must conform to this master-specification constraint: Avoid requiring custom source-code forks.","accepted","deterministic_source_normalization","normalized_atomic","Cross-horizon","Phase 5","SUB-E016","US-MSR-052-02","AC-MSR-052-02-01","TC-MSR-052-BE0B84FCB2","","No implementation evidence inferred."
"MSR-053-330CF3E989","53","LOW-CODE EXTENSIBILITY","1385","normative_prose","Provide sandboxed extension framework.","Provide sandboxed extension framework.","accepted","deterministic_source_normalization","normalized_atomic","Cross-horizon","Phase 5","SUB-E016","US-MSR-053-01","AC-MSR-053-01-01","TC-MSR-053-330CF3E989","","No implementation evidence inferred."
"MSR-053-1418420115","53","LOW-CODE EXTENSIBILITY","1387","normative_prose","Allow:","Allow:.","parent_context","deterministic_source_normalization","context_only","Cross-horizon","Phase 5","","","","","","Retained as context; delivery coverage is carried by child candidates."
"MSR-053-B18CBACF6F","53","LOW-CODE EXTENSIBILITY","1388","bullet","serverless functions","The platform must support serverless functions within low-code extensibility.","accepted","deterministic_source_normalization","normalized_atomic","Cross-horizon","Phase 5","SUB-E016","US-MSR-053-01","AC-MSR-053-01-02","TC-MSR-053-B18CBACF6F","","No implementation evidence inferred."
"MSR-053-3A69EB06C4","53","LOW-CODE EXTENSIBILITY","1389","bullet","custom calculators","The platform must support custom calculators within low-code extensibility.","accepted","deterministic_source_normalization","normalized_atomic","Cross-horizon","Phase 5","SUB-E016","US-MSR-053-01","AC-MSR-053-01-03","TC-MSR-053-3A69EB06C4","","No implementation evidence inferred."
"MSR-053-EB346396FA","53","LOW-CODE EXTENSIBILITY","1390","bullet","custom UI widgets","The platform must support custom UI widgets within low-code extensibility.","accepted","deterministic_source_normalization","normalized_atomic","Cross-horizon","Phase 5","SUB-E016","US-MSR-053-01","AC-MSR-053-01-04","TC-MSR-053-EB346396FA","","No implementation evidence inferred."
"MSR-053-45610F2EBE","53","LOW-CODE EXTENSIBILITY","1391","bullet","workflow extensions","The platform must support workflow extensions within low-code extensibility.","accepted","deterministic_source_normalization","normalized_atomic","Cross-horizon","Phase 5","SUB-E016","US-MSR-053-01","AC-MSR-053-01-05","TC-MSR-053-45610F2EBE","","No implementation evidence inferred."
"MSR-053-59D4D07F72","53","LOW-CODE EXTENSIBILITY","1392","bullet","external service connectors.","The platform must support external service connectors. within low-code extensibility.","accepted","deterministic_source_normalization","normalized_atomic","Cross-horizon","Phase 5","SUB-E016","US-MSR-053-01","AC-MSR-053-01-06","TC-MSR-053-59D4D07F72","","No implementation evidence inferred."
"MSR-053-1FBEA945D5","53","LOW-CODE EXTENSIBILITY","1394","normative_prose","Extensions must have:","Extensions must have:.","parent_context","deterministic_source_normalization","context_only","Cross-horizon","Phase 5","","","","","","Retained as context; delivery coverage is carried by child candidates."
"MSR-053-5893EF2114","53","LOW-CODE EXTENSIBILITY","1395","bullet","versioning","The platform must support versioning within low-code extensibility.","accepted","deterministic_source_normalization","normalized_atomic","Cross-horizon","Phase 5","SUB-E016","US-MSR-053-01","AC-MSR-053-01-07","TC-MSR-053-5893EF2114","","No implementation evidence inferred."
"MSR-053-2332A7DC8D","53","LOW-CODE EXTENSIBILITY","1396","bullet","permissions","The platform must support permissions within low-code extensibility.","accepted","deterministic_source_normalization","normalized_atomic","Cross-horizon","Phase 5","SUB-E016","US-MSR-053-01","AC-MSR-053-01-08","TC-MSR-053-2332A7DC8D","","No implementation evidence inferred."
"MSR-053-E0C8CD31DC","53","LOW-CODE EXTENSIBILITY","1397","bullet","observability","The platform must support observability within low-code extensibility.","accepted","deterministic_source_normalization","normalized_atomic","Cross-horizon","Phase 5","SUB-E016","US-MSR-053-01","AC-MSR-053-01-09","TC-MSR-053-E0C8CD31DC","","No implementation evidence inferred."
"MSR-053-191C2A31B8","53","LOW-CODE EXTENSIBILITY","1398","bullet","rollback.","The platform must support rollback. within low-code extensibility.","accepted","deterministic_source_normalization","normalized_atomic","Cross-horizon","Phase 5","SUB-E016","US-MSR-053-01","AC-MSR-053-01-10","TC-MSR-053-191C2A31B8","","No implementation evidence inferred."
"MSR-054-9D4B3C3DC6","54","API-FIRST DESIGN","1404","normative_prose","Every major operation available through UI must have an API.","Every major operation available through UI must have an API.","accepted","deterministic_source_normalization","normalized_atomic","Cross-horizon","Phase 5","SUB-E001","US-MSR-054-01","AC-MSR-054-01-01","TC-MSR-054-9D4B3C3DC6","","No implementation evidence inferred."
"MSR-054-49CCB229F7","54","API-FIRST DESIGN","1406","normative_prose","Use REST and optionally GraphQL where appropriate.","Use REST and optionally GraphQL where appropriate.","accepted","deterministic_source_normalization","normalized_atomic","Cross-horizon","Phase 5","SUB-E001","US-MSR-054-01","AC-MSR-054-01-02","TC-MSR-054-49CCB229F7","","No implementation evidence inferred."
"MSR-054-BD72B38352","54","API-FIRST DESIGN","1408","normative_prose","Provide:","Provide:.","parent_context","deterministic_source_normalization","context_only","Cross-horizon","Phase 5","","","","","","Retained as context; delivery coverage is carried by child candidates."
"MSR-054-E4497A514B","54","API-FIRST DESIGN","1409","bullet","webhooks","The platform must support webhooks within api-first design.","accepted","deterministic_source_normalization","normalized_atomic","Cross-horizon","Phase 5","SUB-E001","US-MSR-054-01","AC-MSR-054-01-03","TC-MSR-054-E4497A514B","","No implementation evidence inferred."
"MSR-054-FCD5D2E33A","54","API-FIRST DESIGN","1410","bullet","idempotency keys","The platform must support idempotency keys within api-first design.","accepted","deterministic_source_normalization","normalized_atomic","Cross-horizon","Phase 5","SUB-E001","US-MSR-054-01","AC-MSR-054-01-04","TC-MSR-054-FCD5D2E33A","","No implementation evidence inferred."
"MSR-054-DB97E325E7","54","API-FIRST DESIGN","1411","bullet","API versioning.","The platform must support API versioning. within api-first design.","accepted","deterministic_source_normalization","normalized_atomic","Cross-horizon","Phase 5","SUB-E001","US-MSR-054-01","AC-MSR-054-01-05","TC-MSR-054-DB97E325E7","","No implementation evidence inferred."
"MSR-055-3E89872067","55","EVENT-DRIVEN ARCHITECTURE","1417","normative_prose","Use domain events as a first-class primitive.","Use domain events as a first-class primitive.","accepted","deterministic_source_normalization","normalized_atomic","Cross-horizon","Phase 5","SUB-E001","US-MSR-055-01","AC-MSR-055-01-01","TC-MSR-055-3E89872067","","No implementation evidence inferred."
"MSR-055-9B2D30D48D","55","EVENT-DRIVEN ARCHITECTURE","1419","contextual_prose","Example:","Product and implementation decisions must conform to this master-specification constraint: Example:.","parent_context","deterministic_source_normalization","context_only","Cross-horizon","Phase 5","","","","","","Retained as context; delivery coverage is carried by child candidates."
"MSR-055-71DA56D432","55","EVENT-DRIVEN ARCHITECTURE","1420","bullet","SubscriptionCreated","The platform must support SubscriptionCreated within event-driven architecture.","accepted","deterministic_source_normalization","normalized_atomic","Cross-horizon","Phase 5","SUB-E001","US-MSR-055-01","AC-MSR-055-01-02","TC-MSR-055-71DA56D432","","No implementation evidence inferred."
"MSR-055-1F61F7DAAA","55","EVENT-DRIVEN ARCHITECTURE","1421","bullet","UsageReceived","The platform must support UsageReceived within event-driven architecture.","accepted","deterministic_source_normalization","normalized_atomic","Cross-horizon","Phase 5","SUB-E001","US-MSR-055-01","AC-MSR-055-01-03","TC-MSR-055-1F61F7DAAA","","No implementation evidence inferred."
"MSR-055-462269CE2B","55","EVENT-DRIVEN ARCHITECTURE","1422","bullet","ChargeRated","The platform must support ChargeRated within event-driven architecture.","accepted","deterministic_source_normalization","normalized_atomic","Cross-horizon","Phase 5","SUB-E001","US-MSR-055-01","AC-MSR-055-01-04","TC-MSR-055-462269CE2B","","No implementation evidence inferred."
"MSR-055-7E790A25B8","55","EVENT-DRIVEN ARCHITECTURE","1423","bullet","InvoiceFinalized","The platform must support InvoiceFinalized within event-driven architecture.","accepted","deterministic_source_normalization","normalized_atomic","Cross-horizon","Phase 5","SUB-E001","US-MSR-055-01","AC-MSR-055-01-05","TC-MSR-055-7E790A25B8","","No implementation evidence inferred."
"MSR-055-BD8B929A99","55","EVENT-DRIVEN ARCHITECTURE","1424","bullet","PaymentAttempted","The platform must support PaymentAttempted within event-driven architecture.","accepted","deterministic_source_normalization","normalized_atomic","Cross-horizon","Phase 5","SUB-E001","US-MSR-055-01","AC-MSR-055-01-06","TC-MSR-055-BD8B929A99","","No implementation evidence inferred."
"MSR-055-AA08FB23BA","55","EVENT-DRIVEN ARCHITECTURE","1425","bullet","PaymentFailed","The platform must support PaymentFailed within event-driven architecture.","accepted","deterministic_source_normalization","normalized_atomic","Cross-horizon","Phase 5","SUB-E001","US-MSR-055-01","AC-MSR-055-01-07","TC-MSR-055-AA08FB23BA","","No implementation evidence inferred."
"MSR-055-88ADBBBF97","55","EVENT-DRIVEN ARCHITECTURE","1426","bullet","PaymentSucceeded","The platform must support PaymentSucceeded within event-driven architecture.","accepted","deterministic_source_normalization","normalized_atomic","Cross-horizon","Phase 5","SUB-E001","US-MSR-055-01","AC-MSR-055-01-08","TC-MSR-055-88ADBBBF97","","No implementation evidence inferred."
"MSR-055-B92279DF1E","55","EVENT-DRIVEN ARCHITECTURE","1427","bullet","RevenueScheduled","The platform must support RevenueScheduled within event-driven architecture.","accepted","deterministic_source_normalization","normalized_atomic","Cross-horizon","Phase 5","SUB-E001","US-MSR-055-01","AC-MSR-055-01-09","TC-MSR-055-B92279DF1E","","No implementation evidence inferred."
"MSR-055-1E1C48787D","55","EVENT-DRIVEN ARCHITECTURE","1428","bullet","SubscriptionCancelled.","The platform must support SubscriptionCancelled. within event-driven architecture.","accepted","deterministic_source_normalization","normalized_atomic","Cross-horizon","Phase 5","SUB-E001","US-MSR-055-01","AC-MSR-055-01-10","TC-MSR-055-1E1C48787D","","No implementation evidence inferred."
"MSR-055-FD944F282A","55","EVENT-DRIVEN ARCHITECTURE","1430","normative_prose","Use event streaming infrastructure suitable for high scale.","Use event streaming infrastructure suitable for high scale.","accepted","deterministic_source_normalization","normalized_atomic","Cross-horizon","Phase 5","SUB-E001","US-MSR-055-02","AC-MSR-055-02-01","TC-MSR-055-FD944F282A","","No implementation evidence inferred."
"MSR-055-F7866DE681","55","EVENT-DRIVEN ARCHITECTURE","1432","normative_prose","Ensure reliable delivery patterns such as transactional outbox where appropriate.","Ensure reliable delivery patterns such as transactional outbox where appropriate.","accepted","deterministic_source_normalization","normalized_atomic","Cross-horizon","Phase 5","SUB-E001","US-MSR-055-02","AC-MSR-055-02-02","TC-MSR-055-F7866DE681","","No implementation evidence inferred."
"MSR-056-29831DF9F9","56","CORE DOMAIN SERVICES","1438","contextual_prose","Architect logical services/modules for:","Product and implementation decisions must conform to this master-specification constraint: Architect logical services/modules for:.","parent_context","deterministic_source_normalization","context_only","Cross-horizon","Phase 5","","","","","","Retained as context; delivery coverage is carried by child candidates."
"MSR-056-A2C48C0418","56","CORE DOMAIN SERVICES","1439","bullet","Identity","The platform must support Identity within core domain services.","accepted","deterministic_source_normalization","normalized_atomic","Cross-horizon","Phase 5","SUB-E001","US-MSR-056-01","AC-MSR-056-01-01","TC-MSR-056-A2C48C0418","","No implementation evidence inferred."
"MSR-056-E650103E3D","56","CORE DOMAIN SERVICES","1440","bullet","Tenant Management","The platform must support Tenant Management within core domain services.","accepted","deterministic_source_normalization","normalized_atomic","Cross-horizon","Phase 5","SUB-E001","US-MSR-056-01","AC-MSR-056-01-02","TC-MSR-056-E650103E3D","","No implementation evidence inferred."
"MSR-056-4B25B5A6B3","56","CORE DOMAIN SERVICES","1441","bullet","Customer","The platform must support Customer within core domain services.","accepted","deterministic_source_normalization","normalized_atomic","Cross-horizon","Phase 5","SUB-E001","US-MSR-056-01","AC-MSR-056-01-03","TC-MSR-056-4B25B5A6B3","","No implementation evidence inferred."
"MSR-056-0F99D36E9C","56","CORE DOMAIN SERVICES","1442","bullet","Account","The platform must support Account within core domain services.","accepted","deterministic_source_normalization","normalized_atomic","Cross-horizon","Phase 5","SUB-E001","US-MSR-056-01","AC-MSR-056-01-04","TC-MSR-056-0F99D36E9C","","No implementation evidence inferred."
"MSR-056-95D877F958","56","CORE DOMAIN SERVICES","1443","bullet","Catalog","The platform must support Catalog within core domain services.","accepted","deterministic_source_normalization","normalized_atomic","Cross-horizon","Phase 5","SUB-E001","US-MSR-056-01","AC-MSR-056-01-05","TC-MSR-056-95D877F958","","No implementation evidence inferred."
"MSR-056-E84717980B","56","CORE DOMAIN SERVICES","1444","bullet","Pricing","The platform must support Pricing within core domain services.","accepted","deterministic_source_normalization","normalized_atomic","Cross-horizon","Phase 5","SUB-E001","US-MSR-056-01","AC-MSR-056-01-06","TC-MSR-056-E84717980B","","No implementation evidence inferred."
"MSR-056-0CD829EC46","56","CORE DOMAIN SERVICES","1445","bullet","Quotes","The platform must support Quotes within core domain services.","accepted","deterministic_source_normalization","normalized_atomic","Cross-horizon","Phase 5","SUB-E001","US-MSR-056-01","AC-MSR-056-01-07","TC-MSR-056-0CD829EC46","","No implementation evidence inferred."
"MSR-056-BD70F9F5F7","56","CORE DOMAIN SERVICES","1446","bullet","Contracts","The platform must support Contracts within core domain services.","accepted","deterministic_source_normalization","normalized_atomic","Cross-horizon","Phase 5","SUB-E001","US-MSR-056-01","AC-MSR-056-01-08","TC-MSR-056-BD70F9F5F7","","No implementation evidence inferred."
"MSR-056-ADE68C903E","56","CORE DOMAIN SERVICES","1447","bullet","Subscriptions","The platform must support Subscriptions within core domain services.","accepted","deterministic_source_normalization","normalized_atomic","Cross-horizon","Phase 5","SUB-E001","US-MSR-056-01","AC-MSR-056-01-09","TC-MSR-056-ADE68C903E","","No implementation evidence inferred."
"MSR-056-A3A2C5A40A","56","CORE DOMAIN SERVICES","1448","bullet","Entitlements","The platform must support Entitlements within core domain services.","accepted","deterministic_source_normalization","normalized_atomic","Cross-horizon","Phase 5","SUB-E001","US-MSR-056-01","AC-MSR-056-01-10","TC-MSR-056-A3A2C5A40A","","No implementation evidence inferred."
"MSR-056-339051F699","56","CORE DOMAIN SERVICES","1449","bullet","Usage","The platform must support Usage within core domain services.","accepted","deterministic_source_normalization","normalized_atomic","Cross-horizon","Phase 5","SUB-E001","US-MSR-056-02","AC-MSR-056-02-01","TC-MSR-056-339051F699","","No implementation evidence inferred."
"MSR-056-45C9C4EE37","56","CORE DOMAIN SERVICES","1450","bullet","Metering","The platform must support Metering within core domain services.","accepted","deterministic_source_normalization","normalized_atomic","Cross-horizon","Phase 5","SUB-E001","US-MSR-056-02","AC-MSR-056-02-02","TC-MSR-056-45C9C4EE37","","No implementation evidence inferred."
"MSR-056-A7F8943F81","56","CORE DOMAIN SERVICES","1451","bullet","Rating","The platform must support Rating within core domain services.","accepted","deterministic_source_normalization","normalized_atomic","Cross-horizon","Phase 5","SUB-E001","US-MSR-056-02","AC-MSR-056-02-03","TC-MSR-056-A7F8943F81","","No implementation evidence inferred."
"MSR-056-0B1C4D19CA","56","CORE DOMAIN SERVICES","1452","bullet","Billing","The platform must support Billing within core domain services.","accepted","deterministic_source_normalization","normalized_atomic","Cross-horizon","Phase 5","SUB-E001","US-MSR-056-02","AC-MSR-056-02-04","TC-MSR-056-0B1C4D19CA","","No implementation evidence inferred."
"MSR-056-C29D514803","56","CORE DOMAIN SERVICES","1453","bullet","Invoice","The platform must support Invoice within core domain services.","accepted","deterministic_source_normalization","normalized_atomic","Cross-horizon","Phase 5","SUB-E001","US-MSR-056-02","AC-MSR-056-02-05","TC-MSR-056-C29D514803","","No implementation evidence inferred."
"MSR-056-7A8B6C68DA","56","CORE DOMAIN SERVICES","1454","bullet","Tax","The platform must support Tax within core domain services.","accepted","deterministic_source_normalization","normalized_atomic","Cross-horizon","Phase 5","SUB-E001","US-MSR-056-02","AC-MSR-056-02-06","TC-MSR-056-7A8B6C68DA","","No implementation evidence inferred."
"MSR-056-A77624748B","56","CORE DOMAIN SERVICES","1455","bullet","Payments","The platform must support Payments within core domain services.","accepted","deterministic_source_normalization","normalized_atomic","Cross-horizon","Phase 5","SUB-E001","US-MSR-056-02","AC-MSR-056-02-07","TC-MSR-056-A77624748B","","No implementation evidence inferred."
"MSR-056-96A3B59341","56","CORE DOMAIN SERVICES","1456","bullet","Collections","The platform must support Collections within core domain services.","accepted","deterministic_source_normalization","normalized_atomic","Cross-horizon","Phase 5","SUB-E001","US-MSR-056-02","AC-MSR-056-02-08","TC-MSR-056-96A3B59341","","No implementation evidence inferred."
"MSR-056-A5DF3F2153","56","CORE DOMAIN SERVICES","1457","bullet","Credits","The platform must support Credits within core domain services.","accepted","deterministic_source_normalization","normalized_atomic","Cross-horizon","Phase 5","SUB-E001","US-MSR-056-02","AC-MSR-056-02-09","TC-MSR-056-A5DF3F2153","","No implementation evidence inferred."
"MSR-056-A3CA0103FE","56","CORE DOMAIN SERVICES","1458","bullet","Revenue Recognition","The platform must support Revenue Recognition within core domain services.","accepted","deterministic_source_normalization","normalized_atomic","Cross-horizon","Phase 5","SUB-E001","US-MSR-056-02","AC-MSR-056-02-10","TC-MSR-056-A3CA0103FE","","No implementation evidence inferred."
"MSR-056-9680215E67","56","CORE DOMAIN SERVICES","1459","bullet","Reconciliation","The platform must support Reconciliation within core domain services.","accepted","deterministic_source_normalization","normalized_atomic","Cross-horizon","Phase 5","SUB-E001","US-MSR-056-03","AC-MSR-056-03-01","TC-MSR-056-9680215E67","","No implementation evidence inferred."
"MSR-056-EA59EA3217","56","CORE DOMAIN SERVICES","1460","bullet","Accounting","The platform must support Accounting within core domain services.","accepted","deterministic_source_normalization","normalized_atomic","Cross-horizon","Phase 5","SUB-E001","US-MSR-056-03","AC-MSR-056-03-02","TC-MSR-056-EA59EA3217","","No implementation evidence inferred."
"MSR-056-6B4A2B341C","56","CORE DOMAIN SERVICES","1461","bullet","Notifications","The platform must support Notifications within core domain services.","accepted","deterministic_source_normalization","normalized_atomic","Cross-horizon","Phase 5","SUB-E001","US-MSR-056-03","AC-MSR-056-03-03","TC-MSR-056-6B4A2B341C","","No implementation evidence inferred."
"MSR-056-25BB6EA2FC","56","CORE DOMAIN SERVICES","1462","bullet","Workflow","The platform must support Workflow within core domain services.","accepted","deterministic_source_normalization","normalized_atomic","Cross-horizon","Phase 5","SUB-E001","US-MSR-056-03","AC-MSR-056-03-04","TC-MSR-056-25BB6EA2FC","","No implementation evidence inferred."
"MSR-056-EA0BAFD115","56","CORE DOMAIN SERVICES","1463","bullet","Rules","The platform must support Rules within core domain services.","accepted","deterministic_source_normalization","normalized_atomic","Cross-horizon","Phase 5","SUB-E001","US-MSR-056-03","AC-MSR-056-03-05","TC-MSR-056-EA0BAFD115","","No implementation evidence inferred."
"MSR-056-8F057AFC96","56","CORE DOMAIN SERVICES","1464","bullet","Analytics","The platform must support Analytics within core domain services.","accepted","deterministic_source_normalization","normalized_atomic","Cross-horizon","Phase 5","SUB-E001","US-MSR-056-03","AC-MSR-056-03-06","TC-MSR-056-8F057AFC96","","No implementation evidence inferred."
"MSR-056-4BFB5FA0D6","56","CORE DOMAIN SERVICES","1466","bullet","Audit","The platform must support Audit within core domain services.","accepted","deterministic_source_normalization","normalized_atomic","Cross-horizon","Phase 5","SUB-E001","US-MSR-056-03","AC-MSR-056-03-07","TC-MSR-056-4BFB5FA0D6","","No implementation evidence inferred."
"MSR-056-C6FDB60EA0","56","CORE DOMAIN SERVICES","1467","bullet","Integrations.","The platform must support Integrations. within core domain services.","accepted","deterministic_source_normalization","normalized_atomic","Cross-horizon","Phase 5","SUB-E001","US-MSR-056-03","AC-MSR-056-03-08","TC-MSR-056-C6FDB60EA0","","No implementation evidence inferred."
"MSR-056-7B0B9535F9","56","CORE DOMAIN SERVICES","1469","normative_prose","Do not split into microservices prematurely.","Do not split into microservices prematurely.","accepted","deterministic_source_normalization","normalized_atomic","Cross-horizon","Phase 5","SUB-E001","US-MSR-056-03","AC-MSR-056-03-09","TC-MSR-056-7B0B9535F9","","No implementation evidence inferred."
"MSR-056-945B2A7953","56","CORE DOMAIN SERVICES","1471","normative_prose","Define bounded contexts clearly and choose deployment boundaries based upon scale and operational need.","Define bounded contexts clearly and choose deployment boundaries based upon scale and operational need.","accepted","deterministic_source_normalization","normalized_atomic","Cross-horizon","Phase 5","SUB-E001","US-MSR-056-03","AC-MSR-056-03-10","TC-MSR-056-945B2A7953","","No implementation evidence inferred."
"MSR-057-5596C8084E","57","FINANCIAL LEDGER","1477","normative_prose","Financial records require stronger guarantees than ordinary application records.","Financial records require stronger guarantees than ordinary application records.","accepted","deterministic_source_normalization","normalized_atomic","Cross-horizon","Phase 5","SUB-E017","US-MSR-057-01","AC-MSR-057-01-01","TC-MSR-057-5596C8084E","","No implementation evidence inferred."
"MSR-057-907C27329F","57","FINANCIAL LEDGER","1479","normative_prose","Implement double-entry accounting concepts where appropriate.","Implement double-entry accounting concepts where appropriate.","accepted","deterministic_source_normalization","normalized_atomic","Cross-horizon","Phase 5","SUB-E017","US-MSR-057-01","AC-MSR-057-01-02","TC-MSR-057-907C27329F","","No implementation evidence inferred."
"MSR-057-6C94BFE878","57","FINANCIAL LEDGER","1481","normative_prose","Ledger entries should be immutable.","Ledger entries should be immutable.","accepted","deterministic_source_normalization","normalized_atomic","Cross-horizon","Phase 5","SUB-E017","US-MSR-057-01","AC-MSR-057-01-03","TC-MSR-057-6C94BFE878","","No implementation evidence inferred."
"MSR-057-5C9D6717FD","57","FINANCIAL LEDGER","1483","normative_prose","Corrections should occur through reversals or adjustments.","Corrections should occur through reversals or adjustments.","accepted","deterministic_source_normalization","normalized_atomic","Cross-horizon","Phase 5","SUB-E017","US-MSR-057-01","AC-MSR-057-01-04","TC-MSR-057-5C9D6717FD","","No implementation evidence inferred."
"MSR-057-D9182A5AB6","57","FINANCIAL LEDGER","1485","normative_prose","Never silently edit posted financial records.","Never silently edit posted financial records.","accepted","deterministic_source_normalization","normalized_atomic","Cross-horizon","Phase 5","SUB-E017","US-MSR-057-01","AC-MSR-057-01-05","TC-MSR-057-D9182A5AB6","","No implementation evidence inferred."
"MSR-058-C69192855F","58","IDEMPOTENCY","1491","normative_prose","All financial APIs must protect against duplicate execution.","All financial APIs must protect against duplicate execution.","accepted","curated_review","validated_atomic","Cross-horizon","Phase 0","SUB-E001","US-BL-001-02","AC-BL-001-02-REQ-058-C69192855F","TC-001-02-01;TC-001-02-02;TC-001-02-03","","No implementation evidence inferred."
"MSR-058-2CCE1DD0DC","58","IDEMPOTENCY","1493","normative_prose","Repeating the same request must not charge a customer twice.","Repeating the same request must not charge a customer twice.","accepted","curated_review","validated_atomic","Cross-horizon","Phase 0","SUB-E001","US-BL-001-02","AC-BL-001-02-REQ-058-2CCE1DD0DC","TC-001-02-01;TC-001-02-02","","No implementation evidence inferred."
"MSR-059-2A8DB29EE1","59","CONSISTENCY MODEL","1499","normative_prose","Explicitly identify where strong consistency is required.","Explicitly identify where strong consistency is required.","accepted","deterministic_source_normalization","normalized_atomic","Cross-horizon","Phase 0","SUB-E001","US-MSR-059-01","AC-MSR-059-01-01","TC-MSR-059-2A8DB29EE1","","No implementation evidence inferred."
"MSR-059-D4AFD553C3","59","CONSISTENCY MODEL","1501","contextual_prose","Examples:","Product and implementation decisions must conform to this master-specification constraint: Examples:.","parent_context","deterministic_source_normalization","context_only","Cross-horizon","Phase 0","","","","","","Retained as context; delivery coverage is carried by child candidates."
"MSR-059-62CDD8893A","59","CONSISTENCY MODEL","1502","bullet","payment posting","The platform must support payment posting within consistency model.","accepted","deterministic_source_normalization","normalized_atomic","Cross-horizon","Phase 0","SUB-E001","US-MSR-059-01","AC-MSR-059-01-02","TC-MSR-059-62CDD8893A","","No implementation evidence inferred."
"MSR-059-45083AA6F3","59","CONSISTENCY MODEL","1503","bullet","invoice finalization","The platform must support invoice finalization within consistency model.","accepted","deterministic_source_normalization","normalized_atomic","Cross-horizon","Phase 0","SUB-E001","US-MSR-059-01","AC-MSR-059-01-03","TC-MSR-059-45083AA6F3","","No implementation evidence inferred."
"MSR-059-04D8A78146","59","CONSISTENCY MODEL","1504","bullet","ledger posting","The platform must support ledger posting within consistency model.","accepted","deterministic_source_normalization","normalized_atomic","Cross-horizon","Phase 0","SUB-E001","US-MSR-059-01","AC-MSR-059-01-04","TC-MSR-059-04D8A78146","","No implementation evidence inferred."
"MSR-059-B730C3405A","59","CONSISTENCY MODEL","1505","bullet","entitlement state when financially material.","The platform must support entitlement state when financially material. within consistency model.","accepted","deterministic_source_normalization","normalized_atomic","Cross-horizon","Phase 0","SUB-E001","US-MSR-059-01","AC-MSR-059-01-05","TC-MSR-059-B730C3405A","","No implementation evidence inferred."
"MSR-059-9D322103A7","59","CONSISTENCY MODEL","1507","normative_prose","Use eventual consistency where appropriate for:","Use eventual consistency where appropriate for:.","parent_context","deterministic_source_normalization","context_only","Cross-horizon","Phase 0","","","","","","Retained as context; delivery coverage is carried by child candidates."
"MSR-059-A5BD6DD711","59","CONSISTENCY MODEL","1508","bullet","analytics","The platform must support analytics within consistency model.","accepted","deterministic_source_normalization","normalized_atomic","Cross-horizon","Phase 0","SUB-E001","US-MSR-059-01","AC-MSR-059-01-06","TC-MSR-059-A5BD6DD711","","No implementation evidence inferred."
"MSR-059-ADCA291CE7","59","CONSISTENCY MODEL","1509","bullet","dashboards","The platform must support dashboards within consistency model.","accepted","deterministic_source_normalization","normalized_atomic","Cross-horizon","Phase 0","SUB-E001","US-MSR-059-01","AC-MSR-059-01-07","TC-MSR-059-ADCA291CE7","","No implementation evidence inferred."
"MSR-059-386BD05D9E","59","CONSISTENCY MODEL","1510","bullet","reporting views","The platform must support reporting views within consistency model.","accepted","deterministic_source_normalization","normalized_atomic","Cross-horizon","Phase 0","SUB-E001","US-MSR-059-01","AC-MSR-059-01-08","TC-MSR-059-386BD05D9E","","No implementation evidence inferred."
"MSR-059-A6F0DCAF2F","59","CONSISTENCY MODEL","1511","bullet","notifications.","The platform must support notifications. within consistency model.","accepted","deterministic_source_normalization","normalized_atomic","Cross-horizon","Phase 0","SUB-E001","US-MSR-059-01","AC-MSR-059-01-09","TC-MSR-059-A6F0DCAF2F","","No implementation evidence inferred."
"MSR-060-1D5278356F","60","AUDITABILITY","1517","contextual_prose","Record:","Audit records contain the following atomic evidence fields.","parent_context","curated_review","context_only","Cross-horizon","Cross-cutting","","","","","","Retained as context; delivery coverage is carried by child candidates."
"MSR-060-D685CE4383","60","AUDITABILITY","1518","bullet","who","Every audit record must identify the actor.","accepted","curated_review","validated_atomic","Cross-horizon","Phase 0","SUB-E017","US-BL-017-01","AC-BL-017-01-REQ-060-D685CE4383","TC-017-01-01;TC-017-01-02","","No implementation evidence inferred."
"MSR-060-72A98A23A1","60","AUDITABILITY","1519","bullet","did what","Every audit record must identify the action.","accepted","curated_review","validated_atomic","Cross-horizon","Phase 0","SUB-E017","US-BL-017-01","AC-BL-017-01-REQ-060-72A98A23A1","TC-017-01-01;TC-017-01-02","","No implementation evidence inferred."
"MSR-060-8863CC87AA","60","AUDITABILITY","1520","bullet","to which object","Every audit record must identify the affected object.","accepted","curated_review","validated_atomic","Cross-horizon","Phase 0","SUB-E017","US-BL-017-01","AC-BL-017-01-REQ-060-8863CC87AA","TC-017-01-01;TC-017-01-02","","No implementation evidence inferred."
"MSR-060-7A4D1C60B6","60","AUDITABILITY","1521","bullet","when","Every audit record must identify when the action occurred.","accepted","curated_review","validated_atomic","Cross-horizon","Phase 0","SUB-E017","US-BL-017-01","AC-BL-017-01-REQ-060-7A4D1C60B6","TC-017-01-01;TC-017-01-02","","No implementation evidence inferred."
"MSR-060-84A0B159CD","60","AUDITABILITY","1522","bullet","from where","Every audit record must identify the trusted request or workload origin.","accepted","curated_review","validated_atomic","Cross-horizon","Phase 0","SUB-E017","US-BL-017-01","AC-BL-017-01-REQ-060-84A0B159CD","TC-017-01-01;TC-017-01-02","","No implementation evidence inferred."
"MSR-060-03F1D3C250","60","AUDITABILITY","1523","bullet","before value","Every audit record must preserve a safe before-state reference.","accepted","curated_review","validated_atomic","Cross-horizon","Phase 0","SUB-E017","US-BL-017-01","AC-BL-017-01-REQ-060-03F1D3C250","TC-017-01-01;TC-017-01-02","","No implementation evidence inferred."
"MSR-060-7A6587E28A","60","AUDITABILITY","1524","bullet","after value","Every audit record must preserve a safe after-state reference.","accepted","curated_review","validated_atomic","Cross-horizon","Phase 0","SUB-E017","US-BL-017-01","AC-BL-017-01-REQ-060-7A6587E28A","TC-017-01-01;TC-017-01-02","","No implementation evidence inferred."
"MSR-060-987796DF8F","60","AUDITABILITY","1525","bullet","reason.","Every audit record must capture the action reason.","accepted","curated_review","validated_atomic","Cross-horizon","Phase 0","SUB-E017","US-BL-017-01","AC-BL-017-01-REQ-060-987796DF8F","TC-017-01-01;TC-017-01-02","","No implementation evidence inferred."
"MSR-060-D67CC8BB58","60","AUDITABILITY","1527","normative_prose","Configuration changes must be auditable.","Configuration changes must be auditable.","accepted","curated_review","validated_atomic","Cross-horizon","Phase 0","SUB-E017","US-BL-017-01;US-BL-017-02","AC-BL-017-01-REQ-060-D67CC8BB58;AC-BL-017-02-REQ-060-D67CC8BB58","TC-017-01-01;TC-017-01-02;TC-017-02-01","","No implementation evidence inferred."
"MSR-060-65FD06CA1F","60","AUDITABILITY","1529","normative_prose","AI actions must additionally record:","AI audit records contain the following additional fields.","parent_context","curated_review","context_only","Cross-horizon","Cross-cutting","","","","","","Retained as context; delivery coverage is carried by child candidates."
"MSR-060-D71BCB321D","60","AUDITABILITY","1530","bullet","model","Every AI audit record must identify the model and version.","accepted","curated_review","validated_atomic","Cross-horizon","Phase 5","SUB-E015;SUB-E017","US-BL-015-01;US-BL-017-01","AC-BL-015-01-REQ-060-D71BCB321D;AC-BL-017-01-REQ-060-D71BCB321D","TC-015-01-02;TC-017-01-01","","No implementation evidence inferred."
"MSR-060-4E2B7E4C92","60","AUDITABILITY","1531","bullet","prompt/context reference","Every AI audit record must retain a safe prompt/context reference.","accepted","curated_review","validated_atomic","Cross-horizon","Phase 5","SUB-E015;SUB-E017","US-BL-015-01;US-BL-017-01","AC-BL-015-01-REQ-060-4E2B7E4C92;AC-BL-017-01-REQ-060-4E2B7E4C92","TC-015-01-02;TC-017-01-01","","No implementation evidence inferred."
"MSR-060-E62965BC5A","60","AUDITABILITY","1532","bullet","tool/action invoked","Every AI audit record must identify the tool or action invoked.","accepted","curated_review","validated_atomic","Cross-horizon","Phase 5","SUB-E015;SUB-E017","US-BL-015-01;US-BL-017-01","AC-BL-015-01-REQ-060-E62965BC5A;AC-BL-017-01-REQ-060-E62965BC5A","TC-015-01-02;TC-017-01-01","","No implementation evidence inferred."
"MSR-060-4DD1180FFA","60","AUDITABILITY","1533","bullet","decision policy","Every AI audit record must identify the governing decision policy.","accepted","curated_review","validated_atomic","Cross-horizon","Phase 5","SUB-E015;SUB-E017","US-BL-015-01;US-BL-017-01","AC-BL-015-01-REQ-060-4DD1180FFA;AC-BL-017-01-REQ-060-4DD1180FFA","TC-015-01-02;TC-017-01-01","","No implementation evidence inferred."
"MSR-060-647E2C1605","60","AUDITABILITY","1534","bullet","human approval","Every AI audit record must identify any required human approval.","accepted","curated_review","validated_atomic","Cross-horizon","Phase 5","SUB-E015;SUB-E017","US-BL-015-01;US-BL-017-01","AC-BL-015-01-REQ-060-647E2C1605;AC-BL-017-01-REQ-060-647E2C1605","TC-015-01-02;TC-017-01-01","","No implementation evidence inferred."
"MSR-060-658F940653","60","AUDITABILITY","1535","bullet","outcome.","Every AI audit record must capture the outcome.","accepted","curated_review","validated_atomic","Cross-horizon","Phase 5","SUB-E015;SUB-E017","US-BL-015-01;US-BL-017-01","AC-BL-015-01-REQ-060-658F940653;AC-BL-017-01-REQ-060-658F940653","TC-015-01-02;TC-017-01-01","","No implementation evidence inferred."
"MSR-060-B4104BDA97","60","AUDITABILITY","1537","normative_prose","Never record secrets or complete payment credentials.","Never record secrets or complete payment credentials.","accepted","curated_review","validated_atomic","Cross-horizon","Phase 0","SUB-E009;SUB-E017","US-BL-009-03;US-BL-017-01","AC-BL-009-03-REQ-060-B4104BDA97;AC-BL-017-01-REQ-060-B4104BDA97","TC-009-03-02;TC-017-01-02","","No implementation evidence inferred."
"MSR-061-2C887FB071","61","ROLE-BASED ACCESS","1543","contextual_prose","Personas:","The RBAC catalogue covers the following product personas.","parent_context","curated_review","context_only","Cross-horizon","Cross-cutting","","","","","","Retained as context; delivery coverage is carried by child candidates."
"MSR-061-7A36036152","61","ROLE-BASED ACCESS","1544","bullet","Billing Administrator","The role catalogue must define least-privilege permissions for the Billing Administrator persona.","accepted","curated_review","validated_atomic","Cross-horizon","Phase 0","SUB-E002","US-BL-002-03","AC-BL-002-03-REQ-061-7A36036152","TC-002-03-01","","No implementation evidence inferred."
"MSR-061-1B4B96A6E3","61","ROLE-BASED ACCESS","1545","bullet","Pricing Manager","The role catalogue must define least-privilege permissions for the Pricing Manager persona.","accepted","curated_review","validated_atomic","Cross-horizon","Phase 0","SUB-E002","US-BL-002-03","AC-BL-002-03-REQ-061-1B4B96A6E3","TC-002-03-01","","No implementation evidence inferred."
"MSR-061-AD99726B55","61","ROLE-BASED ACCESS","1546","bullet","Collections Agent","The role catalogue must define least-privilege permissions for the Collections Agent persona.","accepted","curated_review","validated_atomic","Cross-horizon","Phase 0","SUB-E002","US-BL-002-03","AC-BL-002-03-REQ-061-AD99726B55","TC-002-03-01","","No implementation evidence inferred."
"MSR-061-10DF979CB3","61","ROLE-BASED ACCESS","1547","bullet","Customer Support","The role catalogue must define least-privilege permissions for the Customer Support persona.","accepted","curated_review","validated_atomic","Cross-horizon","Phase 0","SUB-E002","US-BL-002-03","AC-BL-002-03-REQ-061-10DF979CB3","TC-002-03-01","","No implementation evidence inferred."
"MSR-061-FC23E1A2AC","61","ROLE-BASED ACCESS","1548","bullet","Finance Controller","The role catalogue must define least-privilege permissions for the Finance Controller persona.","accepted","curated_review","validated_atomic","Cross-horizon","Phase 0","SUB-E002","US-BL-002-03","AC-BL-002-03-REQ-061-FC23E1A2AC","TC-002-03-01","","No implementation evidence inferred."
"MSR-061-5B5141CF8A","61","ROLE-BASED ACCESS","1549","bullet","Revenue Accountant","The role catalogue must define least-privilege permissions for the Revenue Accountant persona.","accepted","curated_review","validated_atomic","Cross-horizon","Phase 0","SUB-E002","US-BL-002-03","AC-BL-002-03-REQ-061-5B5141CF8A","TC-002-03-01","","No implementation evidence inferred."
"MSR-061-090E641078","61","ROLE-BASED ACCESS","1550","bullet","Sales","The role catalogue must define least-privilege permissions for the Sales persona.","accepted","curated_review","validated_atomic","Cross-horizon","Phase 0","SUB-E002","US-BL-002-03","AC-BL-002-03-REQ-061-090E641078","TC-002-03-01","","No implementation evidence inferred."
"MSR-061-63FDAF8F3E","61","ROLE-BASED ACCESS","1551","bullet","Product Manager","The role catalogue must define least-privilege permissions for the Product Manager persona.","accepted","curated_review","validated_atomic","Cross-horizon","Phase 0","SUB-E002","US-BL-002-03","AC-BL-002-03-REQ-061-63FDAF8F3E","TC-002-03-01","","No implementation evidence inferred."
"MSR-061-C9828F9E74","61","ROLE-BASED ACCESS","1552","bullet","Operations","The role catalogue must define least-privilege permissions for the Operations persona.","accepted","curated_review","validated_atomic","Cross-horizon","Phase 0","SUB-E002","US-BL-002-03","AC-BL-002-03-REQ-061-C9828F9E74","TC-002-03-01","","No implementation evidence inferred."
"MSR-061-5C468F3F8B","61","ROLE-BASED ACCESS","1553","bullet","Developer","The role catalogue must define least-privilege permissions for the Developer persona.","accepted","curated_review","validated_atomic","Cross-horizon","Phase 0","SUB-E002","US-BL-002-03","AC-BL-002-03-REQ-061-5C468F3F8B","TC-002-03-01","","No implementation evidence inferred."
"MSR-061-A7460DEF70","61","ROLE-BASED ACCESS","1554","bullet","Auditor","The role catalogue must define least-privilege permissions for the Auditor persona.","accepted","curated_review","validated_atomic","Cross-horizon","Phase 0","SUB-E002","US-BL-002-03","AC-BL-002-03-REQ-061-A7460DEF70","TC-002-03-01","","No implementation evidence inferred."
"MSR-061-3232EC982D","61","ROLE-BASED ACCESS","1555","bullet","Executive.","The role catalogue must define least-privilege permissions for the Executive persona.","accepted","curated_review","validated_atomic","Cross-horizon","Phase 0","SUB-E002","US-BL-002-03","AC-BL-002-03-REQ-061-3232EC982D","TC-002-03-01","","No implementation evidence inferred."
"MSR-061-2B41953787","61","ROLE-BASED ACCESS","1557","normative_prose","Support RBAC plus optional attribute-based policies.","Authorization must support tenant-scoped RBAC and optional attribute-based policy constraints.","accepted","curated_review","validated_atomic","Cross-horizon","Phase 0","SUB-E002","US-BL-002-03","AC-BL-002-03-REQ-061-2B41953787","TC-002-03-01","","No implementation evidence inferred."
"MSR-062-8989FE4287","62","APPROVAL CONTROLS","1563","contextual_prose","Configurable maker-checker.","Maker-checker approval policy must be tenant-configurable.","accepted","curated_review","validated_atomic","Cross-horizon","Phase 0","SUB-E002","US-BL-002-03","AC-BL-002-03-REQ-062-8989FE4287","TC-002-03-02","","No implementation evidence inferred."
"MSR-062-A0B935EEF8","62","APPROVAL CONTROLS","1565","contextual_prose","Examples:","The following approval cases are required examples.","parent_context","curated_review","context_only","Cross-horizon","Cross-cutting","","","","","","Retained as context; delivery coverage is carried by child candidates."
"MSR-062-BC82DFEC91","62","APPROVAL CONTROLS","1566","bullet","Discount > 20% → approval","A discount above 20 percent must require configured approval.","accepted","curated_review","validated_atomic","Cross-horizon","Phase 1","SUB-E002;SUB-E005","US-BL-002-03;US-BL-005-06","AC-BL-002-03-REQ-062-BC82DFEC91;AC-BL-005-06-REQ-062-BC82DFEC91","TC-002-03-02;TC-005-06-01","","No implementation evidence inferred."
"MSR-062-2876276E95","62","APPROVAL CONTROLS","1567","bullet","Refund > $10,000 → approval","A refund above 10,000 dollars must require configured approval.","accepted","curated_review","validated_atomic","Cross-horizon","Phase 3","SUB-E002;SUB-E009","US-BL-002-03;US-BL-009-06","AC-BL-002-03-REQ-062-2876276E95;AC-BL-009-06-REQ-062-2876276E95","TC-002-03-02;TC-009-06-01","","No implementation evidence inferred."
"MSR-062-B080DE07A3","62","APPROVAL CONTROLS","1568","bullet","Pricing activation → Product + Finance approval","Pricing activation must require Product and Finance approval.","accepted","curated_review","validated_atomic","Cross-horizon","Phase 1","SUB-E002;SUB-E005","US-BL-002-03;US-BL-005-06","AC-BL-002-03-REQ-062-B080DE07A3;AC-BL-005-06-REQ-062-B080DE07A3","TC-002-03-02;TC-005-06-01;TC-005-06-02","","No implementation evidence inferred."
"MSR-062-58A24733E1","62","APPROVAL CONTROLS","1569","bullet","Write-off > threshold → Controller approval.","A write-off above the configured threshold must require Controller approval.","accepted","curated_review","validated_atomic","Cross-horizon","Phase 2","SUB-E002;SUB-E008","US-BL-002-03;US-BL-008-04","AC-BL-002-03-REQ-062-58A24733E1;AC-BL-008-04-REQ-062-58A24733E1","TC-002-03-02;TC-008-04-02","","No implementation evidence inferred."
"MSR-063-FC6335814A","63","SUBSCRIBER UX DESIGN LANGUAGE","1575","contextual_prose","Visual style:","Product and implementation decisions must conform to this master-specification constraint: Visual style:.","parent_context","deterministic_source_normalization","context_only","Cross-horizon","Phase 5","","","","","","Retained as context; delivery coverage is carried by child candidates."
"MSR-063-4501E51030","63","SUBSCRIBER UX DESIGN LANGUAGE","1576","bullet","premium","The platform must support premium within subscriber ux design language.","accepted","deterministic_source_normalization","normalized_atomic","Cross-horizon","Phase 5","SUB-E010","US-MSR-063-01","AC-MSR-063-01-01","TC-MSR-063-4501E51030","","No implementation evidence inferred."
"MSR-063-2CA9AC9A5F","63","SUBSCRIBER UX DESIGN LANGUAGE","1577","bullet","modern","The platform must support modern within subscriber ux design language.","accepted","deterministic_source_normalization","normalized_atomic","Cross-horizon","Phase 5","SUB-E010","US-MSR-063-01","AC-MSR-063-01-02","TC-MSR-063-2CA9AC9A5F","","No implementation evidence inferred."
"MSR-063-12AC151E5D","63","SUBSCRIBER UX DESIGN LANGUAGE","1578","bullet","calm","The platform must support calm within subscriber ux design language.","accepted","deterministic_source_normalization","normalized_atomic","Cross-horizon","Phase 5","SUB-E010","US-MSR-063-01","AC-MSR-063-01-03","TC-MSR-063-12AC151E5D","","No implementation evidence inferred."
"MSR-063-BB1353FD18","63","SUBSCRIBER UX DESIGN LANGUAGE","1579","bullet","minimal","The platform must support minimal within subscriber ux design language.","accepted","deterministic_source_normalization","normalized_atomic","Cross-horizon","Phase 5","SUB-E010","US-MSR-063-01","AC-MSR-063-01-04","TC-MSR-063-BB1353FD18","","No implementation evidence inferred."
"MSR-063-B8AACC8A0F","63","SUBSCRIBER UX DESIGN LANGUAGE","1580","bullet","highly legible","The platform must support highly legible within subscriber ux design language.","accepted","deterministic_source_normalization","normalized_atomic","Cross-horizon","Phase 5","SUB-E010","US-MSR-063-01","AC-MSR-063-01-05","TC-MSR-063-B8AACC8A0F","","No implementation evidence inferred."
"MSR-063-24A2725470","63","SUBSCRIBER UX DESIGN LANGUAGE","1581","bullet","fintech-quality","The platform must support fintech-quality within subscriber ux design language.","accepted","deterministic_source_normalization","normalized_atomic","Cross-horizon","Phase 5","SUB-E010","US-MSR-063-01","AC-MSR-063-01-06","TC-MSR-063-24A2725470","","No implementation evidence inferred."
"MSR-063-50E86FB95B","63","SUBSCRIBER UX DESIGN LANGUAGE","1582","bullet","responsive","The platform must support responsive within subscriber ux design language.","accepted","deterministic_source_normalization","normalized_atomic","Cross-horizon","Phase 5","SUB-E010","US-MSR-063-01","AC-MSR-063-01-07","TC-MSR-063-50E86FB95B","","No implementation evidence inferred."
"MSR-063-947BDFFA1A","63","SUBSCRIBER UX DESIGN LANGUAGE","1583","bullet","accessible.","The platform must support accessible. within subscriber ux design language.","accepted","deterministic_source_normalization","normalized_atomic","Cross-horizon","Phase 5","SUB-E010","US-MSR-063-01","AC-MSR-063-01-08","TC-MSR-063-947BDFFA1A","","No implementation evidence inferred."
"MSR-063-A49255D0BC","63","SUBSCRIBER UX DESIGN LANGUAGE","1585","contextual_prose","Avoid the appearance of traditional ERP screens.","Product and implementation decisions must conform to this master-specification constraint: Avoid the appearance of traditional ERP screens.","accepted","deterministic_source_normalization","normalized_atomic","Cross-horizon","Phase 5","SUB-E010","US-MSR-063-01","AC-MSR-063-01-09","TC-MSR-063-A49255D0BC","","No implementation evidence inferred."
"MSR-063-49F1F655D8","63","SUBSCRIBER UX DESIGN LANGUAGE","1587","normative_prose","Use progressive disclosure.","Use progressive disclosure.","accepted","deterministic_source_normalization","normalized_atomic","Cross-horizon","Phase 5","SUB-E010","US-MSR-063-01","AC-MSR-063-01-10","TC-MSR-063-49F1F655D8","","No implementation evidence inferred."
"MSR-063-B33A494E02","63","SUBSCRIBER UX DESIGN LANGUAGE","1589","normative_prose","Complexity should appear only when needed.","Complexity should appear only when needed.","accepted","deterministic_source_normalization","normalized_atomic","Cross-horizon","Phase 5","SUB-E010","US-MSR-063-02","AC-MSR-063-02-01","TC-MSR-063-B33A494E02","","No implementation evidence inferred."
"MSR-064-27C5266C7A","64","ADMIN EXPERIENCE","1595","contextual_prose","Main navigation:","Product and implementation decisions must conform to this master-specification constraint: Main navigation:.","parent_context","deterministic_source_normalization","context_only","Cross-horizon","Phase 5","","","","","","Retained as context; delivery coverage is carried by child candidates."
"MSR-064-D0B5D86F18","64","ADMIN EXPERIENCE","1597","contextual_prose","Home Customers Catalog Pricing Subscriptions Usage Billing Payments Collections Revenue Analytics Workflows Integrations Developers Settings.","Product and implementation decisions must conform to this master-specification constraint: Home Customers Catalog Pricing Subscriptions Usage Billing Payments Collections Revenue Analytics Workflows Integrations Developers Settings.","accepted","deterministic_source_normalization","normalized_atomic","Cross-horizon","Phase 5","SUB-E001","US-MSR-064-01","AC-MSR-064-01-01","TC-MSR-064-D0B5D86F18","","No implementation evidence inferred."
"MSR-064-242C90D5E9","64","ADMIN EXPERIENCE","1613","contextual_prose","Global command/search bar:","Product and implementation decisions must conform to this master-specification constraint: Global command/search bar:.","parent_context","deterministic_source_normalization","context_only","Cross-horizon","Phase 5","","","","","","Retained as context; delivery coverage is carried by child candidates."
"MSR-064-04B7DBE8CB","64","ADMIN EXPERIENCE","1615","contextual_prose","""Search customers, invoices, payments, subscriptions…""","Product and implementation decisions must conform to this master-specification constraint: ""Search customers, invoices, payments, subscriptions…"".","accepted","deterministic_source_normalization","normalized_atomic","Cross-horizon","Phase 5","SUB-E001","US-MSR-064-01","AC-MSR-064-01-02","TC-MSR-064-04B7DBE8CB","","No implementation evidence inferred."
"MSR-064-2F7D0210F1","64","ADMIN EXPERIENCE","1617","normative_prose","Support keyboard-first navigation.","Support keyboard-first navigation.","accepted","deterministic_source_normalization","normalized_atomic","Cross-horizon","Phase 5","SUB-E001","US-MSR-064-01","AC-MSR-064-01-03","TC-MSR-064-2F7D0210F1","","No implementation evidence inferred."
"MSR-065-41E5D61D87","65","REVENUE COMMAND CENTER","1623","normative_prose","Homepage should answer:","Homepage should answer:.","parent_context","deterministic_source_normalization","context_only","Cross-horizon","Phase 5","","","","","","Retained as context; delivery coverage is carried by child candidates."
"MSR-065-92B42FCB5E","65","REVENUE COMMAND CENTER","1625","contextual_prose","How much recurring revenue do we have?","Product and implementation decisions must conform to this master-specification constraint: How much recurring revenue do we have?","accepted","deterministic_source_normalization","normalized_atomic","Cross-horizon","Phase 5","SUB-E014","US-MSR-065-01","AC-MSR-065-01-01","TC-MSR-065-92B42FCB5E","","No implementation evidence inferred."
"MSR-065-BB95151C84","65","REVENUE COMMAND CENTER","1627","contextual_prose","How much are we expected to collect?","Product and implementation decisions must conform to this master-specification constraint: How much are we expected to collect?","accepted","deterministic_source_normalization","normalized_atomic","Cross-horizon","Phase 5","SUB-E014","US-MSR-065-01","AC-MSR-065-01-02","TC-MSR-065-BB95151C84","","No implementation evidence inferred."
"MSR-065-6B49AF43A4","65","REVENUE COMMAND CENTER","1629","contextual_prose","How much is overdue?","Product and implementation decisions must conform to this master-specification constraint: How much is overdue?","accepted","deterministic_source_normalization","normalized_atomic","Cross-horizon","Phase 5","SUB-E014","US-MSR-065-01","AC-MSR-065-01-03","TC-MSR-065-6B49AF43A4","","No implementation evidence inferred."
"MSR-065-1565A92422","65","REVENUE COMMAND CENTER","1631","contextual_prose","How much is at risk?","Product and implementation decisions must conform to this master-specification constraint: How much is at risk?","accepted","deterministic_source_normalization","normalized_atomic","Cross-horizon","Phase 5","SUB-E014","US-MSR-065-01","AC-MSR-065-01-04","TC-MSR-065-1565A92422","","No implementation evidence inferred."
"MSR-065-DA023B9B83","65","REVENUE COMMAND CENTER","1633","contextual_prose","Where are payments failing?","Product and implementation decisions must conform to this master-specification constraint: Where are payments failing?","accepted","deterministic_source_normalization","normalized_atomic","Cross-horizon","Phase 5","SUB-E014","US-MSR-065-01","AC-MSR-065-01-05","TC-MSR-065-DA023B9B83","","No implementation evidence inferred."
"MSR-065-10535B3E71","65","REVENUE COMMAND CENTER","1635","contextual_prose","Where is revenue leaking?","Product and implementation decisions must conform to this master-specification constraint: Where is revenue leaking?","accepted","deterministic_source_normalization","normalized_atomic","Cross-horizon","Phase 5","SUB-E014","US-MSR-065-01","AC-MSR-065-01-06","TC-MSR-065-10535B3E71","","No implementation evidence inferred."
"MSR-065-31D4CAA98D","65","REVENUE COMMAND CENTER","1637","contextual_prose","Which subscriptions are renewing?","Product and implementation decisions must conform to this master-specification constraint: Which subscriptions are renewing?","accepted","deterministic_source_normalization","normalized_atomic","Cross-horizon","Phase 5","SUB-E014","US-MSR-065-01","AC-MSR-065-01-07","TC-MSR-065-31D4CAA98D","","No implementation evidence inferred."
"MSR-065-DDAFE26984","65","REVENUE COMMAND CENTER","1639","contextual_prose","What changed since yesterday?","Product and implementation decisions must conform to this master-specification constraint: What changed since yesterday?","accepted","deterministic_source_normalization","normalized_atomic","Cross-horizon","Phase 5","SUB-E014","US-MSR-065-01","AC-MSR-065-01-08","TC-MSR-065-DDAFE26984","","No implementation evidence inferred."
"MSR-065-36D70824F0","65","REVENUE COMMAND CENTER","1641","contextual_prose","Suggested KPI cards:","Product and implementation decisions must conform to this master-specification constraint: Suggested KPI cards:.","parent_context","deterministic_source_normalization","context_only","Cross-horizon","Phase 5","","","","","","Retained as context; delivery coverage is carried by child candidates."
"MSR-065-1DF49BF64B","65","REVENUE COMMAND CENTER","1642","bullet","ARR","The platform must support ARR within revenue command center.","accepted","deterministic_source_normalization","normalized_atomic","Cross-horizon","Phase 5","SUB-E014","US-MSR-065-01","AC-MSR-065-01-09","TC-MSR-065-1DF49BF64B","","No implementation evidence inferred."
"MSR-065-6A5F288F8F","65","REVENUE COMMAND CENTER","1643","bullet","MRR","The platform must support MRR within revenue command center.","accepted","deterministic_source_normalization","normalized_atomic","Cross-horizon","Phase 5","SUB-E014","US-MSR-065-01","AC-MSR-065-01-10","TC-MSR-065-6A5F288F8F","","No implementation evidence inferred."
"MSR-065-7FD3684093","65","REVENUE COMMAND CENTER","1644","bullet","NRR","The platform must support NRR within revenue command center.","accepted","deterministic_source_normalization","normalized_atomic","Cross-horizon","Phase 5","SUB-E014","US-MSR-065-02","AC-MSR-065-02-01","TC-MSR-065-7FD3684093","","No implementation evidence inferred."
"MSR-065-7A2FA0C5C4","65","REVENUE COMMAND CENTER","1645","bullet","GRR","The platform must support GRR within revenue command center.","accepted","deterministic_source_normalization","normalized_atomic","Cross-horizon","Phase 5","SUB-E014","US-MSR-065-02","AC-MSR-065-02-02","TC-MSR-065-7A2FA0C5C4","","No implementation evidence inferred."
"MSR-065-93ECCCE41C","65","REVENUE COMMAND CENTER","1646","bullet","Active Subscribers","The platform must support Active Subscribers within revenue command center.","accepted","deterministic_source_normalization","normalized_atomic","Cross-horizon","Phase 5","SUB-E014","US-MSR-065-02","AC-MSR-065-02-03","TC-MSR-065-93ECCCE41C","","No implementation evidence inferred."
"MSR-065-EF6082F77B","65","REVENUE COMMAND CENTER","1647","bullet","Expansion MRR","The platform must support Expansion MRR within revenue command center.","accepted","deterministic_source_normalization","normalized_atomic","Cross-horizon","Phase 5","SUB-E014","US-MSR-065-02","AC-MSR-065-02-04","TC-MSR-065-EF6082F77B","","No implementation evidence inferred."
"MSR-065-023CFDD9B5","65","REVENUE COMMAND CENTER","1648","bullet","Churn MRR","The platform must support Churn MRR within revenue command center.","accepted","deterministic_source_normalization","normalized_atomic","Cross-horizon","Phase 5","SUB-E014","US-MSR-065-02","AC-MSR-065-02-05","TC-MSR-065-023CFDD9B5","","No implementation evidence inferred."
"MSR-065-8BED4FCC07","65","REVENUE COMMAND CENTER","1649","bullet","Payment Success Rate","The platform must support Payment Success Rate within revenue command center.","accepted","deterministic_source_normalization","normalized_atomic","Cross-horizon","Phase 5","SUB-E014","US-MSR-065-02","AC-MSR-065-02-06","TC-MSR-065-8BED4FCC07","","No implementation evidence inferred."
"MSR-065-305BFB0E03","65","REVENUE COMMAND CENTER","1650","bullet","Collection Rate","The platform must support Collection Rate within revenue command center.","accepted","deterministic_source_normalization","normalized_atomic","Cross-horizon","Phase 5","SUB-E014","US-MSR-065-02","AC-MSR-065-02-07","TC-MSR-065-305BFB0E03","","No implementation evidence inferred."
"MSR-065-2A87B189EB","65","REVENUE COMMAND CENTER","1651","bullet","DSO","The platform must support DSO within revenue command center.","accepted","deterministic_source_normalization","normalized_atomic","Cross-horizon","Phase 5","SUB-E014","US-MSR-065-02","AC-MSR-065-02-08","TC-MSR-065-2A87B189EB","","No implementation evidence inferred."
"MSR-065-9248862B91","65","REVENUE COMMAND CENTER","1652","bullet","Failed Payments","The platform must support Failed Payments within revenue command center.","accepted","deterministic_source_normalization","normalized_atomic","Cross-horizon","Phase 5","SUB-E014","US-MSR-065-02","AC-MSR-065-02-09","TC-MSR-065-9248862B91","","No implementation evidence inferred."
"MSR-065-528D4F0E8F","65","REVENUE COMMAND CENTER","1653","bullet","Recovered Revenue","The platform must support Recovered Revenue within revenue command center.","accepted","deterministic_source_normalization","normalized_atomic","Cross-horizon","Phase 5","SUB-E014","US-MSR-065-02","AC-MSR-065-02-10","TC-MSR-065-528D4F0E8F","","No implementation evidence inferred."
"MSR-065-333C424592","65","REVENUE COMMAND CENTER","1654","bullet","Outstanding AR","The platform must support Outstanding AR within revenue command center.","accepted","deterministic_source_normalization","normalized_atomic","Cross-horizon","Phase 5","SUB-E014","US-MSR-065-03","AC-MSR-065-03-01","TC-MSR-065-333C424592","","No implementation evidence inferred."
"MSR-065-CF9E926172","65","REVENUE COMMAND CENTER","1655","bullet","Revenue at Risk.","The platform must support Revenue at Risk. within revenue command center.","accepted","deterministic_source_normalization","normalized_atomic","Cross-horizon","Phase 5","SUB-E014","US-MSR-065-03","AC-MSR-065-03-02","TC-MSR-065-CF9E926172","","No implementation evidence inferred."
"MSR-066-D413B041E5","66","COLLECTIONS COMMAND CENTER","1661","contextual_prose","Create an operations cockpit.","Product and implementation decisions must conform to this master-specification constraint: Create an operations cockpit.","accepted","deterministic_source_normalization","normalized_atomic","Cross-horizon","Phase 5","SUB-E012","US-MSR-066-01","AC-MSR-066-01-01","TC-MSR-066-D413B041E5","","No implementation evidence inferred."
"MSR-066-B29669F3A2","66","COLLECTIONS COMMAND CENTER","1663","contextual_prose","Metrics:","Product and implementation decisions must conform to this master-specification constraint: Metrics:.","parent_context","deterministic_source_normalization","context_only","Cross-horizon","Phase 5","","","","","","Retained as context; delivery coverage is carried by child candidates."
"MSR-066-45897495A9","66","COLLECTIONS COMMAND CENTER","1664","bullet","Due today","The platform must support Due today within collections command center.","accepted","deterministic_source_normalization","normalized_atomic","Cross-horizon","Phase 5","SUB-E012","US-MSR-066-01","AC-MSR-066-01-02","TC-MSR-066-45897495A9","","No implementation evidence inferred."
"MSR-066-CA0B913D99","66","COLLECTIONS COMMAND CENTER","1665","bullet","Due this week","The platform must support Due this week within collections command center.","accepted","deterministic_source_normalization","normalized_atomic","Cross-horizon","Phase 5","SUB-E012","US-MSR-066-01","AC-MSR-066-01-03","TC-MSR-066-CA0B913D99","","No implementation evidence inferred."
"MSR-066-34260B6C5E","66","COLLECTIONS COMMAND CENTER","1666","bullet","Overdue","The platform must support Overdue within collections command center.","accepted","deterministic_source_normalization","normalized_atomic","Cross-horizon","Phase 5","SUB-E012","US-MSR-066-01","AC-MSR-066-01-04","TC-MSR-066-34260B6C5E","","No implementation evidence inferred."
"MSR-066-19FC877B5E","66","COLLECTIONS COMMAND CENTER","1667","bullet","At-risk amount","The platform must support At-risk amount within collections command center.","accepted","deterministic_source_normalization","normalized_atomic","Cross-horizon","Phase 5","SUB-E012","US-MSR-066-01","AC-MSR-066-01-05","TC-MSR-066-19FC877B5E","","No implementation evidence inferred."
"MSR-066-926750666B","66","COLLECTIONS COMMAND CENTER","1668","bullet","Recovery rate","The platform must support Recovery rate within collections command center.","accepted","deterministic_source_normalization","normalized_atomic","Cross-horizon","Phase 5","SUB-E012","US-MSR-066-01","AC-MSR-066-01-06","TC-MSR-066-926750666B","","No implementation evidence inferred."
"MSR-066-6C1EE03CE6","66","COLLECTIONS COMMAND CENTER","1669","bullet","Promise-to-pay","The platform must support Promise-to-pay within collections command center.","accepted","deterministic_source_normalization","normalized_atomic","Cross-horizon","Phase 5","SUB-E012","US-MSR-066-01","AC-MSR-066-01-07","TC-MSR-066-6C1EE03CE6","","No implementation evidence inferred."
"MSR-066-E881CA49E7","66","COLLECTIONS COMMAND CENTER","1670","bullet","Payment failures","The platform must support Payment failures within collections command center.","accepted","deterministic_source_normalization","normalized_atomic","Cross-horizon","Phase 5","SUB-E012","US-MSR-066-01","AC-MSR-066-01-08","TC-MSR-066-E881CA49E7","","No implementation evidence inferred."
"MSR-066-1C209C97C8","66","COLLECTIONS COMMAND CENTER","1671","bullet","Gateway failures.","The platform must support Gateway failures. within collections command center.","accepted","deterministic_source_normalization","normalized_atomic","Cross-horizon","Phase 5","SUB-E012","US-MSR-066-01","AC-MSR-066-01-09","TC-MSR-066-1C209C97C8","","No implementation evidence inferred."
"MSR-066-9F8A85A835","66","COLLECTIONS COMMAND CENTER","1673","contextual_prose","Queues:","Product and implementation decisions must conform to this master-specification constraint: Queues:.","parent_context","deterministic_source_normalization","context_only","Cross-horizon","Phase 5","","","","","","Retained as context; delivery coverage is carried by child candidates."
"MSR-066-D8B1090283","66","COLLECTIONS COMMAND CENTER","1674","bullet","High-value at risk","The platform must support High-value at risk within collections command center.","accepted","deterministic_source_normalization","normalized_atomic","Cross-horizon","Phase 5","SUB-E012","US-MSR-066-01","AC-MSR-066-01-10","TC-MSR-066-D8B1090283","","No implementation evidence inferred."
"MSR-066-919A25E03D","66","COLLECTIONS COMMAND CENTER","1675","bullet","Card expiry","The platform must support Card expiry within collections command center.","accepted","deterministic_source_normalization","normalized_atomic","Cross-horizon","Phase 5","SUB-E012","US-MSR-066-02","AC-MSR-066-02-01","TC-MSR-066-919A25E03D","","No implementation evidence inferred."
"MSR-066-F39AF9F97D","66","COLLECTIONS COMMAND CENTER","1676","bullet","Repeated failures","The platform must support Repeated failures within collections command center.","accepted","deterministic_source_normalization","normalized_atomic","Cross-horizon","Phase 5","SUB-E012","US-MSR-066-02","AC-MSR-066-02-02","TC-MSR-066-F39AF9F97D","","No implementation evidence inferred."
"MSR-066-F69031206E","66","COLLECTIONS COMMAND CENTER","1677","bullet","Promise broken","The platform must support Promise broken within collections command center.","accepted","deterministic_source_normalization","normalized_atomic","Cross-horizon","Phase 5","SUB-E012","US-MSR-066-02","AC-MSR-066-02-03","TC-MSR-066-F69031206E","","No implementation evidence inferred."
"MSR-066-B95A1351B6","66","COLLECTIONS COMMAND CENTER","1678","bullet","Disputed","The platform must support Disputed within collections command center.","accepted","deterministic_source_normalization","normalized_atomic","Cross-horizon","Phase 5","SUB-E012","US-MSR-066-02","AC-MSR-066-02-04","TC-MSR-066-B95A1351B6","","No implementation evidence inferred."
"MSR-066-07D505644E","66","COLLECTIONS COMMAND CENTER","1679","bullet","Manual follow-up.","The platform must support Manual follow-up. within collections command center.","accepted","deterministic_source_normalization","normalized_atomic","Cross-horizon","Phase 5","SUB-E012","US-MSR-066-02","AC-MSR-066-02-05","TC-MSR-066-07D505644E","","No implementation evidence inferred."
"MSR-066-47B730FB89","66","COLLECTIONS COMMAND CENTER","1681","normative_prose","Each item must offer recommended next action.","Each item must offer recommended next action.","accepted","deterministic_source_normalization","normalized_atomic","Cross-horizon","Phase 5","SUB-E012","US-MSR-066-02","AC-MSR-066-02-06","TC-MSR-066-47B730FB89","","No implementation evidence inferred."
"MSR-067-655BAE597F","67","CUSTOMER 360","1687","normative_prose","Customer page should display:","Customer page should display:.","parent_context","deterministic_source_normalization","context_only","Cross-horizon","Phase 5","","","","","","Retained as context; delivery coverage is carried by child candidates."
"MSR-067-D4FED06054","67","CUSTOMER 360","1688","bullet","Identity","The platform must support Identity within customer 360.","accepted","deterministic_source_normalization","normalized_atomic","Cross-horizon","Phase 5","SUB-E003","US-MSR-067-01","AC-MSR-067-01-01","TC-MSR-067-D4FED06054","","No implementation evidence inferred."
"MSR-067-B0E0BE32C0","67","CUSTOMER 360","1689","bullet","MRR / ARR","The platform must support MRR / ARR within customer 360.","accepted","deterministic_source_normalization","normalized_atomic","Cross-horizon","Phase 5","SUB-E003","US-MSR-067-01","AC-MSR-067-01-02","TC-MSR-067-B0E0BE32C0","","No implementation evidence inferred."
"MSR-067-BE9963C8EC","67","CUSTOMER 360","1690","bullet","Account balance","The platform must support Account balance within customer 360.","accepted","deterministic_source_normalization","normalized_atomic","Cross-horizon","Phase 5","SUB-E003","US-MSR-067-01","AC-MSR-067-01-03","TC-MSR-067-BE9963C8EC","","No implementation evidence inferred."
"MSR-067-0D38B87639","67","CUSTOMER 360","1691","bullet","Active subscriptions","The platform must support Active subscriptions within customer 360.","accepted","deterministic_source_normalization","normalized_atomic","Cross-horizon","Phase 5","SUB-E003","US-MSR-067-01","AC-MSR-067-01-04","TC-MSR-067-0D38B87639","","No implementation evidence inferred."
"MSR-067-272751D517","67","CUSTOMER 360","1692","bullet","Contract","The platform must support Contract within customer 360.","accepted","deterministic_source_normalization","normalized_atomic","Cross-horizon","Phase 5","SUB-E003","US-MSR-067-01","AC-MSR-067-01-05","TC-MSR-067-272751D517","","No implementation evidence inferred."
"MSR-067-C96C6711C1","67","CUSTOMER 360","1693","bullet","Entitlements","The platform must support Entitlements within customer 360.","accepted","deterministic_source_normalization","normalized_atomic","Cross-horizon","Phase 5","SUB-E003","US-MSR-067-01","AC-MSR-067-01-06","TC-MSR-067-C96C6711C1","","No implementation evidence inferred."
"MSR-067-95C846A2E5","67","CUSTOMER 360","1694","bullet","Usage","The platform must support Usage within customer 360.","accepted","deterministic_source_normalization","normalized_atomic","Cross-horizon","Phase 5","SUB-E003","US-MSR-067-01","AC-MSR-067-01-07","TC-MSR-067-95C846A2E5","","No implementation evidence inferred."
"MSR-067-280054BB73","67","CUSTOMER 360","1695","bullet","Invoices","The platform must support Invoices within customer 360.","accepted","deterministic_source_normalization","normalized_atomic","Cross-horizon","Phase 5","SUB-E003","US-MSR-067-01","AC-MSR-067-01-08","TC-MSR-067-280054BB73","","No implementation evidence inferred."
"MSR-067-2E95D66512","67","CUSTOMER 360","1696","bullet","Payments","The platform must support Payments within customer 360.","accepted","deterministic_source_normalization","normalized_atomic","Cross-horizon","Phase 5","SUB-E003","US-MSR-067-01","AC-MSR-067-01-09","TC-MSR-067-2E95D66512","","No implementation evidence inferred."
"MSR-067-E9F45BD3A2","67","CUSTOMER 360","1697","bullet","Credits","The platform must support Credits within customer 360.","accepted","deterministic_source_normalization","normalized_atomic","Cross-horizon","Phase 5","SUB-E003","US-MSR-067-01","AC-MSR-067-01-10","TC-MSR-067-E9F45BD3A2","","No implementation evidence inferred."
"MSR-067-4DE4F93921","67","CUSTOMER 360","1698","bullet","Collections","The platform must support Collections within customer 360.","accepted","deterministic_source_normalization","normalized_atomic","Cross-horizon","Phase 5","SUB-E003","US-MSR-067-02","AC-MSR-067-02-01","TC-MSR-067-4DE4F93921","","No implementation evidence inferred."
"MSR-067-8F8CC81B1E","67","CUSTOMER 360","1699","bullet","Communications","The platform must support Communications within customer 360.","accepted","deterministic_source_normalization","normalized_atomic","Cross-horizon","Phase 5","SUB-E003","US-MSR-067-02","AC-MSR-067-02-02","TC-MSR-067-8F8CC81B1E","","No implementation evidence inferred."
"MSR-067-9175E00929","67","CUSTOMER 360","1700","bullet","Support issues","The platform must support Support issues within customer 360.","accepted","deterministic_source_normalization","normalized_atomic","Cross-horizon","Phase 5","SUB-E003","US-MSR-067-02","AC-MSR-067-02-03","TC-MSR-067-9175E00929","","No implementation evidence inferred."
"MSR-067-903AA0596D","67","CUSTOMER 360","1701","bullet","Revenue impact","The platform must support Revenue impact within customer 360.","accepted","deterministic_source_normalization","normalized_atomic","Cross-horizon","Phase 5","SUB-E003","US-MSR-067-02","AC-MSR-067-02-04","TC-MSR-067-903AA0596D","","No implementation evidence inferred."
"MSR-067-73C8D4B949","67","CUSTOMER 360","1702","bullet","Timeline.","The platform must support Timeline. within customer 360.","accepted","deterministic_source_normalization","normalized_atomic","Cross-horizon","Phase 5","SUB-E003","US-MSR-067-02","AC-MSR-067-02-05","TC-MSR-067-73C8D4B949","","No implementation evidence inferred."
"MSR-068-B26705E14D","68","LINEAR TRANSACTION EXPLORER","1708","contextual_prose","Create a unique graphical visualization.","Product and implementation decisions must conform to this master-specification constraint: Create a unique graphical visualization.","accepted","deterministic_source_normalization","normalized_atomic","Cross-horizon","Phase 5","SUB-E001","US-MSR-068-01","AC-MSR-068-01-01","TC-MSR-068-B26705E14D","","No implementation evidence inferred."
"MSR-068-41B216133F","68","LINEAR TRANSACTION EXPLORER","1710","contextual_prose","Contract ↓ Subscription ↓ Usage ↓ Rated Charge ↓ Invoice ↓ Payment ↓ Settlement ↓ Revenue ↓ Ledger.","Product and implementation decisions must conform to this master-specification constraint: Contract ↓ Subscription ↓ Usage ↓ Rated Charge ↓ Invoice ↓ Payment ↓ Settlement ↓ Revenue ↓ Ledger.","accepted","deterministic_source_normalization","normalized_atomic","Cross-horizon","Phase 5","SUB-E001","US-MSR-068-01","AC-MSR-068-01-02","TC-MSR-068-41B216133F","","No implementation evidence inferred."
"MSR-068-C52AD7E2BE","68","LINEAR TRANSACTION EXPLORER","1712","contextual_prose","Each node clickable.","Product and implementation decisions must conform to this master-specification constraint: Each node clickable.","accepted","deterministic_source_normalization","normalized_atomic","Cross-horizon","Phase 5","SUB-E001","US-MSR-068-01","AC-MSR-068-01-03","TC-MSR-068-C52AD7E2BE","","No implementation evidence inferred."
"MSR-068-5F44B2F43E","68","LINEAR TRANSACTION EXPLORER","1714","contextual_prose","Highlight broken or incomplete chains.","Product and implementation decisions must conform to this master-specification constraint: Highlight broken or incomplete chains.","accepted","deterministic_source_normalization","normalized_atomic","Cross-horizon","Phase 5","SUB-E001","US-MSR-068-01","AC-MSR-068-01-04","TC-MSR-068-5F44B2F43E","","No implementation evidence inferred."
"MSR-069-139B2130A7","69","ANALYTICS","1720","normative_prose","Support metrics:","Support metrics:.","parent_context","deterministic_source_normalization","context_only","Cross-horizon","Phase 5","","","","","","Retained as context; delivery coverage is carried by child candidates."
"MSR-069-EB3C7BB03C","69","ANALYTICS","1721","bullet","MRR","The platform must support MRR within analytics.","accepted","deterministic_source_normalization","normalized_atomic","Cross-horizon","Phase 5","SUB-E014","US-MSR-069-01","AC-MSR-069-01-01","TC-MSR-069-EB3C7BB03C","","No implementation evidence inferred."
"MSR-069-C8455F92C0","69","ANALYTICS","1722","bullet","ARR","The platform must support ARR within analytics.","accepted","deterministic_source_normalization","normalized_atomic","Cross-horizon","Phase 5","SUB-E014","US-MSR-069-01","AC-MSR-069-01-02","TC-MSR-069-C8455F92C0","","No implementation evidence inferred."
"MSR-069-223EF5FFF5","69","ANALYTICS","1723","bullet","ARPU","The platform must support ARPU within analytics.","accepted","deterministic_source_normalization","normalized_atomic","Cross-horizon","Phase 5","SUB-E014","US-MSR-069-01","AC-MSR-069-01-03","TC-MSR-069-223EF5FFF5","","No implementation evidence inferred."
"MSR-069-217C805B15","69","ANALYTICS","1724","bullet","ARPA","The platform must support ARPA within analytics.","accepted","deterministic_source_normalization","normalized_atomic","Cross-horizon","Phase 5","SUB-E014","US-MSR-069-01","AC-MSR-069-01-04","TC-MSR-069-217C805B15","","No implementation evidence inferred."
"MSR-069-61BC0247C9","69","ANALYTICS","1725","bullet","NRR","The platform must support NRR within analytics.","accepted","deterministic_source_normalization","normalized_atomic","Cross-horizon","Phase 5","SUB-E014","US-MSR-069-01","AC-MSR-069-01-05","TC-MSR-069-61BC0247C9","","No implementation evidence inferred."
"MSR-069-12A83B4A3D","69","ANALYTICS","1726","bullet","GRR","The platform must support GRR within analytics.","accepted","deterministic_source_normalization","normalized_atomic","Cross-horizon","Phase 5","SUB-E014","US-MSR-069-01","AC-MSR-069-01-06","TC-MSR-069-12A83B4A3D","","No implementation evidence inferred."
"MSR-069-6C9DAB6D12","69","ANALYTICS","1727","bullet","Logo churn","The platform must support Logo churn within analytics.","accepted","deterministic_source_normalization","normalized_atomic","Cross-horizon","Phase 5","SUB-E014","US-MSR-069-01","AC-MSR-069-01-07","TC-MSR-069-6C9DAB6D12","","No implementation evidence inferred."
"MSR-069-DF52A45544","69","ANALYTICS","1728","bullet","Revenue churn","The platform must support Revenue churn within analytics.","accepted","deterministic_source_normalization","normalized_atomic","Cross-horizon","Phase 5","SUB-E014","US-MSR-069-01","AC-MSR-069-01-08","TC-MSR-069-DF52A45544","","No implementation evidence inferred."
"MSR-069-B05358000B","69","ANALYTICS","1729","bullet","Expansion","The platform must support Expansion within analytics.","accepted","deterministic_source_normalization","normalized_atomic","Cross-horizon","Phase 5","SUB-E014","US-MSR-069-01","AC-MSR-069-01-09","TC-MSR-069-B05358000B","","No implementation evidence inferred."
"MSR-069-EBF962D3D5","69","ANALYTICS","1730","bullet","Contraction","The platform must support Contraction within analytics.","accepted","deterministic_source_normalization","normalized_atomic","Cross-horizon","Phase 5","SUB-E014","US-MSR-069-01","AC-MSR-069-01-10","TC-MSR-069-EBF962D3D5","","No implementation evidence inferred."
"MSR-069-7B12C33277","69","ANALYTICS","1731","bullet","Activation","The platform must support Activation within analytics.","accepted","deterministic_source_normalization","normalized_atomic","Cross-horizon","Phase 5","SUB-E014","US-MSR-069-02","AC-MSR-069-02-01","TC-MSR-069-7B12C33277","","No implementation evidence inferred."
"MSR-069-11B4B31917","69","ANALYTICS","1732","bullet","Trial conversion","The platform must support Trial conversion within analytics.","accepted","deterministic_source_normalization","normalized_atomic","Cross-horizon","Phase 5","SUB-E014","US-MSR-069-02","AC-MSR-069-02-02","TC-MSR-069-11B4B31917","","No implementation evidence inferred."
"MSR-069-385DD50358","69","ANALYTICS","1733","bullet","Renewal","The platform must support Renewal within analytics.","accepted","deterministic_source_normalization","normalized_atomic","Cross-horizon","Phase 5","SUB-E014","US-MSR-069-02","AC-MSR-069-02-03","TC-MSR-069-385DD50358","","No implementation evidence inferred."
"MSR-069-2485517153","69","ANALYTICS","1734","bullet","Payment success","The platform must support Payment success within analytics.","accepted","deterministic_source_normalization","normalized_atomic","Cross-horizon","Phase 5","SUB-E014","US-MSR-069-02","AC-MSR-069-02-04","TC-MSR-069-2485517153","","No implementation evidence inferred."
"MSR-069-3DA4DB3C13","69","ANALYTICS","1735","bullet","Recovery","The platform must support Recovery within analytics.","accepted","deterministic_source_normalization","normalized_atomic","Cross-horizon","Phase 5","SUB-E014","US-MSR-069-02","AC-MSR-069-02-05","TC-MSR-069-3DA4DB3C13","","No implementation evidence inferred."
"MSR-069-8F5701C40C","69","ANALYTICS","1736","bullet","DSO","The platform must support DSO within analytics.","accepted","deterministic_source_normalization","normalized_atomic","Cross-horizon","Phase 5","SUB-E014","US-MSR-069-02","AC-MSR-069-02-06","TC-MSR-069-8F5701C40C","","No implementation evidence inferred."
"MSR-069-04D17B7D65","69","ANALYTICS","1737","bullet","Collections effectiveness","The platform must support Collections effectiveness within analytics.","accepted","deterministic_source_normalization","normalized_atomic","Cross-horizon","Phase 5","SUB-E014","US-MSR-069-02","AC-MSR-069-02-07","TC-MSR-069-04D17B7D65","","No implementation evidence inferred."
"MSR-069-E374EDC159","69","ANALYTICS","1738","bullet","Delinquency","The platform must support Delinquency within analytics.","accepted","deterministic_source_normalization","normalized_atomic","Cross-horizon","Phase 5","SUB-E014","US-MSR-069-02","AC-MSR-069-02-08","TC-MSR-069-E374EDC159","","No implementation evidence inferred."
"MSR-069-2645318D8C","69","ANALYTICS","1739","bullet","LTV","The platform must support LTV within analytics.","accepted","deterministic_source_normalization","normalized_atomic","Cross-horizon","Phase 5","SUB-E014","US-MSR-069-02","AC-MSR-069-02-09","TC-MSR-069-2645318D8C","","No implementation evidence inferred."
"MSR-069-54FEFBBCDE","69","ANALYTICS","1740","bullet","Cohort retention.","The platform must support Cohort retention. within analytics.","accepted","deterministic_source_normalization","normalized_atomic","Cross-horizon","Phase 5","SUB-E014","US-MSR-069-02","AC-MSR-069-02-10","TC-MSR-069-54FEFBBCDE","","No implementation evidence inferred."
"MSR-069-0BCFA2CF66","69","ANALYTICS","1742","normative_prose","Allow slicing by:","Allow slicing by:.","parent_context","deterministic_source_normalization","context_only","Cross-horizon","Phase 5","","","","","","Retained as context; delivery coverage is carried by child candidates."
"MSR-069-AC5C417E08","69","ANALYTICS","1743","bullet","product","The platform must support product within analytics.","accepted","deterministic_source_normalization","normalized_atomic","Cross-horizon","Phase 5","SUB-E014","US-MSR-069-03","AC-MSR-069-03-01","TC-MSR-069-AC5C417E08","","No implementation evidence inferred."
"MSR-069-10F8FED986","69","ANALYTICS","1744","bullet","plan","The platform must support plan within analytics.","accepted","deterministic_source_normalization","normalized_atomic","Cross-horizon","Phase 5","SUB-E014","US-MSR-069-03","AC-MSR-069-03-02","TC-MSR-069-10F8FED986","","No implementation evidence inferred."
"MSR-069-026751BC2D","69","ANALYTICS","1745","bullet","market","The platform must support market within analytics.","accepted","deterministic_source_normalization","normalized_atomic","Cross-horizon","Phase 5","SUB-E014","US-MSR-069-03","AC-MSR-069-03-03","TC-MSR-069-026751BC2D","","No implementation evidence inferred."
"MSR-069-2AE08F1750","69","ANALYTICS","1746","bullet","channel","The platform must support channel within analytics.","accepted","deterministic_source_normalization","normalized_atomic","Cross-horizon","Phase 5","SUB-E014","US-MSR-069-03","AC-MSR-069-03-04","TC-MSR-069-2AE08F1750","","No implementation evidence inferred."
"MSR-069-A964CB407C","69","ANALYTICS","1747","bullet","segment","The platform must support segment within analytics.","accepted","deterministic_source_normalization","normalized_atomic","Cross-horizon","Phase 5","SUB-E014","US-MSR-069-03","AC-MSR-069-03-05","TC-MSR-069-A964CB407C","","No implementation evidence inferred."
"MSR-069-4ECB75ED56","69","ANALYTICS","1748","bullet","currency","The platform must support currency within analytics.","accepted","deterministic_source_normalization","normalized_atomic","Cross-horizon","Phase 5","SUB-E014","US-MSR-069-03","AC-MSR-069-03-06","TC-MSR-069-4ECB75ED56","","No implementation evidence inferred."
"MSR-069-A5AD8BE60C","69","ANALYTICS","1749","bullet","legal entity","The platform must support legal entity within analytics.","accepted","deterministic_source_normalization","normalized_atomic","Cross-horizon","Phase 5","SUB-E014","US-MSR-069-03","AC-MSR-069-03-07","TC-MSR-069-A5AD8BE60C","","No implementation evidence inferred."
"MSR-069-717AAF2C29","69","ANALYTICS","1750","bullet","sales channel","The platform must support sales channel within analytics.","accepted","deterministic_source_normalization","normalized_atomic","Cross-horizon","Phase 5","SUB-E014","US-MSR-069-03","AC-MSR-069-03-08","TC-MSR-069-717AAF2C29","","No implementation evidence inferred."
"MSR-069-17A951F258","69","ANALYTICS","1751","bullet","acquisition cohort.","The platform must support acquisition cohort. within analytics.","accepted","deterministic_source_normalization","normalized_atomic","Cross-horizon","Phase 5","SUB-E014","US-MSR-069-03","AC-MSR-069-03-09","TC-MSR-069-17A951F258","","No implementation evidence inferred."
"MSR-070-FCF8AECB13","70","REAL-TIME ALERTS","1757","contextual_prose","Example alerts:","Product and implementation decisions must conform to this master-specification constraint: Example alerts:.","parent_context","deterministic_source_normalization","context_only","Cross-horizon","Phase 5","","","","","","Retained as context; delivery coverage is carried by child candidates."
"MSR-070-73B3BEF332","70","REAL-TIME ALERTS","1758","bullet","Payment success rate down 7%.","The platform must support Payment success rate down 7%. within real-time alerts.","accepted","deterministic_source_normalization","normalized_atomic","Cross-horizon","Phase 5","SUB-E001","US-MSR-070-01","AC-MSR-070-01-01","TC-MSR-070-73B3BEF332","","No implementation evidence inferred."
"MSR-070-B255E598A5","70","REAL-TIME ALERTS","1759","bullet","Gateway X experiencing elevated failures.","The platform must support Gateway X experiencing elevated failures. within real-time alerts.","accepted","deterministic_source_normalization","normalized_atomic","Cross-horizon","Phase 5","SUB-E001","US-MSR-070-01","AC-MSR-070-01-02","TC-MSR-070-B255E598A5","","No implementation evidence inferred."
"MSR-070-7C020C7AB8","70","REAL-TIME ALERTS","1760","bullet","Usage feed from Service Y has stopped.","The platform must support Usage feed from Service Y has stopped. within real-time alerts.","accepted","deterministic_source_normalization","normalized_atomic","Cross-horizon","Phase 5","SUB-E001","US-MSR-070-01","AC-MSR-070-01-03","TC-MSR-070-7C020C7AB8","","No implementation evidence inferred."
"MSR-070-4EC4D69DB9","70","REAL-TIME ALERTS","1761","bullet","Potential duplicate invoices detected.","The platform must support Potential duplicate invoices detected. within real-time alerts.","accepted","deterministic_source_normalization","normalized_atomic","Cross-horizon","Phase 5","SUB-E001","US-MSR-070-01","AC-MSR-070-01-04","TC-MSR-070-4EC4D69DB9","","No implementation evidence inferred."
"MSR-070-46D4867E5C","70","REAL-TIME ALERTS","1762","bullet","₹4.2M revenue at risk this week.","The platform must support ₹4.2M revenue at risk this week. within real-time alerts.","accepted","deterministic_source_normalization","normalized_atomic","Cross-horizon","Phase 5","SUB-E001","US-MSR-070-01","AC-MSR-070-01-05","TC-MSR-070-46D4867E5C","","No implementation evidence inferred."
"MSR-070-B8AF4326A3","70","REAL-TIME ALERTS","1763","bullet","Large customer approaching usage cap.","The platform must support Large customer approaching usage cap. within real-time alerts.","accepted","deterministic_source_normalization","normalized_atomic","Cross-horizon","Phase 5","SUB-E001","US-MSR-070-01","AC-MSR-070-01-06","TC-MSR-070-B8AF4326A3","","No implementation evidence inferred."
"MSR-070-09EB202699","70","REAL-TIME ALERTS","1764","bullet","Unusual refund spike detected.","The platform must support Unusual refund spike detected. within real-time alerts.","accepted","deterministic_source_normalization","normalized_atomic","Cross-horizon","Phase 5","SUB-E001","US-MSR-070-01","AC-MSR-070-01-07","TC-MSR-070-09EB202699","","No implementation evidence inferred."
"MSR-071-69A602B0AB","71","FORECASTING","1770","contextual_prose","Forecast:","Product and implementation decisions must conform to this master-specification constraint: Forecast:.","parent_context","deterministic_source_normalization","context_only","Cross-horizon","Phase 5","","","","","","Retained as context; delivery coverage is carried by child candidates."
"MSR-071-0B98C23DF7","71","FORECASTING","1771","bullet","MRR","The platform must support MRR within forecasting.","accepted","deterministic_source_normalization","normalized_atomic","Cross-horizon","Phase 5","SUB-E014","US-MSR-071-01","AC-MSR-071-01-01","TC-MSR-071-0B98C23DF7","","No implementation evidence inferred."
"MSR-071-CFC9AADB40","71","FORECASTING","1772","bullet","ARR","The platform must support ARR within forecasting.","accepted","deterministic_source_normalization","normalized_atomic","Cross-horizon","Phase 5","SUB-E014","US-MSR-071-01","AC-MSR-071-01-02","TC-MSR-071-CFC9AADB40","","No implementation evidence inferred."
"MSR-071-A8250672A1","71","FORECASTING","1773","bullet","Cash collections","The platform must support Cash collections within forecasting.","accepted","deterministic_source_normalization","normalized_atomic","Cross-horizon","Phase 5","SUB-E014","US-MSR-071-01","AC-MSR-071-01-03","TC-MSR-071-A8250672A1","","No implementation evidence inferred."
"MSR-071-26F7AF40EC","71","FORECASTING","1774","bullet","Renewals","The platform must support Renewals within forecasting.","accepted","deterministic_source_normalization","normalized_atomic","Cross-horizon","Phase 5","SUB-E014","US-MSR-071-01","AC-MSR-071-01-04","TC-MSR-071-26F7AF40EC","","No implementation evidence inferred."
"MSR-071-3EF4DA96FA","71","FORECASTING","1775","bullet","Churn","The platform must support Churn within forecasting.","accepted","deterministic_source_normalization","normalized_atomic","Cross-horizon","Phase 5","SUB-E014","US-MSR-071-01","AC-MSR-071-01-05","TC-MSR-071-3EF4DA96FA","","No implementation evidence inferred."
"MSR-071-043F600366","71","FORECASTING","1776","bullet","Usage revenue","The platform must support Usage revenue within forecasting.","accepted","deterministic_source_normalization","normalized_atomic","Cross-horizon","Phase 5","SUB-E014","US-MSR-071-01","AC-MSR-071-01-06","TC-MSR-071-043F600366","","No implementation evidence inferred."
"MSR-071-5E0FD86709","71","FORECASTING","1777","bullet","Overdue receivables.","The platform must support Overdue receivables. within forecasting.","accepted","deterministic_source_normalization","normalized_atomic","Cross-horizon","Phase 5","SUB-E014","US-MSR-071-01","AC-MSR-071-01-07","TC-MSR-071-5E0FD86709","","No implementation evidence inferred."
"MSR-071-DFC78A2123","71","FORECASTING","1779","normative_prose","Separate contractual forecast from probabilistic forecast.","Separate contractual forecast from probabilistic forecast.","accepted","deterministic_source_normalization","normalized_atomic","Cross-horizon","Phase 5","SUB-E014","US-MSR-071-01","AC-MSR-071-01-08","TC-MSR-071-DFC78A2123","","No implementation evidence inferred."
"MSR-071-F7613A8215","71","FORECASTING","1781","normative_prose","Never present AI forecasts as accounting truth.","Never present AI forecasts as accounting truth.","accepted","deterministic_source_normalization","normalized_atomic","Cross-horizon","Phase 5","SUB-E014","US-MSR-071-01","AC-MSR-071-01-09","TC-MSR-071-F7613A8215","","No implementation evidence inferred."
"MSR-072-1E27574846","72","CUSTOM REPORT BUILDER","1787","normative_prose","Users select:","Users select:.","parent_context","deterministic_source_normalization","context_only","Cross-horizon","Phase 5","","","","","","Retained as context; delivery coverage is carried by child candidates."
"MSR-072-4C1086AEE1","72","CUSTOM REPORT BUILDER","1788","bullet","Object","The platform must support Object within custom report builder.","accepted","deterministic_source_normalization","normalized_atomic","Cross-horizon","Phase 5","SUB-E014","US-MSR-072-01","AC-MSR-072-01-01","TC-MSR-072-4C1086AEE1","","No implementation evidence inferred."
"MSR-072-57753B9430","72","CUSTOM REPORT BUILDER","1789","bullet","Metrics","The platform must support Metrics within custom report builder.","accepted","deterministic_source_normalization","normalized_atomic","Cross-horizon","Phase 5","SUB-E014","US-MSR-072-01","AC-MSR-072-01-02","TC-MSR-072-57753B9430","","No implementation evidence inferred."
"MSR-072-E67F2E45AA","72","CUSTOM REPORT BUILDER","1790","bullet","Dimensions","The platform must support Dimensions within custom report builder.","accepted","deterministic_source_normalization","normalized_atomic","Cross-horizon","Phase 5","SUB-E014","US-MSR-072-01","AC-MSR-072-01-03","TC-MSR-072-E67F2E45AA","","No implementation evidence inferred."
"MSR-072-6365513642","72","CUSTOM REPORT BUILDER","1791","bullet","Filters","The platform must support Filters within custom report builder.","accepted","deterministic_source_normalization","normalized_atomic","Cross-horizon","Phase 5","SUB-E014","US-MSR-072-01","AC-MSR-072-01-04","TC-MSR-072-6365513642","","No implementation evidence inferred."
"MSR-072-D330EF650A","72","CUSTOM REPORT BUILDER","1792","bullet","Time range","The platform must support Time range within custom report builder.","accepted","deterministic_source_normalization","normalized_atomic","Cross-horizon","Phase 5","SUB-E014","US-MSR-072-01","AC-MSR-072-01-05","TC-MSR-072-D330EF650A","","No implementation evidence inferred."
"MSR-072-D08C03445C","72","CUSTOM REPORT BUILDER","1793","bullet","Visualization.","The platform must support Visualization. within custom report builder.","accepted","deterministic_source_normalization","normalized_atomic","Cross-horizon","Phase 5","SUB-E014","US-MSR-072-01","AC-MSR-072-01-06","TC-MSR-072-D08C03445C","","No implementation evidence inferred."
"MSR-072-C0312C3FEC","72","CUSTOM REPORT BUILDER","1795","normative_prose","Allow report scheduling and exports.","Allow report scheduling and exports.","accepted","deterministic_source_normalization","normalized_atomic","Cross-horizon","Phase 5","SUB-E014","US-MSR-072-01","AC-MSR-072-01-07","TC-MSR-072-C0312C3FEC","","No implementation evidence inferred."
"MSR-073-1D90F1346E","73","GLOBAL SEARCH","1801","contextual_prose","Search:","Product and implementation decisions must conform to this master-specification constraint: Search:.","parent_context","deterministic_source_normalization","context_only","Cross-horizon","Phase 5","","","","","","Retained as context; delivery coverage is carried by child candidates."
"MSR-073-BE07DB1853","73","GLOBAL SEARCH","1802","bullet","customer name","The platform must support customer name within global search.","accepted","deterministic_source_normalization","normalized_atomic","Cross-horizon","Phase 5","SUB-E001","US-MSR-073-01","AC-MSR-073-01-01","TC-MSR-073-BE07DB1853","","No implementation evidence inferred."
"MSR-073-065DF6058A","73","GLOBAL SEARCH","1803","bullet","invoice","The platform must support invoice within global search.","accepted","deterministic_source_normalization","normalized_atomic","Cross-horizon","Phase 5","SUB-E001","US-MSR-073-01","AC-MSR-073-01-02","TC-MSR-073-065DF6058A","","No implementation evidence inferred."
"MSR-073-AB19D17A5D","73","GLOBAL SEARCH","1804","bullet","subscription","The platform must support subscription within global search.","accepted","deterministic_source_normalization","normalized_atomic","Cross-horizon","Phase 5","SUB-E001","US-MSR-073-01","AC-MSR-073-01-03","TC-MSR-073-AB19D17A5D","","No implementation evidence inferred."
"MSR-073-8090DCA43E","73","GLOBAL SEARCH","1805","bullet","payment","The platform must support payment within global search.","accepted","deterministic_source_normalization","normalized_atomic","Cross-horizon","Phase 5","SUB-E001","US-MSR-073-01","AC-MSR-073-01-04","TC-MSR-073-8090DCA43E","","No implementation evidence inferred."
"MSR-073-E28A7C7024","73","GLOBAL SEARCH","1806","bullet","email","The platform must support email within global search.","accepted","deterministic_source_normalization","normalized_atomic","Cross-horizon","Phase 5","SUB-E001","US-MSR-073-01","AC-MSR-073-01-05","TC-MSR-073-E28A7C7024","","No implementation evidence inferred."
"MSR-073-EE1FB3597D","73","GLOBAL SEARCH","1807","bullet","contract","The platform must support contract within global search.","accepted","deterministic_source_normalization","normalized_atomic","Cross-horizon","Phase 5","SUB-E001","US-MSR-073-01","AC-MSR-073-01-06","TC-MSR-073-EE1FB3597D","","No implementation evidence inferred."
"MSR-073-C98AA61D05","73","GLOBAL SEARCH","1808","bullet","transaction ID","The platform must support transaction ID within global search.","accepted","deterministic_source_normalization","normalized_atomic","Cross-horizon","Phase 5","SUB-E001","US-MSR-073-01","AC-MSR-073-01-07","TC-MSR-073-C98AA61D05","","No implementation evidence inferred."
"MSR-073-777654A0F2","73","GLOBAL SEARCH","1809","bullet","gateway reference","The platform must support gateway reference within global search.","accepted","deterministic_source_normalization","normalized_atomic","Cross-horizon","Phase 5","SUB-E001","US-MSR-073-01","AC-MSR-073-01-08","TC-MSR-073-777654A0F2","","No implementation evidence inferred."
"MSR-073-7B8403399A","73","GLOBAL SEARCH","1811","bullet","product.","The platform must support product. within global search.","accepted","deterministic_source_normalization","normalized_atomic","Cross-horizon","Phase 5","SUB-E001","US-MSR-073-01","AC-MSR-073-01-09","TC-MSR-073-7B8403399A","","No implementation evidence inferred."
"MSR-073-4A32679964","73","GLOBAL SEARCH","1813","normative_prose","Results should appear instantly.","Results should appear instantly.","accepted","deterministic_source_normalization","normalized_atomic","Cross-horizon","Phase 5","SUB-E001","US-MSR-073-01","AC-MSR-073-01-10","TC-MSR-073-4A32679964","","No implementation evidence inferred."
"MSR-074-BEFD742694","74","CUSTOM FIELDS","1819","normative_prose","Admins can add custom fields to core objects.","Admins can add custom fields to core objects.","accepted","deterministic_source_normalization","normalized_atomic","Cross-horizon","Phase 5","SUB-E001","US-MSR-074-01","AC-MSR-074-01-01","TC-MSR-074-BEFD742694","","No implementation evidence inferred."
"MSR-074-707ABA6846","74","CUSTOM FIELDS","1821","contextual_prose","Types:","Product and implementation decisions must conform to this master-specification constraint: Types:.","parent_context","deterministic_source_normalization","context_only","Cross-horizon","Phase 5","","","","","","Retained as context; delivery coverage is carried by child candidates."
"MSR-074-1187FA7835","74","CUSTOM FIELDS","1822","bullet","Text","The platform must support Text within custom fields.","accepted","deterministic_source_normalization","normalized_atomic","Cross-horizon","Phase 5","SUB-E001","US-MSR-074-01","AC-MSR-074-01-02","TC-MSR-074-1187FA7835","","No implementation evidence inferred."
"MSR-074-2327A25E22","74","CUSTOM FIELDS","1823","bullet","Number","The platform must support Number within custom fields.","accepted","deterministic_source_normalization","normalized_atomic","Cross-horizon","Phase 5","SUB-E001","US-MSR-074-01","AC-MSR-074-01-03","TC-MSR-074-2327A25E22","","No implementation evidence inferred."
"MSR-074-ABD1582117","74","CUSTOM FIELDS","1824","bullet","Currency","The platform must support Currency within custom fields.","accepted","deterministic_source_normalization","normalized_atomic","Cross-horizon","Phase 5","SUB-E001","US-MSR-074-01","AC-MSR-074-01-04","TC-MSR-074-ABD1582117","","No implementation evidence inferred."
"MSR-074-941EAFE517","74","CUSTOM FIELDS","1825","bullet","Date","The platform must support Date within custom fields.","accepted","deterministic_source_normalization","normalized_atomic","Cross-horizon","Phase 5","SUB-E001","US-MSR-074-01","AC-MSR-074-01-05","TC-MSR-074-941EAFE517","","No implementation evidence inferred."
"MSR-074-72DAA0D70C","74","CUSTOM FIELDS","1826","bullet","Boolean","The platform must support Boolean within custom fields.","accepted","deterministic_source_normalization","normalized_atomic","Cross-horizon","Phase 5","SUB-E001","US-MSR-074-01","AC-MSR-074-01-06","TC-MSR-074-72DAA0D70C","","No implementation evidence inferred."
"MSR-074-AC6412C226","74","CUSTOM FIELDS","1827","bullet","List","The platform must support List within custom fields.","accepted","deterministic_source_normalization","normalized_atomic","Cross-horizon","Phase 5","SUB-E001","US-MSR-074-01","AC-MSR-074-01-07","TC-MSR-074-AC6412C226","","No implementation evidence inferred."
"MSR-074-732AA87B90","74","CUSTOM FIELDS","1828","bullet","Reference","The platform must support Reference within custom fields.","accepted","deterministic_source_normalization","normalized_atomic","Cross-horizon","Phase 5","SUB-E001","US-MSR-074-01","AC-MSR-074-01-08","TC-MSR-074-732AA87B90","","No implementation evidence inferred."
"MSR-074-825677E6B0","74","CUSTOM FIELDS","1829","bullet","Formula.","The platform must support Formula. within custom fields.","accepted","deterministic_source_normalization","normalized_atomic","Cross-horizon","Phase 5","SUB-E001","US-MSR-074-01","AC-MSR-074-01-09","TC-MSR-074-825677E6B0","","No implementation evidence inferred."
"MSR-074-E4932787A7","74","CUSTOM FIELDS","1831","contextual_prose","Custom fields available through API, workflow and reporting.","Product and implementation decisions must conform to this master-specification constraint: Custom fields available through API, workflow and reporting.","accepted","deterministic_source_normalization","normalized_atomic","Cross-horizon","Phase 5","SUB-E001","US-MSR-074-01","AC-MSR-074-01-10","TC-MSR-074-E4932787A7","","No implementation evidence inferred."
"MSR-075-AD5EE6E871","75","IMPORT / MIGRATION","1837","normative_prose","Provide tools to migrate from:","Provide tools to migrate from:.","parent_context","deterministic_source_normalization","context_only","Cross-horizon","Phase 5","","","","","","Retained as context; delivery coverage is carried by child candidates."
"MSR-075-6C843042DC","75","IMPORT / MIGRATION","1838","bullet","SAP BRIM","The platform must support SAP BRIM within import / migration.","accepted","deterministic_source_normalization","normalized_atomic","Cross-horizon","Phase 5","SUB-E016","US-MSR-075-01","AC-MSR-075-01-01","TC-MSR-075-6C843042DC","","No implementation evidence inferred."
"MSR-075-F3AE4CAAA0","75","IMPORT / MIGRATION","1839","bullet","Chargebee","The platform must support Chargebee within import / migration.","accepted","deterministic_source_normalization","normalized_atomic","Cross-horizon","Phase 5","SUB-E016","US-MSR-075-01","AC-MSR-075-01-02","TC-MSR-075-F3AE4CAAA0","","No implementation evidence inferred."
"MSR-075-A0A3A850ED","75","IMPORT / MIGRATION","1840","bullet","Recurly","The platform must support Recurly within import / migration.","accepted","deterministic_source_normalization","normalized_atomic","Cross-horizon","Phase 5","SUB-E016","US-MSR-075-01","AC-MSR-075-01-03","TC-MSR-075-A0A3A850ED","","No implementation evidence inferred."
"MSR-075-FC05C95858","75","IMPORT / MIGRATION","1841","bullet","Zuora","The platform must support Zuora within import / migration.","accepted","deterministic_source_normalization","normalized_atomic","Cross-horizon","Phase 5","SUB-E016","US-MSR-075-01","AC-MSR-075-01-04","TC-MSR-075-FC05C95858","","No implementation evidence inferred."
"MSR-075-B40B6E5204","75","IMPORT / MIGRATION","1842","bullet","Stripe Billing","The platform must support Stripe Billing within import / migration.","accepted","deterministic_source_normalization","normalized_atomic","Cross-horizon","Phase 5","SUB-E016","US-MSR-075-01","AC-MSR-075-01-05","TC-MSR-075-B40B6E5204","","No implementation evidence inferred."
"MSR-075-93272C12FB","75","IMPORT / MIGRATION","1843","bullet","custom platforms.","The platform must support custom platforms. within import / migration.","accepted","deterministic_source_normalization","normalized_atomic","Cross-horizon","Phase 5","SUB-E016","US-MSR-075-01","AC-MSR-075-01-06","TC-MSR-075-93272C12FB","","No implementation evidence inferred."
"MSR-075-67A1D2EEE0","75","IMPORT / MIGRATION","1845","contextual_prose","Migration framework:","Product and implementation decisions must conform to this master-specification constraint: Migration framework:.","parent_context","deterministic_source_normalization","context_only","Cross-horizon","Phase 5","","","","","","Retained as context; delivery coverage is carried by child candidates."
"MSR-075-AC45718D77","75","IMPORT / MIGRATION","1847","contextual_prose","Extract → Map → Transform → Validate → Reconcile → Dry run → Cutover.","Product and implementation decisions must conform to this master-specification constraint: Extract → Map → Transform → Validate → Reconcile → Dry run → Cutover.","accepted","deterministic_source_normalization","normalized_atomic","Cross-horizon","Phase 5","SUB-E016","US-MSR-075-01","AC-MSR-075-01-07","TC-MSR-075-AC45718D77","","No implementation evidence inferred."
"MSR-075-485635206E","75","IMPORT / MIGRATION","1849","contextual_prose","Preserve:","Product and implementation decisions must conform to this master-specification constraint: Preserve:.","parent_context","deterministic_source_normalization","context_only","Cross-horizon","Phase 5","","","","","","Retained as context; delivery coverage is carried by child candidates."
"MSR-075-87EFF41C24","75","IMPORT / MIGRATION","1850","bullet","customers","The platform must support customers within import / migration.","accepted","deterministic_source_normalization","normalized_atomic","Cross-horizon","Phase 5","SUB-E016","US-MSR-075-01","AC-MSR-075-01-08","TC-MSR-075-87EFF41C24","","No implementation evidence inferred."
"MSR-075-8E1C27694F","75","IMPORT / MIGRATION","1851","bullet","contracts","The platform must support contracts within import / migration.","accepted","deterministic_source_normalization","normalized_atomic","Cross-horizon","Phase 5","SUB-E016","US-MSR-075-01","AC-MSR-075-01-09","TC-MSR-075-8E1C27694F","","No implementation evidence inferred."
"MSR-075-0CE17263C9","75","IMPORT / MIGRATION","1852","bullet","subscriptions","The platform must support subscriptions within import / migration.","accepted","deterministic_source_normalization","normalized_atomic","Cross-horizon","Phase 5","SUB-E016","US-MSR-075-01","AC-MSR-075-01-10","TC-MSR-075-0CE17263C9","","No implementation evidence inferred."
"MSR-075-0DE75B34C3","75","IMPORT / MIGRATION","1853","bullet","balances","The platform must support balances within import / migration.","accepted","deterministic_source_normalization","normalized_atomic","Cross-horizon","Phase 5","SUB-E016","US-MSR-075-02","AC-MSR-075-02-01","TC-MSR-075-0DE75B34C3","","No implementation evidence inferred."
"MSR-075-151FA3FE9E","75","IMPORT / MIGRATION","1854","bullet","credits","The platform must support credits within import / migration.","accepted","deterministic_source_normalization","normalized_atomic","Cross-horizon","Phase 5","SUB-E016","US-MSR-075-02","AC-MSR-075-02-02","TC-MSR-075-151FA3FE9E","","No implementation evidence inferred."
"MSR-075-80D543FCF4","75","IMPORT / MIGRATION","1855","bullet","invoices","The platform must support invoices within import / migration.","accepted","deterministic_source_normalization","normalized_atomic","Cross-horizon","Phase 5","SUB-E016","US-MSR-075-02","AC-MSR-075-02-03","TC-MSR-075-80D543FCF4","","No implementation evidence inferred."
"MSR-075-9CE9C1FF44","75","IMPORT / MIGRATION","1856","bullet","payment references","The platform must support payment references within import / migration.","accepted","deterministic_source_normalization","normalized_atomic","Cross-horizon","Phase 5","SUB-E016","US-MSR-075-02","AC-MSR-075-02-04","TC-MSR-075-9CE9C1FF44","","No implementation evidence inferred."
"MSR-075-6729F29977","75","IMPORT / MIGRATION","1857","bullet","price history.","The platform must support price history. within import / migration.","accepted","deterministic_source_normalization","normalized_atomic","Cross-horizon","Phase 5","SUB-E016","US-MSR-075-02","AC-MSR-075-02-05","TC-MSR-075-6729F29977","","No implementation evidence inferred."
"MSR-076-00D7ED8B7E","76","CONFIGURATION PROMOTION","1863","normative_prose","Support environments:","Support environments:.","parent_context","deterministic_source_normalization","context_only","Cross-horizon","Phase 5","","","","","","Retained as context; delivery coverage is carried by child candidates."
"MSR-076-7DA2F6FE6E","76","CONFIGURATION PROMOTION","1864","bullet","Development","The platform must support Development within configuration promotion.","accepted","deterministic_source_normalization","normalized_atomic","Cross-horizon","Phase 5","SUB-E016","US-MSR-076-01","AC-MSR-076-01-01","TC-MSR-076-7DA2F6FE6E","","No implementation evidence inferred."
"MSR-076-187A749121","76","CONFIGURATION PROMOTION","1865","bullet","Test","The platform must support Test within configuration promotion.","accepted","deterministic_source_normalization","normalized_atomic","Cross-horizon","Phase 5","SUB-E016","US-MSR-076-01","AC-MSR-076-01-02","TC-MSR-076-187A749121","","No implementation evidence inferred."
"MSR-076-0882694E34","76","CONFIGURATION PROMOTION","1866","bullet","UAT","The platform must support UAT within configuration promotion.","accepted","deterministic_source_normalization","normalized_atomic","Cross-horizon","Phase 5","SUB-E016","US-MSR-076-01","AC-MSR-076-01-03","TC-MSR-076-0882694E34","","No implementation evidence inferred."
"MSR-076-6AAD214540","76","CONFIGURATION PROMOTION","1867","bullet","Production.","The platform must support Production. within configuration promotion.","accepted","deterministic_source_normalization","normalized_atomic","Cross-horizon","Phase 5","SUB-E016","US-MSR-076-01","AC-MSR-076-01-04","TC-MSR-076-6AAD214540","","No implementation evidence inferred."
"MSR-076-F80A0C6DEF","76","CONFIGURATION PROMOTION","1869","contextual_prose","Configuration packages can move between environments.","Product and implementation decisions must conform to this master-specification constraint: Configuration packages can move between environments.","accepted","deterministic_source_normalization","normalized_atomic","Cross-horizon","Phase 5","SUB-E016","US-MSR-076-01","AC-MSR-076-01-05","TC-MSR-076-F80A0C6DEF","","No implementation evidence inferred."
"MSR-076-3B83B8CAEF","76","CONFIGURATION PROMOTION","1871","normative_prose","Support dependency checks and rollback.","Support dependency checks and rollback.","accepted","deterministic_source_normalization","normalized_atomic","Cross-horizon","Phase 5","SUB-E016","US-MSR-076-01","AC-MSR-076-01-06","TC-MSR-076-3B83B8CAEF","","No implementation evidence inferred."
"MSR-077-2C5D0A3880","77","OBSERVABILITY","1877","normative_prose","Every financial transaction should have distributed tracing.","Every financial transaction should have distributed tracing.","accepted","deterministic_source_normalization","normalized_atomic","Cross-horizon","Phase 0","SUB-E001","US-MSR-077-01","AC-MSR-077-01-01","TC-MSR-077-2C5D0A3880","","No implementation evidence inferred."
"MSR-077-ED122A5177","77","OBSERVABILITY","1879","normative_prose","Provide correlation IDs.","Provide correlation IDs.","accepted","deterministic_source_normalization","normalized_atomic","Cross-horizon","Phase 0","SUB-E001","US-MSR-077-01","AC-MSR-077-01-02","TC-MSR-077-ED122A5177","","No implementation evidence inferred."
"MSR-077-F174B8F0CF","77","OBSERVABILITY","1881","normative_prose","Metrics, logs and traces must be integrated.","Metrics, logs and traces must be integrated.","accepted","deterministic_source_normalization","normalized_atomic","Cross-horizon","Phase 0","SUB-E001","US-MSR-077-01","AC-MSR-077-01-03","TC-MSR-077-F174B8F0CF","","No implementation evidence inferred."
"MSR-078-29ADD5A1A2","78","RELIABILITY","1887","contextual_prose","Target production architecture for:","Product and implementation decisions must conform to this master-specification constraint: Target production architecture for:.","parent_context","deterministic_source_normalization","context_only","Cross-horizon","Phase 0","","","","","","Retained as context; delivery coverage is carried by child candidates."
"MSR-078-DE76B43246","78","RELIABILITY","1888","bullet","99.99% availability for critical financial capabilities where commercially appropriate.","The platform must support 99.99% availability for critical financial capabilities where commercially appropriate. within reliability.","accepted","deterministic_source_normalization","normalized_atomic","Cross-horizon","Phase 0","SUB-E001","US-MSR-078-01","AC-MSR-078-01-01","TC-MSR-078-DE76B43246","","No implementation evidence inferred."
"MSR-078-4932A8CF42","78","RELIABILITY","1889","bullet","No single point of failure.","The platform must support No single point of failure. within reliability.","accepted","deterministic_source_normalization","normalized_atomic","Cross-horizon","Phase 0","SUB-E001","US-MSR-078-01","AC-MSR-078-01-02","TC-MSR-078-4932A8CF42","","No implementation evidence inferred."
"MSR-078-44C9754328","78","RELIABILITY","1890","bullet","Multi-zone deployment.","The platform must support Multi-zone deployment. within reliability.","accepted","deterministic_source_normalization","normalized_atomic","Cross-horizon","Phase 0","SUB-E001","US-MSR-078-01","AC-MSR-078-01-03","TC-MSR-078-44C9754328","","No implementation evidence inferred."
"MSR-078-E8326FEEBF","78","RELIABILITY","1891","bullet","Backups.","The platform must support Backups. within reliability.","accepted","deterministic_source_normalization","normalized_atomic","Cross-horizon","Phase 0","SUB-E001","US-MSR-078-01","AC-MSR-078-01-04","TC-MSR-078-E8326FEEBF","","No implementation evidence inferred."
"MSR-078-19586506A0","78","RELIABILITY","1892","bullet","Point-in-time recovery.","The platform must support Point-in-time recovery. within reliability.","accepted","deterministic_source_normalization","normalized_atomic","Cross-horizon","Phase 0","SUB-E001","US-MSR-078-01","AC-MSR-078-01-05","TC-MSR-078-19586506A0","","No implementation evidence inferred."
"MSR-078-0F4705315E","78","RELIABILITY","1893","bullet","Disaster recovery.","The platform must support Disaster recovery. within reliability.","accepted","deterministic_source_normalization","normalized_atomic","Cross-horizon","Phase 0","SUB-E001","US-MSR-078-01","AC-MSR-078-01-06","TC-MSR-078-0F4705315E","","No implementation evidence inferred."
"MSR-078-D439858FC9","78","RELIABILITY","1894","bullet","Graceful degradation.","The platform must support Graceful degradation. within reliability.","accepted","deterministic_source_normalization","normalized_atomic","Cross-horizon","Phase 0","SUB-E001","US-MSR-078-01","AC-MSR-078-01-07","TC-MSR-078-D439858FC9","","No implementation evidence inferred."
"MSR-079-4E4E5180C7","79","PERFORMANCE","1900","contextual_prose","Target:","Product and implementation decisions must conform to this master-specification constraint: Target:.","parent_context","deterministic_source_normalization","context_only","Cross-horizon","Phase 0","","","","","","Retained as context; delivery coverage is carried by child candidates."
"MSR-079-2622D9EC40","79","PERFORMANCE","1901","bullet","UI interaction < 2 seconds for common workflows.","The platform must support UI interaction < 2 seconds for common workflows. within performance.","accepted","deterministic_source_normalization","normalized_atomic","Cross-horizon","Phase 0","SUB-E001","US-MSR-079-01","AC-MSR-079-01-01","TC-MSR-079-2622D9EC40","","No implementation evidence inferred."
"MSR-079-7E3587C3AF","79","PERFORMANCE","1902","bullet","Search < 1 second where practical.","The platform must support Search < 1 second where practical. within performance.","accepted","deterministic_source_normalization","normalized_atomic","Cross-horizon","Phase 0","SUB-E001","US-MSR-079-01","AC-MSR-079-01-02","TC-MSR-079-7E3587C3AF","","No implementation evidence inferred."
"MSR-079-2E797F6228","79","PERFORMANCE","1903","bullet","APIs p95 < 500 ms for standard operations excluding external dependencies.","The platform must support APIs p95 < 500 ms for standard operations excluding external dependencies. within performance.","accepted","deterministic_source_normalization","normalized_atomic","Cross-horizon","Phase 0","SUB-E001","US-MSR-079-01","AC-MSR-079-01-03","TC-MSR-079-2E797F6228","","No implementation evidence inferred."
"MSR-079-C7E773BF00","79","PERFORMANCE","1904","bullet","Usage infrastructure horizontally scalable.","The platform must support Usage infrastructure horizontally scalable. within performance.","accepted","deterministic_source_normalization","normalized_atomic","Cross-horizon","Phase 0","SUB-E001","US-MSR-079-01","AC-MSR-079-01-04","TC-MSR-079-C7E773BF00","","No implementation evidence inferred."
"MSR-079-EB4C619FD7","79","PERFORMANCE","1905","bullet","Financial batch processes restartable and resumable.","The platform must support Financial batch processes restartable and resumable. within performance.","accepted","deterministic_source_normalization","normalized_atomic","Cross-horizon","Phase 0","SUB-E001","US-MSR-079-01","AC-MSR-079-01-05","TC-MSR-079-EB4C619FD7","","No implementation evidence inferred."
"MSR-080-9AD87D0A08","80","SECURITY","1911","normative_prose","Implement:","Implement:.","parent_context","deterministic_source_normalization","context_only","Cross-horizon","Phase 0","","","","","","Retained as context; delivery coverage is carried by child candidates."
"MSR-080-3B6F4B3FE4","80","SECURITY","1912","bullet","OIDC/OAuth2","The platform must support OIDC/OAuth2 within security.","accepted","deterministic_source_normalization","normalized_atomic","Cross-horizon","Phase 0","SUB-E017","US-MSR-080-01","AC-MSR-080-01-01","TC-MSR-080-3B6F4B3FE4","","No implementation evidence inferred."
"MSR-080-A555453F8D","80","SECURITY","1913","bullet","SAML SSO","The platform must support SAML SSO within security.","accepted","deterministic_source_normalization","normalized_atomic","Cross-horizon","Phase 0","SUB-E017","US-MSR-080-01","AC-MSR-080-01-02","TC-MSR-080-A555453F8D","","No implementation evidence inferred."
"MSR-080-477F636C27","80","SECURITY","1914","bullet","MFA","The platform must support MFA within security.","accepted","deterministic_source_normalization","normalized_atomic","Cross-horizon","Phase 0","SUB-E017","US-MSR-080-01","AC-MSR-080-01-03","TC-MSR-080-477F636C27","","No implementation evidence inferred."
"MSR-080-0F3ACE0DE7","80","SECURITY","1915","bullet","RBAC","The platform must support RBAC within security.","accepted","deterministic_source_normalization","normalized_atomic","Cross-horizon","Phase 0","SUB-E017","US-MSR-080-01","AC-MSR-080-01-04","TC-MSR-080-0F3ACE0DE7","","No implementation evidence inferred."
"MSR-080-4119ED6371","80","SECURITY","1916","bullet","ABAC where appropriate","The platform must support ABAC where appropriate within security.","accepted","deterministic_source_normalization","normalized_atomic","Cross-horizon","Phase 0","SUB-E017","US-MSR-080-01","AC-MSR-080-01-05","TC-MSR-080-4119ED6371","","No implementation evidence inferred."
"MSR-080-F126410B90","80","SECURITY","1917","bullet","encryption in transit","The platform must support encryption in transit within security.","accepted","deterministic_source_normalization","normalized_atomic","Cross-horizon","Phase 0","SUB-E017","US-MSR-080-01","AC-MSR-080-01-06","TC-MSR-080-F126410B90","","No implementation evidence inferred."
"MSR-080-0B8B50FDE2","80","SECURITY","1918","bullet","encryption at rest","The platform must support encryption at rest within security.","accepted","deterministic_source_normalization","normalized_atomic","Cross-horizon","Phase 0","SUB-E017","US-MSR-080-01","AC-MSR-080-01-07","TC-MSR-080-0B8B50FDE2","","No implementation evidence inferred."
"MSR-080-7480D7B672","80","SECURITY","1919","bullet","key rotation","The platform must support key rotation within security.","accepted","deterministic_source_normalization","normalized_atomic","Cross-horizon","Phase 0","SUB-E017","US-MSR-080-01","AC-MSR-080-01-08","TC-MSR-080-7480D7B672","","No implementation evidence inferred."
"MSR-080-0798CE9787","80","SECURITY","1920","bullet","secrets management","The platform must support secrets management within security.","accepted","deterministic_source_normalization","normalized_atomic","Cross-horizon","Phase 0","SUB-E017","US-MSR-080-01","AC-MSR-080-01-09","TC-MSR-080-0798CE9787","","No implementation evidence inferred."
"MSR-080-30530AEE0A","80","SECURITY","1921","bullet","rate limiting","The platform must support rate limiting within security.","accepted","deterministic_source_normalization","normalized_atomic","Cross-horizon","Phase 0","SUB-E017","US-MSR-080-01","AC-MSR-080-01-10","TC-MSR-080-30530AEE0A","","No implementation evidence inferred."
"MSR-080-6A626278D5","80","SECURITY","1922","bullet","WAF","The platform must support WAF within security.","accepted","deterministic_source_normalization","normalized_atomic","Cross-horizon","Phase 0","SUB-E017","US-MSR-080-02","AC-MSR-080-02-01","TC-MSR-080-6A626278D5","","No implementation evidence inferred."
"MSR-080-F86514DC24","80","SECURITY","1923","bullet","fraud controls","The platform must support fraud controls within security.","accepted","deterministic_source_normalization","normalized_atomic","Cross-horizon","Phase 0","SUB-E017","US-MSR-080-02","AC-MSR-080-02-02","TC-MSR-080-F86514DC24","","No implementation evidence inferred."
"MSR-080-FCED65F296","80","SECURITY","1924","bullet","secure audit logs.","The platform must support secure audit logs. within security.","accepted","deterministic_source_normalization","normalized_atomic","Cross-horizon","Phase 0","SUB-E017","US-MSR-080-02","AC-MSR-080-02-03","TC-MSR-080-FCED65F296","","No implementation evidence inferred."
"MSR-080-18809ED191","80","SECURITY","1926","contextual_prose","Design toward applicable compliance expectations such as:","Product and implementation decisions must conform to this master-specification constraint: Design toward applicable compliance expectations such as:.","parent_context","deterministic_source_normalization","context_only","Cross-horizon","Phase 0","","","","","","Retained as context; delivery coverage is carried by child candidates."
"MSR-080-3853389FB2","80","SECURITY","1927","bullet","SOC 2","The platform must support SOC 2 within security.","accepted","deterministic_source_normalization","normalized_atomic","Cross-horizon","Phase 0","SUB-E017","US-MSR-080-02","AC-MSR-080-02-04","TC-MSR-080-3853389FB2","","No implementation evidence inferred."
"MSR-080-31687124AE","80","SECURITY","1928","bullet","ISO 27001","The platform must support ISO 27001 within security.","accepted","deterministic_source_normalization","normalized_atomic","Cross-horizon","Phase 0","SUB-E017","US-MSR-080-02","AC-MSR-080-02-05","TC-MSR-080-31687124AE","","No implementation evidence inferred."
"MSR-080-0FE00D5DE8","80","SECURITY","1929","bullet","PCI DSS scope minimization","The platform must support PCI DSS scope minimization within security.","accepted","deterministic_source_normalization","normalized_atomic","Cross-horizon","Phase 0","SUB-E017","US-MSR-080-02","AC-MSR-080-02-06","TC-MSR-080-0FE00D5DE8","","No implementation evidence inferred."
"MSR-080-AE1C8B060E","80","SECURITY","1930","bullet","GDPR","The platform must support GDPR within security.","accepted","deterministic_source_normalization","normalized_atomic","Cross-horizon","Phase 0","SUB-E017","US-MSR-080-02","AC-MSR-080-02-07","TC-MSR-080-AE1C8B060E","","No implementation evidence inferred."
"MSR-080-B1898B2E81","80","SECURITY","1931","bullet","regional privacy laws.","The platform must support regional privacy laws. within security.","accepted","deterministic_source_normalization","normalized_atomic","Cross-horizon","Phase 0","SUB-E017","US-MSR-080-02","AC-MSR-080-02-08","TC-MSR-080-B1898B2E81","","No implementation evidence inferred."
"MSR-080-CE9A4F4FB3","80","SECURITY","1933","normative_prose","Never store raw payment credentials unnecessarily.","Never store raw payment credentials unnecessarily.","accepted","deterministic_source_normalization","normalized_atomic","Cross-horizon","Phase 0","SUB-E017","US-MSR-080-02","AC-MSR-080-02-09","TC-MSR-080-CE9A4F4FB3","","No implementation evidence inferred."
"MSR-080-FEAB9ADDB5","80","SECURITY","1935","normative_prose","Use payment-provider tokenization.","Use payment-provider tokenization.","accepted","deterministic_source_normalization","normalized_atomic","Cross-horizon","Phase 0","SUB-E017","US-MSR-080-02","AC-MSR-080-02-10","TC-MSR-080-FEAB9ADDB5","","No implementation evidence inferred."
"MSR-081-BCBE08988D","81","DATA RESIDENCY","1941","contextual_prose","Architect optional regional deployment.","Product and implementation decisions must conform to this master-specification constraint: Architect optional regional deployment.","accepted","deterministic_source_normalization","normalized_atomic","Cross-horizon","Phase 0","SUB-E017","US-MSR-081-01","AC-MSR-081-01-01","TC-MSR-081-BCBE08988D","","No implementation evidence inferred."
"MSR-081-5E7339F8BE","81","DATA RESIDENCY","1943","contextual_prose","Examples:","Product and implementation decisions must conform to this master-specification constraint: Examples:.","parent_context","deterministic_source_normalization","context_only","Cross-horizon","Phase 0","","","","","","Retained as context; delivery coverage is carried by child candidates."
"MSR-081-EE83330F60","81","DATA RESIDENCY","1946","bullet","India","The platform must support India within data residency.","accepted","deterministic_source_normalization","normalized_atomic","Cross-horizon","Phase 0","SUB-E017","US-MSR-081-01","AC-MSR-081-01-02","TC-MSR-081-EE83330F60","","No implementation evidence inferred."
"MSR-081-931D58814F","81","DATA RESIDENCY","1947","bullet","APAC.","The platform must support APAC. within data residency.","accepted","deterministic_source_normalization","normalized_atomic","Cross-horizon","Phase 0","SUB-E017","US-MSR-081-01","AC-MSR-081-01-03","TC-MSR-081-931D58814F","","No implementation evidence inferred."
"MSR-081-2D86E5C421","81","DATA RESIDENCY","1949","normative_prose","Tenant data residency should be configurable where required.","Tenant data residency should be configurable where required.","accepted","deterministic_source_normalization","normalized_atomic","Cross-horizon","Phase 0","SUB-E017","US-MSR-081-01","AC-MSR-081-01-04","TC-MSR-081-2D86E5C421","","No implementation evidence inferred."
"MSR-082-0F1E526906","82","TENANCY","1955","normative_prose","Support:","The tenancy architecture supports the following deployment modes.","parent_context","curated_review","context_only","Cross-horizon","Cross-cutting","","","","","","Retained as context; delivery coverage is carried by child candidates."
"MSR-082-83D62B3FFC","82","TENANCY","1956","bullet","multi-tenant SaaS","The platform must support shared multi-tenant SaaS with enforced isolation.","accepted","curated_review","validated_atomic","Cross-horizon","Phase 0","SUB-E001;SUB-E002","US-BL-001-04;US-BL-002-01","AC-BL-001-04-REQ-082-83D62B3FFC;AC-BL-002-01-REQ-082-83D62B3FFC","TC-001-04-01;TC-002-01-03","","No implementation evidence inferred."
"MSR-082-7D8E5BC459","82","TENANCY","1957","bullet","dedicated enterprise deployment.","The platform must support dedicated enterprise deployments.","accepted","curated_review","validated_atomic","Cross-horizon","Enterprise","SUB-E002","FUT-E002-01","AC-FUT-E002-01-REQ-082-7D8E5BC459","TC-E002-01-01;TC-E002-01-02","","No implementation evidence inferred."
"MSR-082-A110A8A3AA","82","TENANCY","1959","contextual_prose","Strong tenant isolation is mandatory.","Strong tenant isolation is mandatory at application and database layers.","accepted","curated_review","validated_atomic","Cross-horizon","Phase 0","SUB-E001;SUB-E017","US-BL-001-04;US-BL-017-03","AC-BL-001-04-REQ-082-A110A8A3AA;AC-BL-017-03-REQ-082-A110A8A3AA","TC-001-04-01;TC-017-03-01","","No implementation evidence inferred."
"MSR-082-8E4D03300F","82","TENANCY","1961","normative_prose","Tenant ID must be enforced throughout storage and access layers.","Tenant ID must be enforced throughout storage and access layers.","accepted","curated_review","validated_atomic","Cross-horizon","Phase 0","SUB-E001","US-BL-001-01;US-BL-001-04","AC-BL-001-01-REQ-082-8E4D03300F;AC-BL-001-04-REQ-082-8E4D03300F","TC-001-01-02;TC-001-01-03;TC-001-04-01;TC-001-04-02","","No implementation evidence inferred."
"MSR-083-6894357EB3","83","DEVELOPER EXPERIENCE","1967","normative_prose","Provide:","Provide:.","parent_context","deterministic_source_normalization","context_only","Cross-horizon","Phase 0","","","","","","Retained as context; delivery coverage is carried by child candidates."
"MSR-083-BF2E2B39BA","83","DEVELOPER EXPERIENCE","1968","bullet","API documentation","The platform must support API documentation within developer experience.","accepted","deterministic_source_normalization","normalized_atomic","Cross-horizon","Phase 0","SUB-E001","US-MSR-083-01","AC-MSR-083-01-01","TC-MSR-083-BF2E2B39BA","","No implementation evidence inferred."
"MSR-083-CA4B4334DD","83","DEVELOPER EXPERIENCE","1969","bullet","SDKs","The platform must support SDKs within developer experience.","accepted","deterministic_source_normalization","normalized_atomic","Cross-horizon","Phase 0","SUB-E001","US-MSR-083-01","AC-MSR-083-01-02","TC-MSR-083-CA4B4334DD","","No implementation evidence inferred."
"MSR-083-713B82A0B0","83","DEVELOPER EXPERIENCE","1970","bullet","CLI","The platform must support CLI within developer experience.","accepted","deterministic_source_normalization","normalized_atomic","Cross-horizon","Phase 0","SUB-E001","US-MSR-083-01","AC-MSR-083-01-03","TC-MSR-083-713B82A0B0","","No implementation evidence inferred."
"MSR-083-F6A3868F4E","83","DEVELOPER EXPERIENCE","1971","bullet","Webhook tester","The platform must support Webhook tester within developer experience.","accepted","deterministic_source_normalization","normalized_atomic","Cross-horizon","Phase 0","SUB-E001","US-MSR-083-01","AC-MSR-083-01-04","TC-MSR-083-F6A3868F4E","","No implementation evidence inferred."
"MSR-083-C7BCE0FF97","83","DEVELOPER EXPERIENCE","1972","bullet","API explorer","The platform must support API explorer within developer experience.","accepted","deterministic_source_normalization","normalized_atomic","Cross-horizon","Phase 0","SUB-E001","US-MSR-083-01","AC-MSR-083-01-05","TC-MSR-083-C7BCE0FF97","","No implementation evidence inferred."
"MSR-083-76B60CF14D","83","DEVELOPER EXPERIENCE","1973","bullet","sandbox","The platform must support sandbox within developer experience.","accepted","deterministic_source_normalization","normalized_atomic","Cross-horizon","Phase 0","SUB-E001","US-MSR-083-01","AC-MSR-083-01-06","TC-MSR-083-76B60CF14D","","No implementation evidence inferred."
"MSR-083-5DFF4CBBF8","83","DEVELOPER EXPERIENCE","1974","bullet","sample applications","The platform must support sample applications within developer experience.","accepted","deterministic_source_normalization","normalized_atomic","Cross-horizon","Phase 0","SUB-E001","US-MSR-083-01","AC-MSR-083-01-07","TC-MSR-083-5DFF4CBBF8","","No implementation evidence inferred."
"MSR-083-0732BD00EA","83","DEVELOPER EXPERIENCE","1975","bullet","event simulator","The platform must support event simulator within developer experience.","accepted","deterministic_source_normalization","normalized_atomic","Cross-horizon","Phase 0","SUB-E001","US-MSR-083-01","AC-MSR-083-01-08","TC-MSR-083-0732BD00EA","","No implementation evidence inferred."
"MSR-083-95DD441678","83","DEVELOPER EXPERIENCE","1976","bullet","usage generator","The platform must support usage generator within developer experience.","accepted","deterministic_source_normalization","normalized_atomic","Cross-horizon","Phase 0","SUB-E001","US-MSR-083-01","AC-MSR-083-01-09","TC-MSR-083-95DD441678","","No implementation evidence inferred."
"MSR-083-D0A908D473","83","DEVELOPER EXPERIENCE","1977","bullet","Postman collections.","The platform must support Postman collections. within developer experience.","accepted","deterministic_source_normalization","normalized_atomic","Cross-horizon","Phase 0","SUB-E001","US-MSR-083-01","AC-MSR-083-01-10","TC-MSR-083-D0A908D473","","No implementation evidence inferred."
"MSR-083-749512F734","83","DEVELOPER EXPERIENCE","1979","normative_prose","Developers should be able to create a simple subscription within minutes.","Developers should be able to create a simple subscription within minutes.","accepted","deterministic_source_normalization","normalized_atomic","Cross-horizon","Phase 0","SUB-E001","US-MSR-083-02","AC-MSR-083-02-01","TC-MSR-083-749512F734","","No implementation evidence inferred."
"MSR-084-194064779D","84","INTEGRATION MARKETPLACE","1985","contextual_prose","Connector framework for:","Product and implementation decisions must conform to this master-specification constraint: Connector framework for:.","parent_context","deterministic_source_normalization","context_only","Cross-horizon","Phase 5","","","","","","Retained as context; delivery coverage is carried by child candidates."
"MSR-084-67DC5340F0","84","INTEGRATION MARKETPLACE","1986","bullet","CRM","The platform must support CRM within integration marketplace.","accepted","deterministic_source_normalization","normalized_atomic","Cross-horizon","Phase 5","SUB-E016","US-MSR-084-01","AC-MSR-084-01-01","TC-MSR-084-67DC5340F0","","No implementation evidence inferred."
"MSR-084-088141E9A4","84","INTEGRATION MARKETPLACE","1987","bullet","ERP","The platform must support ERP within integration marketplace.","accepted","deterministic_source_normalization","normalized_atomic","Cross-horizon","Phase 5","SUB-E016","US-MSR-084-01","AC-MSR-084-01-02","TC-MSR-084-088141E9A4","","No implementation evidence inferred."
"MSR-084-E052E49139","84","INTEGRATION MARKETPLACE","1988","bullet","Tax","The platform must support Tax within integration marketplace.","accepted","deterministic_source_normalization","normalized_atomic","Cross-horizon","Phase 5","SUB-E016","US-MSR-084-01","AC-MSR-084-01-03","TC-MSR-084-E052E49139","","No implementation evidence inferred."
"MSR-084-02E4F68FED","84","INTEGRATION MARKETPLACE","1989","bullet","Payments","The platform must support Payments within integration marketplace.","accepted","deterministic_source_normalization","normalized_atomic","Cross-horizon","Phase 5","SUB-E016","US-MSR-084-01","AC-MSR-084-01-04","TC-MSR-084-02E4F68FED","","No implementation evidence inferred."
"MSR-084-4A82C21665","84","INTEGRATION MARKETPLACE","1990","bullet","Banks","The platform must support Banks within integration marketplace.","accepted","deterministic_source_normalization","normalized_atomic","Cross-horizon","Phase 5","SUB-E016","US-MSR-084-01","AC-MSR-084-01-05","TC-MSR-084-4A82C21665","","No implementation evidence inferred."
"MSR-084-00A095D3C8","84","INTEGRATION MARKETPLACE","1991","bullet","Data Warehouse","The platform must support Data Warehouse within integration marketplace.","accepted","deterministic_source_normalization","normalized_atomic","Cross-horizon","Phase 5","SUB-E016","US-MSR-084-01","AC-MSR-084-01-06","TC-MSR-084-00A095D3C8","","No implementation evidence inferred."
"MSR-084-A7AA8D9C15","84","INTEGRATION MARKETPLACE","1992","bullet","Messaging","The platform must support Messaging within integration marketplace.","accepted","deterministic_source_normalization","normalized_atomic","Cross-horizon","Phase 5","SUB-E016","US-MSR-084-01","AC-MSR-084-01-07","TC-MSR-084-A7AA8D9C15","","No implementation evidence inferred."
"MSR-084-B190A36067","84","INTEGRATION MARKETPLACE","1993","bullet","Customer Support","The platform must support Customer Support within integration marketplace.","accepted","deterministic_source_normalization","normalized_atomic","Cross-horizon","Phase 5","SUB-E016","US-MSR-084-01","AC-MSR-084-01-08","TC-MSR-084-B190A36067","","No implementation evidence inferred."
"MSR-084-5BBC7AE801","84","INTEGRATION MARKETPLACE","1994","bullet","Identity","The platform must support Identity within integration marketplace.","accepted","deterministic_source_normalization","normalized_atomic","Cross-horizon","Phase 5","SUB-E016","US-MSR-084-01","AC-MSR-084-01-09","TC-MSR-084-5BBC7AE801","","No implementation evidence inferred."
"MSR-084-1AA54603DB","84","INTEGRATION MARKETPLACE","1995","bullet","CPQ","The platform must support CPQ within integration marketplace.","accepted","deterministic_source_normalization","normalized_atomic","Cross-horizon","Phase 5","SUB-E016","US-MSR-084-01","AC-MSR-084-01-10","TC-MSR-084-1AA54603DB","","No implementation evidence inferred."
"MSR-084-BFE9F9C4C2","84","INTEGRATION MARKETPLACE","1996","bullet","Analytics.","The platform must support Analytics. within integration marketplace.","accepted","deterministic_source_normalization","normalized_atomic","Cross-horizon","Phase 5","SUB-E016","US-MSR-084-02","AC-MSR-084-02-01","TC-MSR-084-BFE9F9C4C2","","No implementation evidence inferred."
"MSR-084-85A60B2F1C","84","INTEGRATION MARKETPLACE","1998","contextual_prose","Examples:","Product and implementation decisions must conform to this master-specification constraint: Examples:.","parent_context","deterministic_source_normalization","context_only","Cross-horizon","Phase 5","","","","","","Retained as context; delivery coverage is carried by child candidates."
"MSR-084-6AE8330240","84","INTEGRATION MARKETPLACE","1999","bullet","Salesforce","The platform must support Salesforce within integration marketplace.","accepted","deterministic_source_normalization","normalized_atomic","Cross-horizon","Phase 5","SUB-E016","US-MSR-084-02","AC-MSR-084-02-02","TC-MSR-084-6AE8330240","","No implementation evidence inferred."
"MSR-084-A34CF88792","84","INTEGRATION MARKETPLACE","2000","bullet","SAP","The platform must support SAP within integration marketplace.","accepted","deterministic_source_normalization","normalized_atomic","Cross-horizon","Phase 5","SUB-E016","US-MSR-084-02","AC-MSR-084-02-03","TC-MSR-084-A34CF88792","","No implementation evidence inferred."
"MSR-084-7C211086EA","84","INTEGRATION MARKETPLACE","2001","bullet","Oracle","The platform must support Oracle within integration marketplace.","accepted","deterministic_source_normalization","normalized_atomic","Cross-horizon","Phase 5","SUB-E016","US-MSR-084-02","AC-MSR-084-02-04","TC-MSR-084-7C211086EA","","No implementation evidence inferred."
"MSR-084-0E940B5851","84","INTEGRATION MARKETPLACE","2002","bullet","NetSuite","The platform must support NetSuite within integration marketplace.","accepted","deterministic_source_normalization","normalized_atomic","Cross-horizon","Phase 5","SUB-E016","US-MSR-084-02","AC-MSR-084-02-05","TC-MSR-084-0E940B5851","","No implementation evidence inferred."
"MSR-084-B7E3E7DAB5","84","INTEGRATION MARKETPLACE","2003","bullet","Stripe","The platform must support Stripe within integration marketplace.","accepted","deterministic_source_normalization","normalized_atomic","Cross-horizon","Phase 5","SUB-E016","US-MSR-084-02","AC-MSR-084-02-06","TC-MSR-084-B7E3E7DAB5","","No implementation evidence inferred."
"MSR-084-A6EA8E07F3","84","INTEGRATION MARKETPLACE","2004","bullet","Adyen","The platform must support Adyen within integration marketplace.","accepted","deterministic_source_normalization","normalized_atomic","Cross-horizon","Phase 5","SUB-E016","US-MSR-084-02","AC-MSR-084-02-07","TC-MSR-084-A6EA8E07F3","","No implementation evidence inferred."
"MSR-084-1C6D86C23D","84","INTEGRATION MARKETPLACE","2005","bullet","Razorpay","The platform must support Razorpay within integration marketplace.","accepted","deterministic_source_normalization","normalized_atomic","Cross-horizon","Phase 5","SUB-E016","US-MSR-084-02","AC-MSR-084-02-08","TC-MSR-084-1C6D86C23D","","No implementation evidence inferred."
"MSR-084-2CF42DC464","84","INTEGRATION MARKETPLACE","2006","bullet","PayPal","The platform must support PayPal within integration marketplace.","accepted","deterministic_source_normalization","normalized_atomic","Cross-horizon","Phase 5","SUB-E016","US-MSR-084-02","AC-MSR-084-02-09","TC-MSR-084-2CF42DC464","","No implementation evidence inferred."
"MSR-084-B710BCB1B6","84","INTEGRATION MARKETPLACE","2007","bullet","Avalara","The platform must support Avalara within integration marketplace.","accepted","deterministic_source_normalization","normalized_atomic","Cross-horizon","Phase 5","SUB-E016","US-MSR-084-02","AC-MSR-084-02-10","TC-MSR-084-B710BCB1B6","","No implementation evidence inferred."
"MSR-084-695BED31F2","84","INTEGRATION MARKETPLACE","2008","bullet","Snowflake","The platform must support Snowflake within integration marketplace.","accepted","deterministic_source_normalization","normalized_atomic","Cross-horizon","Phase 5","SUB-E016","US-MSR-084-03","AC-MSR-084-03-01","TC-MSR-084-695BED31F2","","No implementation evidence inferred."
"MSR-084-F019153731","84","INTEGRATION MARKETPLACE","2009","bullet","Databricks","The platform must support Databricks within integration marketplace.","accepted","deterministic_source_normalization","normalized_atomic","Cross-horizon","Phase 5","SUB-E016","US-MSR-084-03","AC-MSR-084-03-02","TC-MSR-084-F019153731","","No implementation evidence inferred."
"MSR-084-DE8275290C","84","INTEGRATION MARKETPLACE","2010","bullet","Slack","The platform must support Slack within integration marketplace.","accepted","deterministic_source_normalization","normalized_atomic","Cross-horizon","Phase 5","SUB-E016","US-MSR-084-03","AC-MSR-084-03-03","TC-MSR-084-DE8275290C","","No implementation evidence inferred."
"MSR-084-1C7B95DEAC","84","INTEGRATION MARKETPLACE","2011","bullet","Teams","The platform must support Teams within integration marketplace.","accepted","deterministic_source_normalization","normalized_atomic","Cross-horizon","Phase 5","SUB-E016","US-MSR-084-03","AC-MSR-084-03-04","TC-MSR-084-1C7B95DEAC","","No implementation evidence inferred."
"MSR-084-C1338DAD86","84","INTEGRATION MARKETPLACE","2012","bullet","Twilio","The platform must support Twilio within integration marketplace.","accepted","deterministic_source_normalization","normalized_atomic","Cross-horizon","Phase 5","SUB-E016","US-MSR-084-03","AC-MSR-084-03-05","TC-MSR-084-C1338DAD86","","No implementation evidence inferred."
"MSR-084-A36EF92D61","84","INTEGRATION MARKETPLACE","2013","bullet","WhatsApp providers.","The platform must support WhatsApp providers. within integration marketplace.","accepted","deterministic_source_normalization","normalized_atomic","Cross-horizon","Phase 5","SUB-E016","US-MSR-084-03","AC-MSR-084-03-06","TC-MSR-084-A36EF92D61","","No implementation evidence inferred."
"MSR-085-4390287858","85","DIFFERENTIATION STRATEGY","2019","normative_prose","The system must not win by having a larger checklist.","The system must not win by having a larger checklist.","accepted","deterministic_source_normalization","normalized_atomic","Cross-horizon","Cross-horizon","SUB-E001","US-MSR-085-01","AC-MSR-085-01-01","TC-MSR-085-4390287858","","No implementation evidence inferred."
"MSR-085-BCB5A75EF7","85","DIFFERENTIATION STRATEGY","2021","normative_prose","It should win through six integrated advantages.","It should win through six integrated advantages.","accepted","deterministic_source_normalization","normalized_atomic","Cross-horizon","Cross-horizon","SUB-E001","US-MSR-085-01","AC-MSR-085-01-02","TC-MSR-085-BCB5A75EF7","","No implementation evidence inferred."
"MSR-085-AD4AB0CFC6","85","DIFFERENTIATION STRATEGY","2024","normative_prose","Complete traceability from product offer to accounting.","Complete traceability from product offer to accounting.","accepted","deterministic_source_normalization","normalized_atomic","Cross-horizon","Cross-horizon","SUB-E001","US-MSR-085-01","AC-MSR-085-01-03","TC-MSR-085-AD4AB0CFC6","","No implementation evidence inferred."
"MSR-085-BED654E6F3","85","DIFFERENTIATION STRATEGY","2027","normative_prose","Predict and prevent payment failure before dunning begins.","Predict and prevent payment failure before dunning begins.","accepted","deterministic_source_normalization","normalized_atomic","Cross-horizon","Cross-horizon","SUB-E001","US-MSR-085-01","AC-MSR-085-01-04","TC-MSR-085-BED654E6F3","","No implementation evidence inferred."
"MSR-085-0A4C97A6D1","85","DIFFERENTIATION STRATEGY","2030","contextual_prose","Turn billing from an opaque back-office process into a transparent consumer experience.","Product and implementation decisions must conform to this master-specification constraint: Turn billing from an opaque back-office process into a transparent consumer experience.","accepted","deterministic_source_normalization","normalized_atomic","Cross-horizon","Cross-horizon","SUB-E001","US-MSR-085-01","AC-MSR-085-01-05","TC-MSR-085-0A4C97A6D1","","No implementation evidence inferred."
"MSR-085-E1195824B1","85","DIFFERENTIATION STRATEGY","2033","normative_prose","Allow sophisticated pricing to be configured and simulated visually.","Allow sophisticated pricing to be configured and simulated visually.","accepted","deterministic_source_normalization","normalized_atomic","Cross-horizon","Cross-horizon","SUB-E001","US-MSR-085-01","AC-MSR-085-01-06","TC-MSR-085-E1195824B1","","No implementation evidence inferred."
"MSR-085-BB68ED3B94","85","DIFFERENTIATION STRATEGY","2036","normative_prose","Use bounded, explainable AI agents to identify leakage, reconcile transactions and optimize collections.","Use bounded, explainable AI agents to identify leakage, reconcile transactions and optimize collections.","accepted","deterministic_source_normalization","normalized_atomic","Cross-horizon","Cross-horizon","SUB-E001","US-MSR-085-01","AC-MSR-085-01-07","TC-MSR-085-BB68ED3B94","","No implementation evidence inferred."
"MSR-085-1CC7697344","85","DIFFERENTIATION STRATEGY","2039","contextual_prose","Everything accessible through UI, API, events, rules, workflow, and extensions.","Product and implementation decisions must conform to this master-specification constraint: Everything accessible through UI, API, events, rules, workflow, and extensions.","accepted","deterministic_source_normalization","normalized_atomic","Cross-horizon","Cross-horizon","SUB-E001","US-MSR-085-01","AC-MSR-085-01-08","TC-MSR-085-1CC7697344","","No implementation evidence inferred."
"MSR-086-C626CB91B8","86","MVP","2045","normative_prose","Do not attempt to build every enterprise feature initially.","Do not attempt to build every enterprise feature initially.","accepted","deterministic_source_normalization","normalized_atomic","MVP","MVP","SUB-E001","US-MSR-086-01","AC-MSR-086-01-01","TC-MSR-086-C626CB91B8","","No implementation evidence inferred."
"MSR-086-7D9CEBE171","86","MVP","2047","normative_prose","Build a credible vertical slice.","Build a credible vertical slice.","accepted","deterministic_source_normalization","normalized_atomic","MVP","MVP","SUB-E001","US-MSR-086-01","AC-MSR-086-01-02","TC-MSR-086-7D9CEBE171","","No implementation evidence inferred."
"MSR-086-14F9D945D2","86","MVP","2050","bullet","Authentication","The MVP must include Authentication.","accepted","deterministic_source_normalization","normalized_atomic","MVP","MVP","SUB-E001","US-MSR-086-01","AC-MSR-086-01-03","TC-MSR-086-14F9D945D2","","No implementation evidence inferred."
"MSR-086-61A33F2D1A","86","MVP","2051","bullet","Tenants","The MVP must include Tenants.","accepted","deterministic_source_normalization","normalized_atomic","MVP","MVP","SUB-E001","US-MSR-086-01","AC-MSR-086-01-04","TC-MSR-086-61A33F2D1A","","No implementation evidence inferred."
"MSR-086-AF25D8A82D","86","MVP","2052","bullet","Customers","The MVP must include Customers.","accepted","deterministic_source_normalization","normalized_atomic","MVP","MVP","SUB-E001","US-MSR-086-01","AC-MSR-086-01-05","TC-MSR-086-AF25D8A82D","","No implementation evidence inferred."
"MSR-086-D88A2A6305","86","MVP","2053","bullet","Product Catalog","The MVP must include Product Catalog.","accepted","deterministic_source_normalization","normalized_atomic","MVP","MVP","SUB-E001","US-MSR-086-01","AC-MSR-086-01-06","TC-MSR-086-D88A2A6305","","No implementation evidence inferred."
"MSR-086-67DBD6F908","86","MVP","2054","bullet","Pricing","The MVP must include Pricing.","accepted","deterministic_source_normalization","normalized_atomic","MVP","MVP","SUB-E001","US-MSR-086-01","AC-MSR-086-01-07","TC-MSR-086-67DBD6F908","","No implementation evidence inferred."
"MSR-086-7EAB7B82E0","86","MVP","2055","bullet","Subscriptions","The MVP must include Subscriptions.","accepted","deterministic_source_normalization","normalized_atomic","MVP","MVP","SUB-E001","US-MSR-086-01","AC-MSR-086-01-08","TC-MSR-086-7EAB7B82E0","","No implementation evidence inferred."
"MSR-086-A676356B06","86","MVP","2056","bullet","Invoices","The MVP must include Invoices.","accepted","deterministic_source_normalization","normalized_atomic","MVP","MVP","SUB-E001","US-MSR-086-01","AC-MSR-086-01-09","TC-MSR-086-A676356B06","","No implementation evidence inferred."
"MSR-086-97006051DE","86","MVP","2057","bullet","Payment integration","The MVP must include Payment integration.","accepted","deterministic_source_normalization","normalized_atomic","MVP","MVP","SUB-E001","US-MSR-086-01","AC-MSR-086-01-10","TC-MSR-086-97006051DE","","No implementation evidence inferred."
"MSR-086-90B4BD15BB","86","MVP","2058","bullet","Payment methods","The MVP must include Payment methods.","accepted","deterministic_source_normalization","normalized_atomic","MVP","MVP","SUB-E001","US-MSR-086-02","AC-MSR-086-02-01","TC-MSR-086-90B4BD15BB","","No implementation evidence inferred."
"MSR-086-6CDBC4C476","86","MVP","2059","bullet","Basic usage metering","The MVP must include Basic usage metering.","accepted","deterministic_source_normalization","normalized_atomic","MVP","MVP","SUB-E001","US-MSR-086-02","AC-MSR-086-02-02","TC-MSR-086-6CDBC4C476","","No implementation evidence inferred."
"MSR-086-41AC3E95FC","86","MVP","2060","bullet","Dunning","The MVP must include Dunning.","accepted","deterministic_source_normalization","normalized_atomic","MVP","MVP","SUB-E001","US-MSR-086-02","AC-MSR-086-02-03","TC-MSR-086-41AC3E95FC","","No implementation evidence inferred."
"MSR-086-191293E72E","86","MVP","2061","bullet","Customer portal","The MVP must include Customer portal.","accepted","deterministic_source_normalization","normalized_atomic","MVP","MVP","SUB-E001","US-MSR-086-02","AC-MSR-086-02-04","TC-MSR-086-191293E72E","","No implementation evidence inferred."
"MSR-086-34F24E9D58","86","MVP","2062","bullet","Notifications","The MVP must include Notifications.","accepted","deterministic_source_normalization","normalized_atomic","MVP","MVP","SUB-E001","US-MSR-086-02","AC-MSR-086-02-05","TC-MSR-086-34F24E9D58","","No implementation evidence inferred."
"MSR-086-3D911989E1","86","MVP","2063","bullet","Basic reporting","The MVP must include Basic reporting.","accepted","deterministic_source_normalization","normalized_atomic","MVP","MVP","SUB-E001","US-MSR-086-02","AC-MSR-086-02-06","TC-MSR-086-3D911989E1","","No implementation evidence inferred."
"MSR-086-5F5C7F43FB","86","MVP","2064","bullet","Audit.","The MVP must include Audit.","accepted","deterministic_source_normalization","normalized_atomic","MVP","MVP","SUB-E001","US-MSR-086-02","AC-MSR-086-02-07","TC-MSR-086-5F5C7F43FB","","No implementation evidence inferred."
"MSR-086-44F67285A2","86","MVP","2066","normative_prose","Support initially:","Support initially:.","parent_context","deterministic_source_normalization","context_only","MVP","MVP","","","","","","Retained as context; delivery coverage is carried by child candidates."
"MSR-086-7070DDA7E2","86","MVP","2067","bullet","flat recurring","The MVP must include flat recurring.","accepted","deterministic_source_normalization","normalized_atomic","MVP","MVP","SUB-E001","US-MSR-086-02","AC-MSR-086-02-08","TC-MSR-086-7070DDA7E2","","No implementation evidence inferred."
"MSR-086-9CF785B89A","86","MVP","2068","bullet","per-seat","The MVP must include per-seat.","accepted","deterministic_source_normalization","normalized_atomic","MVP","MVP","SUB-E001","US-MSR-086-02","AC-MSR-086-02-09","TC-MSR-086-9CF785B89A","","No implementation evidence inferred."
"MSR-086-154A53A710","86","MVP","2069","bullet","usage-based","The MVP must include usage-based.","accepted","deterministic_source_normalization","normalized_atomic","MVP","MVP","SUB-E001","US-MSR-086-02","AC-MSR-086-02-10","TC-MSR-086-154A53A710","","No implementation evidence inferred."
"MSR-086-CC0E8573B9","86","MVP","2070","bullet","tiered","The MVP must include tiered.","accepted","deterministic_source_normalization","normalized_atomic","MVP","MVP","SUB-E001","US-MSR-086-03","AC-MSR-086-03-01","TC-MSR-086-CC0E8573B9","","No implementation evidence inferred."
"MSR-086-92DBA55A1F","86","MVP","2071","bullet","one-time charges.","The MVP must include one-time charges.","accepted","deterministic_source_normalization","normalized_atomic","MVP","MVP","SUB-E001","US-MSR-086-03","AC-MSR-086-03-02","TC-MSR-086-92DBA55A1F","","No implementation evidence inferred."
"MSR-086-135BB60B51","86","MVP","2073","contextual_prose","Payment connectors:","Product and implementation decisions must conform to this master-specification constraint: Payment connectors:.","parent_context","deterministic_source_normalization","context_only","MVP","MVP","","","","","","Retained as context; delivery coverage is carried by child candidates."
"MSR-086-3CC8167F55","86","MVP","2074","bullet","Stripe plus a provider abstraction layer.","The MVP must include Stripe plus a provider abstraction layer.","accepted","deterministic_source_normalization","normalized_atomic","MVP","MVP","SUB-E001","US-MSR-086-03","AC-MSR-086-03-03","TC-MSR-086-3CC8167F55","","No implementation evidence inferred."
"MSR-086-8951C4CFCC","86","MVP","2076","normative_prose","If targeting India, add Razorpay/UPI early.","If targeting India, add Razorpay/UPI early.","accepted","deterministic_source_normalization","normalized_atomic","MVP","MVP","SUB-E001","US-MSR-086-03","AC-MSR-086-03-04","TC-MSR-086-8951C4CFCC","","No implementation evidence inferred."
"MSR-087-A9CE39DEF4","87","MVP DIFFERENTIATOR","2082","normative_prose","Even the MVP must contain one differentiator competitors cannot dismiss as merely another billing UI.","Even the MVP must contain one differentiator competitors cannot dismiss as merely another billing UI.","accepted","deterministic_source_normalization","normalized_atomic","MVP","MVP","SUB-E001","US-MSR-087-01","AC-MSR-087-01-01","TC-MSR-087-A9CE39DEF4","","No implementation evidence inferred."
"MSR-087-D56344EFA3","87","MVP DIFFERENTIATOR","2084","normative_prose","Implement:","Implement:.","parent_context","deterministic_source_normalization","context_only","MVP","MVP","","","","","","Retained as context; delivery coverage is carried by child candidates."
"MSR-087-7AD2DC13C3","87","MVP DIFFERENTIATOR","2088","normative_prose","For every customer display:","For every customer display:.","parent_context","deterministic_source_normalization","context_only","MVP","MVP","","","","","","Retained as context; delivery coverage is carried by child candidates."
"MSR-087-BE20E88FE9","87","MVP DIFFERENTIATOR","2089","bullet","Upcoming Amount","The MVP must include Upcoming Amount.","accepted","deterministic_source_normalization","normalized_atomic","MVP","MVP","SUB-E001","US-MSR-087-01","AC-MSR-087-01-02","TC-MSR-087-BE20E88FE9","","No implementation evidence inferred."
"MSR-087-57CBA704B5","87","MVP DIFFERENTIATOR","2090","bullet","Payment Risk","The MVP must include Payment Risk.","accepted","deterministic_source_normalization","normalized_atomic","MVP","MVP","SUB-E001","US-MSR-087-01","AC-MSR-087-01-03","TC-MSR-087-57CBA704B5","","No implementation evidence inferred."
"MSR-087-F404052603","87","MVP DIFFERENTIATOR","2091","bullet","Preferred Payment Channel","The MVP must include Preferred Payment Channel.","accepted","deterministic_source_normalization","normalized_atomic","MVP","MVP","SUB-E001","US-MSR-087-01","AC-MSR-087-01-04","TC-MSR-087-F404052603","","No implementation evidence inferred."
"MSR-087-67F2258C33","87","MVP DIFFERENTIATOR","2092","bullet","Next Best Collection Action.","The MVP must include Next Best Collection Action.","accepted","deterministic_source_normalization","normalized_atomic","MVP","MVP","SUB-E001","US-MSR-087-01","AC-MSR-087-01-05","TC-MSR-087-67F2258C33","","No implementation evidence inferred."
"MSR-088-39CCDBE742","88","SECOND RELEASE","2098","normative_prose","Add:","Add:.","parent_context","deterministic_source_normalization","context_only","Release 2","Release 2","","","","","","Retained as context; delivery coverage is carried by child candidates."
"MSR-088-20A382F2C6","88","SECOND RELEASE","2099","bullet","Contracts","The second release must include Contracts.","accepted","deterministic_source_normalization","normalized_atomic","Release 2","Release 2","SUB-E001","US-MSR-088-01","AC-MSR-088-01-01","TC-MSR-088-20A382F2C6","","No implementation evidence inferred."
"MSR-088-07578CB9B0","88","SECOND RELEASE","2100","bullet","Entitlements","The second release must include Entitlements.","accepted","deterministic_source_normalization","normalized_atomic","Release 2","Release 2","SUB-E001","US-MSR-088-01","AC-MSR-088-01-02","TC-MSR-088-07578CB9B0","","No implementation evidence inferred."
"MSR-088-3248EB6DD3","88","SECOND RELEASE","2101","bullet","Advanced usage","The second release must include Advanced usage.","accepted","deterministic_source_normalization","normalized_atomic","Release 2","Release 2","SUB-E001","US-MSR-088-01","AC-MSR-088-01-03","TC-MSR-088-3248EB6DD3","","No implementation evidence inferred."
"MSR-088-4A097A990B","88","SECOND RELEASE","2102","bullet","Rating","The second release must include Rating.","accepted","deterministic_source_normalization","normalized_atomic","Release 2","Release 2","SUB-E001","US-MSR-088-01","AC-MSR-088-01-04","TC-MSR-088-4A097A990B","","No implementation evidence inferred."
"MSR-088-405EAC9861","88","SECOND RELEASE","2103","bullet","Payment orchestration","The second release must include Payment orchestration.","accepted","deterministic_source_normalization","normalized_atomic","Release 2","Release 2","SUB-E001","US-MSR-088-01","AC-MSR-088-01-05","TC-MSR-088-405EAC9861","","No implementation evidence inferred."
"MSR-088-88A8622AD4","88","SECOND RELEASE","2104","bullet","Revenue leakage","The second release must include Revenue leakage.","accepted","deterministic_source_normalization","normalized_atomic","Release 2","Release 2","SUB-E001","US-MSR-088-01","AC-MSR-088-01-06","TC-MSR-088-88A8622AD4","","No implementation evidence inferred."
"MSR-088-3DAA543C8D","88","SECOND RELEASE","2105","bullet","Advanced analytics","The second release must include Advanced analytics.","accepted","deterministic_source_normalization","normalized_atomic","Release 2","Release 2","SUB-E001","US-MSR-088-01","AC-MSR-088-01-07","TC-MSR-088-3DAA543C8D","","No implementation evidence inferred."
"MSR-088-1087FF1927","88","SECOND RELEASE","2106","bullet","Collections workflows","The second release must include Collections workflows.","accepted","deterministic_source_normalization","normalized_atomic","Release 2","Release 2","SUB-E001","US-MSR-088-01","AC-MSR-088-01-08","TC-MSR-088-1087FF1927","","No implementation evidence inferred."
"MSR-088-5DA2D8F138","88","SECOND RELEASE","2107","bullet","Multi-currency","The second release must include Multi-currency.","accepted","deterministic_source_normalization","normalized_atomic","Release 2","Release 2","SUB-E001","US-MSR-088-01","AC-MSR-088-01-09","TC-MSR-088-5DA2D8F138","","No implementation evidence inferred."
"MSR-088-D9D8E17161","88","SECOND RELEASE","2108","bullet","Multi-entity","The second release must include Multi-entity.","accepted","deterministic_source_normalization","normalized_atomic","Release 2","Release 2","SUB-E001","US-MSR-088-01","AC-MSR-088-01-10","TC-MSR-088-D9D8E17161","","No implementation evidence inferred."
"MSR-088-F3D1A2C614","88","SECOND RELEASE","2109","bullet","Tax abstraction","The second release must include Tax abstraction.","accepted","deterministic_source_normalization","normalized_atomic","Release 2","Release 2","SUB-E001","US-MSR-088-02","AC-MSR-088-02-01","TC-MSR-088-F3D1A2C614","","No implementation evidence inferred."
"MSR-088-C5322E2C7B","88","SECOND RELEASE","2110","bullet","ERP integration.","The second release must include ERP integration.","accepted","deterministic_source_normalization","normalized_atomic","Release 2","Release 2","SUB-E001","US-MSR-088-02","AC-MSR-088-02-02","TC-MSR-088-C5322E2C7B","","No implementation evidence inferred."
"MSR-089-9E221F877B","89","ENTERPRISE RELEASE","2116","normative_prose","Add:","Add:.","parent_context","deterministic_source_normalization","context_only","Enterprise","Enterprise","","","","","","Retained as context; delivery coverage is carried by child candidates."
"MSR-089-A88B4B0662","89","ENTERPRISE RELEASE","2117","bullet","Revenue recognition","The enterprise release must include Revenue recognition.","accepted","deterministic_source_normalization","normalized_atomic","Enterprise","Enterprise","SUB-E001","US-MSR-089-01","AC-MSR-089-01-01","TC-MSR-089-A88B4B0662","","No implementation evidence inferred."
"MSR-089-1AF512AB29","89","ENTERPRISE RELEASE","2118","bullet","Marketplace","The enterprise release must include Marketplace.","accepted","deterministic_source_normalization","normalized_atomic","Enterprise","Enterprise","SUB-E001","US-MSR-089-01","AC-MSR-089-01-02","TC-MSR-089-1AF512AB29","","No implementation evidence inferred."
"MSR-089-A67A5C9AF2","89","ENTERPRISE RELEASE","2119","bullet","Advanced reconciliation","The enterprise release must include Advanced reconciliation.","accepted","deterministic_source_normalization","normalized_atomic","Enterprise","Enterprise","SUB-E001","US-MSR-089-01","AC-MSR-089-01-03","TC-MSR-089-A67A5C9AF2","","No implementation evidence inferred."
"MSR-089-D56F47A6D0","89","ENTERPRISE RELEASE","2120","bullet","Advanced CPQ","The enterprise release must include Advanced CPQ.","accepted","deterministic_source_normalization","normalized_atomic","Enterprise","Enterprise","SUB-E001","US-MSR-089-01","AC-MSR-089-01-04","TC-MSR-089-D56F47A6D0","","No implementation evidence inferred."
"MSR-089-19AB1D903A","89","ENTERPRISE RELEASE","2121","bullet","AI agents","The enterprise release must include AI agents.","accepted","deterministic_source_normalization","normalized_atomic","Enterprise","Enterprise","SUB-E001","US-MSR-089-01","AC-MSR-089-01-05","TC-MSR-089-19AB1D903A","","No implementation evidence inferred."
"MSR-089-9C030B3C22","89","ENTERPRISE RELEASE","2122","bullet","Configuration promotion","The enterprise release must include Configuration promotion.","accepted","deterministic_source_normalization","normalized_atomic","Enterprise","Enterprise","SUB-E001","US-MSR-089-01","AC-MSR-089-01-06","TC-MSR-089-9C030B3C22","","No implementation evidence inferred."
"MSR-089-45D1A55BFD","89","ENTERPRISE RELEASE","2123","bullet","Complex contract amendments","The enterprise release must include Complex contract amendments.","accepted","deterministic_source_normalization","normalized_atomic","Enterprise","Enterprise","SUB-E001","US-MSR-089-01","AC-MSR-089-01-07","TC-MSR-089-45D1A55BFD","","No implementation evidence inferred."
"MSR-089-CC9C2F11E3","89","ENTERPRISE RELEASE","2124","bullet","Revenue forecasting","The enterprise release must include Revenue forecasting.","accepted","deterministic_source_normalization","normalized_atomic","Enterprise","Enterprise","SUB-E001","US-MSR-089-01","AC-MSR-089-01-08","TC-MSR-089-CC9C2F11E3","","No implementation evidence inferred."
"MSR-089-249A8B2208","89","ENTERPRISE RELEASE","2125","bullet","Regional deployments","The enterprise release must include Regional deployments.","accepted","deterministic_source_normalization","normalized_atomic","Enterprise","Enterprise","SUB-E001","US-MSR-089-01","AC-MSR-089-01-09","TC-MSR-089-249A8B2208","","No implementation evidence inferred."
"MSR-089-D8E3CF2D51","89","ENTERPRISE RELEASE","2126","bullet","Enterprise governance.","The enterprise release must include Enterprise governance.","accepted","deterministic_source_normalization","normalized_atomic","Enterprise","Enterprise","SUB-E001","US-MSR-089-01","AC-MSR-089-01-10","TC-MSR-089-D8E3CF2D51","","No implementation evidence inferred."
"MSR-090-5F6009FFB2","90","RECOMMENDED TECHNICAL ARCHITECTURE","2132","normative_prose","Select technologies pragmatically and justify choices.","Select technologies pragmatically and justify choices.","accepted","deterministic_source_normalization","normalized_atomic","Cross-horizon","Phase 0","SUB-E001","US-MSR-090-01","AC-MSR-090-01-01","TC-MSR-090-5F6009FFB2","","No implementation evidence inferred."
"MSR-090-CE2726F9C8","90","RECOMMENDED TECHNICAL ARCHITECTURE","2134","normative_prose","A viable architecture could use:","A viable architecture could use:.","parent_context","deterministic_source_normalization","context_only","Cross-horizon","Phase 0","","","","","","Retained as context; delivery coverage is carried by child candidates."
"MSR-090-306F868593","90","RECOMMENDED TECHNICAL ARCHITECTURE","2136","contextual_prose","Frontend:","Product and implementation decisions must conform to this master-specification constraint: Frontend:.","parent_context","deterministic_source_normalization","context_only","Cross-horizon","Phase 0","","","","","","Retained as context; delivery coverage is carried by child candidates."
"MSR-090-CAC307AC96","90","RECOMMENDED TECHNICAL ARCHITECTURE","2137","bullet","React / Next.js","The platform must support React / Next.js within recommended technical architecture.","accepted","deterministic_source_normalization","normalized_atomic","Cross-horizon","Phase 0","SUB-E001","US-MSR-090-01","AC-MSR-090-01-02","TC-MSR-090-CAC307AC96","","No implementation evidence inferred."
"MSR-090-8AFCD73833","90","RECOMMENDED TECHNICAL ARCHITECTURE","2138","bullet","TypeScript","The platform must support TypeScript within recommended technical architecture.","accepted","deterministic_source_normalization","normalized_atomic","Cross-horizon","Phase 0","SUB-E001","US-MSR-090-01","AC-MSR-090-01-03","TC-MSR-090-8AFCD73833","","No implementation evidence inferred."
"MSR-090-96587BF4B7","90","RECOMMENDED TECHNICAL ARCHITECTURE","2140","contextual_prose","Design System:","Product and implementation decisions must conform to this master-specification constraint: Design System:.","parent_context","deterministic_source_normalization","context_only","Cross-horizon","Phase 0","","","","","","Retained as context; delivery coverage is carried by child candidates."
"MSR-090-CA801A0147","90","RECOMMENDED TECHNICAL ARCHITECTURE","2141","bullet","component-based accessible design system","The platform must support component-based accessible design system within recommended technical architecture.","accepted","deterministic_source_normalization","normalized_atomic","Cross-horizon","Phase 0","SUB-E001","US-MSR-090-01","AC-MSR-090-01-04","TC-MSR-090-CA801A0147","","No implementation evidence inferred."
"MSR-090-70F8420D3D","90","RECOMMENDED TECHNICAL ARCHITECTURE","2143","contextual_prose","Backend:","Product and implementation decisions must conform to this master-specification constraint: Backend:.","parent_context","deterministic_source_normalization","context_only","Cross-horizon","Phase 0","","","","","","Retained as context; delivery coverage is carried by child candidates."
"MSR-090-713FD78F07","90","RECOMMENDED TECHNICAL ARCHITECTURE","2144","bullet","TypeScript/Node, Java/Kotlin or Go depending domain","The platform must support TypeScript/Node, Java/Kotlin or Go depending domain within recommended technical architecture.","accepted","deterministic_source_normalization","normalized_atomic","Cross-horizon","Phase 0","SUB-E001","US-MSR-090-01","AC-MSR-090-01-05","TC-MSR-090-713FD78F07","","No implementation evidence inferred."
"MSR-090-6AF806F225","90","RECOMMENDED TECHNICAL ARCHITECTURE","2146","contextual_prose","API:","Product and implementation decisions must conform to this master-specification constraint: API:.","parent_context","deterministic_source_normalization","context_only","Cross-horizon","Phase 0","","","","","","Retained as context; delivery coverage is carried by child candidates."
"MSR-090-1FE0BA6443","90","RECOMMENDED TECHNICAL ARCHITECTURE","2147","bullet","REST","The platform must support REST within recommended technical architecture.","accepted","deterministic_source_normalization","normalized_atomic","Cross-horizon","Phase 0","SUB-E001","US-MSR-090-01","AC-MSR-090-01-06","TC-MSR-090-1FE0BA6443","","No implementation evidence inferred."
"MSR-090-F19D683CCB","90","RECOMMENDED TECHNICAL ARCHITECTURE","2148","bullet","OpenAPI","The platform must support OpenAPI within recommended technical architecture.","accepted","deterministic_source_normalization","normalized_atomic","Cross-horizon","Phase 0","SUB-E001","US-MSR-090-01","AC-MSR-090-01-07","TC-MSR-090-F19D683CCB","","No implementation evidence inferred."
"MSR-090-720D52F9F6","90","RECOMMENDED TECHNICAL ARCHITECTURE","2150","contextual_prose","Database:","Product and implementation decisions must conform to this master-specification constraint: Database:.","parent_context","deterministic_source_normalization","context_only","Cross-horizon","Phase 0","","","","","","Retained as context; delivery coverage is carried by child candidates."
"MSR-090-FB03726C36","90","RECOMMENDED TECHNICAL ARCHITECTURE","2151","bullet","PostgreSQL","The platform must support PostgreSQL within recommended technical architecture.","accepted","deterministic_source_normalization","normalized_atomic","Cross-horizon","Phase 0","SUB-E001","US-MSR-090-01","AC-MSR-090-01-08","TC-MSR-090-FB03726C36","","No implementation evidence inferred."
"MSR-090-834EA22A0E","90","RECOMMENDED TECHNICAL ARCHITECTURE","2153","contextual_prose","Cache:","Product and implementation decisions must conform to this master-specification constraint: Cache:.","parent_context","deterministic_source_normalization","context_only","Cross-horizon","Phase 0","","","","","","Retained as context; delivery coverage is carried by child candidates."
"MSR-090-8A3DA7F87A","90","RECOMMENDED TECHNICAL ARCHITECTURE","2154","bullet","Redis","The platform must support Redis within recommended technical architecture.","accepted","deterministic_source_normalization","normalized_atomic","Cross-horizon","Phase 0","SUB-E001","US-MSR-090-01","AC-MSR-090-01-09","TC-MSR-090-8A3DA7F87A","","No implementation evidence inferred."
"MSR-090-2CFBE1A63A","90","RECOMMENDED TECHNICAL ARCHITECTURE","2156","contextual_prose","Event streaming:","Product and implementation decisions must conform to this master-specification constraint: Event streaming:.","parent_context","deterministic_source_normalization","context_only","Cross-horizon","Phase 0","","","","","","Retained as context; delivery coverage is carried by child candidates."
"MSR-090-5561C806FD","90","RECOMMENDED TECHNICAL ARCHITECTURE","2157","bullet","Kafka-compatible platform","The platform must support Kafka-compatible platform within recommended technical architecture.","accepted","deterministic_source_normalization","normalized_atomic","Cross-horizon","Phase 0","SUB-E001","US-MSR-090-01","AC-MSR-090-01-10","TC-MSR-090-5561C806FD","","No implementation evidence inferred."
"MSR-090-8E28FA8124","90","RECOMMENDED TECHNICAL ARCHITECTURE","2159","contextual_prose","Search:","Product and implementation decisions must conform to this master-specification constraint: Search:.","parent_context","deterministic_source_normalization","context_only","Cross-horizon","Phase 0","","","","","","Retained as context; delivery coverage is carried by child candidates."
"MSR-090-16CAA1F141","90","RECOMMENDED TECHNICAL ARCHITECTURE","2160","bullet","OpenSearch","The platform must support OpenSearch within recommended technical architecture.","accepted","deterministic_source_normalization","normalized_atomic","Cross-horizon","Phase 0","SUB-E001","US-MSR-090-02","AC-MSR-090-02-01","TC-MSR-090-16CAA1F141","","No implementation evidence inferred."
"MSR-090-A207AE475B","90","RECOMMENDED TECHNICAL ARCHITECTURE","2162","contextual_prose","Analytics:","Product and implementation decisions must conform to this master-specification constraint: Analytics:.","parent_context","deterministic_source_normalization","context_only","Cross-horizon","Phase 0","","","","","","Retained as context; delivery coverage is carried by child candidates."
"MSR-090-85188E00CC","90","RECOMMENDED TECHNICAL ARCHITECTURE","2163","bullet","columnar warehouse/ClickHouse-style architecture where appropriate","The platform must support columnar warehouse/ClickHouse-style architecture where appropriate within recommended technical architecture.","accepted","deterministic_source_normalization","normalized_atomic","Cross-horizon","Phase 0","SUB-E001","US-MSR-090-02","AC-MSR-090-02-02","TC-MSR-090-85188E00CC","","No implementation evidence inferred."
"MSR-090-84EC9D9834","90","RECOMMENDED TECHNICAL ARCHITECTURE","2165","contextual_prose","Object storage:","Product and implementation decisions must conform to this master-specification constraint: Object storage:.","parent_context","deterministic_source_normalization","context_only","Cross-horizon","Phase 0","","","","","","Retained as context; delivery coverage is carried by child candidates."
"MSR-090-45D2FD28BE","90","RECOMMENDED TECHNICAL ARCHITECTURE","2166","bullet","S3-compatible storage","The platform must support S3-compatible storage within recommended technical architecture.","accepted","deterministic_source_normalization","normalized_atomic","Cross-horizon","Phase 0","SUB-E001","US-MSR-090-02","AC-MSR-090-02-03","TC-MSR-090-45D2FD28BE","","No implementation evidence inferred."
"MSR-090-FBAAA9DD6E","90","RECOMMENDED TECHNICAL ARCHITECTURE","2168","contextual_prose","Workflow:","Product and implementation decisions must conform to this master-specification constraint: Workflow:.","parent_context","deterministic_source_normalization","context_only","Cross-horizon","Phase 0","","","","","","Retained as context; delivery coverage is carried by child candidates."
"MSR-090-C6420AB693","90","RECOMMENDED TECHNICAL ARCHITECTURE","2169","bullet","Temporal-style durable workflow orchestration","The platform must support Temporal-style durable workflow orchestration within recommended technical architecture.","accepted","deterministic_source_normalization","normalized_atomic","Cross-horizon","Phase 0","SUB-E001","US-MSR-090-02","AC-MSR-090-02-04","TC-MSR-090-C6420AB693","","No implementation evidence inferred."
"MSR-090-6D68DDDBF8","90","RECOMMENDED TECHNICAL ARCHITECTURE","2171","contextual_prose","Observability:","Product and implementation decisions must conform to this master-specification constraint: Observability:.","parent_context","deterministic_source_normalization","context_only","Cross-horizon","Phase 0","","","","","","Retained as context; delivery coverage is carried by child candidates."
"MSR-090-A97D83B0C2","90","RECOMMENDED TECHNICAL ARCHITECTURE","2172","bullet","OpenTelemetry","The platform must support OpenTelemetry within recommended technical architecture.","accepted","deterministic_source_normalization","normalized_atomic","Cross-horizon","Phase 0","SUB-E001","US-MSR-090-02","AC-MSR-090-02-05","TC-MSR-090-A97D83B0C2","","No implementation evidence inferred."
"MSR-090-C51CF1F1A4","90","RECOMMENDED TECHNICAL ARCHITECTURE","2174","contextual_prose","Deployment:","Product and implementation decisions must conform to this master-specification constraint: Deployment:.","parent_context","deterministic_source_normalization","context_only","Cross-horizon","Phase 0","","","","","","Retained as context; delivery coverage is carried by child candidates."
"MSR-090-6106C60635","90","RECOMMENDED TECHNICAL ARCHITECTURE","2175","bullet","Docker","The platform must support Docker within recommended technical architecture.","accepted","deterministic_source_normalization","normalized_atomic","Cross-horizon","Phase 0","SUB-E001","US-MSR-090-02","AC-MSR-090-02-06","TC-MSR-090-6106C60635","","No implementation evidence inferred."
"MSR-090-3F325CF76D","90","RECOMMENDED TECHNICAL ARCHITECTURE","2176","bullet","Kubernetes where justified.","The platform must support Kubernetes where justified. within recommended technical architecture.","accepted","deterministic_source_normalization","normalized_atomic","Cross-horizon","Phase 0","SUB-E001","US-MSR-090-02","AC-MSR-090-02-07","TC-MSR-090-3F325CF76D","","No implementation evidence inferred."
"MSR-090-5D84FBB0AB","90","RECOMMENDED TECHNICAL ARCHITECTURE","2178","normative_prose","Do not introduce technology simply because it is fashionable.","Do not introduce technology simply because it is fashionable.","accepted","deterministic_source_normalization","normalized_atomic","Cross-horizon","Phase 0","SUB-E001","US-MSR-090-02","AC-MSR-090-02-08","TC-MSR-090-5D84FBB0AB","","No implementation evidence inferred."
"MSR-091-43654132B2","91","DATA MODEL","2184","normative_prose","Define initial entities including:","Define initial entities including:.","parent_context","deterministic_source_normalization","context_only","Cross-horizon","Phase 0","","","","","","Retained as context; delivery coverage is carried by child candidates."
"MSR-091-D1CEB1EF2A","91","DATA MODEL","2186","normative_prose","Tenant, User, Role, Customer, Account, Contact, Product, ProductVersion, Offer, Plan, RateCard, PriceRule, Contract, ContractAmendment, Subscription, SubscriptionItem, Entitlement, Meter, UsageEvent, RatedEvent, Charge, Invoice, InvoiceLine, CreditNote, Payment, PaymentAttempt, PaymentMethod, Gateway, Refund, CollectionCase, DunningCampaign, Communication, TaxRecord, RevenueSchedule, JournalEntry, Settlement, ReconciliationMatch, Workflow, Rule, AuditEvent.","Tenant, User, Role, Customer, Account, Contact, Product, ProductVersion, Offer, Plan, RateCard, PriceRule, Contract, ContractAmendment, Subscription, SubscriptionItem, Entitlement, Meter, UsageEvent, RatedEvent, Charge, Invoice, InvoiceLine, CreditNote, Payment, PaymentAttempt, PaymentMethod, Gateway, Refund, CollectionCase, DunningCampaign, Communication, TaxRecord, RevenueSchedule, JournalEntry, Settlement, ReconciliationMatch, Workflow, Rule, AuditEvent.","accepted","deterministic_source_normalization","normalized_atomic","Cross-horizon","Phase 0","SUB-E001","US-MSR-091-01","AC-MSR-091-01-01","TC-MSR-091-D1CEB1EF2A","","No implementation evidence inferred."
"MSR-091-97BB6388C9","91","DATA MODEL","2188","normative_prose","For each entity provide:","For each entity provide:.","parent_context","deterministic_source_normalization","context_only","Cross-horizon","Phase 0","","","","","","Retained as context; delivery coverage is carried by child candidates."
"MSR-091-D7FC027C9B","91","DATA MODEL","2189","bullet","primary key","The platform must support primary key within data model.","accepted","deterministic_source_normalization","normalized_atomic","Cross-horizon","Phase 0","SUB-E001","US-MSR-091-01","AC-MSR-091-01-02","TC-MSR-091-D7FC027C9B","","No implementation evidence inferred."
"MSR-091-C5ED572D20","91","DATA MODEL","2190","bullet","tenant key","The platform must support tenant key within data model.","accepted","deterministic_source_normalization","normalized_atomic","Cross-horizon","Phase 0","SUB-E001","US-MSR-091-01","AC-MSR-091-01-03","TC-MSR-091-C5ED572D20","","No implementation evidence inferred."
"MSR-091-1AB300F1AA","91","DATA MODEL","2191","bullet","business key","The platform must support business key within data model.","accepted","deterministic_source_normalization","normalized_atomic","Cross-horizon","Phase 0","SUB-E001","US-MSR-091-01","AC-MSR-091-01-04","TC-MSR-091-1AB300F1AA","","No implementation evidence inferred."
"MSR-091-E201DA9BF6","91","DATA MODEL","2192","bullet","important attributes","The platform must support important attributes within data model.","accepted","deterministic_source_normalization","normalized_atomic","Cross-horizon","Phase 0","SUB-E001","US-MSR-091-01","AC-MSR-091-01-05","TC-MSR-091-E201DA9BF6","","No implementation evidence inferred."
"MSR-091-4E1A1300C6","91","DATA MODEL","2193","bullet","relationships","The platform must support relationships within data model.","accepted","deterministic_source_normalization","normalized_atomic","Cross-horizon","Phase 0","SUB-E001","US-MSR-091-01","AC-MSR-091-01-06","TC-MSR-091-4E1A1300C6","","No implementation evidence inferred."
"MSR-091-3A47E4C2E4","91","DATA MODEL","2194","bullet","status transitions","The platform must support status transitions within data model.","accepted","deterministic_source_normalization","normalized_atomic","Cross-horizon","Phase 0","SUB-E001","US-MSR-091-01","AC-MSR-091-01-07","TC-MSR-091-3A47E4C2E4","","No implementation evidence inferred."
"MSR-091-102AAA7D4C","91","DATA MODEL","2195","bullet","audit fields.","The platform must support audit fields. within data model.","accepted","deterministic_source_normalization","normalized_atomic","Cross-horizon","Phase 0","SUB-E001","US-MSR-091-01","AC-MSR-091-01-08","TC-MSR-091-102AAA7D4C","","No implementation evidence inferred."
"MSR-092-57761FAB5C","92","API CONTRACT","2201","normative_prose","Produce OpenAPI specifications for MVP endpoints.","Produce OpenAPI specifications for MVP endpoints.","accepted","deterministic_source_normalization","normalized_atomic","Cross-horizon","Phase 0","SUB-E016","US-MSR-092-01","AC-MSR-092-01-01","TC-MSR-092-57761FAB5C","","No implementation evidence inferred."
"MSR-092-C8D99D31CA","92","API CONTRACT","2203","contextual_prose","At minimum:","Product and implementation decisions must conform to this master-specification constraint: At minimum:.","parent_context","deterministic_source_normalization","context_only","Cross-horizon","Phase 0","","","","","","Retained as context; delivery coverage is carried by child candidates."
"MSR-092-CB8ECBD5EB","92","API CONTRACT","2204","bullet","/customers","The platform must support /customers within api contract.","accepted","deterministic_source_normalization","normalized_atomic","Cross-horizon","Phase 0","SUB-E016","US-MSR-092-01","AC-MSR-092-01-02","TC-MSR-092-CB8ECBD5EB","","No implementation evidence inferred."
"MSR-092-DA8E9C917C","92","API CONTRACT","2205","bullet","/products","The platform must support /products within api contract.","accepted","deterministic_source_normalization","normalized_atomic","Cross-horizon","Phase 0","SUB-E016","US-MSR-092-01","AC-MSR-092-01-03","TC-MSR-092-DA8E9C917C","","No implementation evidence inferred."
"MSR-092-CAC742AB02","92","API CONTRACT","2206","bullet","/plans","The platform must support /plans within api contract.","accepted","deterministic_source_normalization","normalized_atomic","Cross-horizon","Phase 0","SUB-E016","US-MSR-092-01","AC-MSR-092-01-04","TC-MSR-092-CAC742AB02","","No implementation evidence inferred."
"MSR-092-1703F0D0AD","92","API CONTRACT","2207","bullet","/subscriptions","The platform must support /subscriptions within api contract.","accepted","deterministic_source_normalization","normalized_atomic","Cross-horizon","Phase 0","SUB-E016","US-MSR-092-01","AC-MSR-092-01-05","TC-MSR-092-1703F0D0AD","","No implementation evidence inferred."
"MSR-092-EF6F36AA66","92","API CONTRACT","2208","bullet","/usage-events","The platform must support /usage-events within api contract.","accepted","deterministic_source_normalization","normalized_atomic","Cross-horizon","Phase 0","SUB-E016","US-MSR-092-01","AC-MSR-092-01-06","TC-MSR-092-EF6F36AA66","","No implementation evidence inferred."
"MSR-092-1DE8E2553E","92","API CONTRACT","2209","bullet","/invoices","The platform must support /invoices within api contract.","accepted","deterministic_source_normalization","normalized_atomic","Cross-horizon","Phase 0","SUB-E016","US-MSR-092-01","AC-MSR-092-01-07","TC-MSR-092-1DE8E2553E","","No implementation evidence inferred."
"MSR-092-0C9BBAA726","92","API CONTRACT","2210","bullet","/payments","The platform must support /payments within api contract.","accepted","deterministic_source_normalization","normalized_atomic","Cross-horizon","Phase 0","SUB-E016","US-MSR-092-01","AC-MSR-092-01-08","TC-MSR-092-0C9BBAA726","","No implementation evidence inferred."
"MSR-092-546C32F6DF","92","API CONTRACT","2211","bullet","/payment-methods","The platform must support /payment-methods within api contract.","accepted","deterministic_source_normalization","normalized_atomic","Cross-horizon","Phase 0","SUB-E016","US-MSR-092-01","AC-MSR-092-01-09","TC-MSR-092-546C32F6DF","","No implementation evidence inferred."
"MSR-092-81F635D412","92","API CONTRACT","2212","bullet","/credits","The platform must support /credits within api contract.","accepted","deterministic_source_normalization","normalized_atomic","Cross-horizon","Phase 0","SUB-E016","US-MSR-092-01","AC-MSR-092-01-10","TC-MSR-092-81F635D412","","No implementation evidence inferred."
"MSR-092-D628E72E08","92","API CONTRACT","2213","bullet","/notifications","The platform must support /notifications within api contract.","accepted","deterministic_source_normalization","normalized_atomic","Cross-horizon","Phase 0","SUB-E016","US-MSR-092-02","AC-MSR-092-02-01","TC-MSR-092-D628E72E08","","No implementation evidence inferred."
"MSR-092-FAA756B4D0","92","API CONTRACT","2214","bullet","/webhooks.","The platform must support /webhooks. within api contract.","accepted","deterministic_source_normalization","normalized_atomic","Cross-horizon","Phase 0","SUB-E016","US-MSR-092-02","AC-MSR-092-02-02","TC-MSR-092-FAA756B4D0","","No implementation evidence inferred."
"MSR-092-CF0278F525","92","API CONTRACT","2216","normative_prose","Include:","Include:.","parent_context","deterministic_source_normalization","context_only","Cross-horizon","Phase 0","","","","","","Retained as context; delivery coverage is carried by child candidates."
"MSR-092-BCCA98F6F4","92","API CONTRACT","2217","bullet","authentication","The platform must support authentication within api contract.","accepted","deterministic_source_normalization","normalized_atomic","Cross-horizon","Phase 0","SUB-E016","US-MSR-092-02","AC-MSR-092-02-03","TC-MSR-092-BCCA98F6F4","","No implementation evidence inferred."
"MSR-092-447C21513D","92","API CONTRACT","2218","bullet","authorization","The platform must support authorization within api contract.","accepted","deterministic_source_normalization","normalized_atomic","Cross-horizon","Phase 0","SUB-E016","US-MSR-092-02","AC-MSR-092-02-04","TC-MSR-092-447C21513D","","No implementation evidence inferred."
"MSR-092-B74807087D","92","API CONTRACT","2219","bullet","pagination","The platform must support pagination within api contract.","accepted","deterministic_source_normalization","normalized_atomic","Cross-horizon","Phase 0","SUB-E016","US-MSR-092-02","AC-MSR-092-02-05","TC-MSR-092-B74807087D","","No implementation evidence inferred."
"MSR-092-AEA4D5D24F","92","API CONTRACT","2220","bullet","filtering","The platform must support filtering within api contract.","accepted","deterministic_source_normalization","normalized_atomic","Cross-horizon","Phase 0","SUB-E016","US-MSR-092-02","AC-MSR-092-02-06","TC-MSR-092-AEA4D5D24F","","No implementation evidence inferred."
"MSR-092-47F78C713E","92","API CONTRACT","2221","bullet","error model","The platform must support error model within api contract.","accepted","deterministic_source_normalization","normalized_atomic","Cross-horizon","Phase 0","SUB-E016","US-MSR-092-02","AC-MSR-092-02-07","TC-MSR-092-47F78C713E","","No implementation evidence inferred."
"MSR-092-7AE8368B0E","92","API CONTRACT","2222","bullet","idempotency","The platform must support idempotency within api contract.","accepted","deterministic_source_normalization","normalized_atomic","Cross-horizon","Phase 0","SUB-E016","US-MSR-092-02","AC-MSR-092-02-08","TC-MSR-092-7AE8368B0E","","No implementation evidence inferred."
"MSR-092-1457135877","92","API CONTRACT","2223","bullet","correlation IDs.","The platform must support correlation IDs. within api contract.","accepted","deterministic_source_normalization","normalized_atomic","Cross-horizon","Phase 0","SUB-E016","US-MSR-092-02","AC-MSR-092-02-09","TC-MSR-092-1457135877","","No implementation evidence inferred."
"MSR-093-2ECB3D7999","93","DOMAIN EVENTS","2229","normative_prose","Define event schemas.","Define event schemas.","accepted","deterministic_source_normalization","normalized_atomic","Cross-horizon","Phase 0","SUB-E001","US-MSR-093-01","AC-MSR-093-01-01","TC-MSR-093-2ECB3D7999","","No implementation evidence inferred."
"MSR-093-3F6FE66284","93","DOMAIN EVENTS","2231","contextual_prose","Examples:","Product and implementation decisions must conform to this master-specification constraint: Examples:.","parent_context","deterministic_source_normalization","context_only","Cross-horizon","Phase 0","","","","","","Retained as context; delivery coverage is carried by child candidates."
"MSR-093-F560D76F9F","93","DOMAIN EVENTS","2232","bullet","customer.created","The platform must support customer.created within domain events.","accepted","deterministic_source_normalization","normalized_atomic","Cross-horizon","Phase 0","SUB-E001","US-MSR-093-01","AC-MSR-093-01-02","TC-MSR-093-F560D76F9F","","No implementation evidence inferred."
"MSR-093-4CBFC7C1AE","93","DOMAIN EVENTS","2233","bullet","subscription.created","The platform must support subscription.created within domain events.","accepted","deterministic_source_normalization","normalized_atomic","Cross-horizon","Phase 0","SUB-E001","US-MSR-093-01","AC-MSR-093-01-03","TC-MSR-093-4CBFC7C1AE","","No implementation evidence inferred."
"MSR-093-1CB0434B90","93","DOMAIN EVENTS","2234","bullet","subscription.changed","The platform must support subscription.changed within domain events.","accepted","deterministic_source_normalization","normalized_atomic","Cross-horizon","Phase 0","SUB-E001","US-MSR-093-01","AC-MSR-093-01-04","TC-MSR-093-1CB0434B90","","No implementation evidence inferred."
"MSR-093-3324CC9D2B","93","DOMAIN EVENTS","2235","bullet","subscription.cancelled","The platform must support subscription.cancelled within domain events.","accepted","deterministic_source_normalization","normalized_atomic","Cross-horizon","Phase 0","SUB-E001","US-MSR-093-01","AC-MSR-093-01-05","TC-MSR-093-3324CC9D2B","","No implementation evidence inferred."
"MSR-093-131E38F228","93","DOMAIN EVENTS","2236","bullet","usage.received","The platform must support usage.received within domain events.","accepted","deterministic_source_normalization","normalized_atomic","Cross-horizon","Phase 0","SUB-E001","US-MSR-093-01","AC-MSR-093-01-06","TC-MSR-093-131E38F228","","No implementation evidence inferred."
"MSR-093-D613119293","93","DOMAIN EVENTS","2237","bullet","usage.rated","The platform must support usage.rated within domain events.","accepted","deterministic_source_normalization","normalized_atomic","Cross-horizon","Phase 0","SUB-E001","US-MSR-093-01","AC-MSR-093-01-07","TC-MSR-093-D613119293","","No implementation evidence inferred."
"MSR-093-4D50C11EB6","93","DOMAIN EVENTS","2238","bullet","invoice.generated","The platform must support invoice.generated within domain events.","accepted","deterministic_source_normalization","normalized_atomic","Cross-horizon","Phase 0","SUB-E001","US-MSR-093-01","AC-MSR-093-01-08","TC-MSR-093-4D50C11EB6","","No implementation evidence inferred."
"MSR-093-968C96BB26","93","DOMAIN EVENTS","2239","bullet","invoice.finalized","The platform must support invoice.finalized within domain events.","accepted","deterministic_source_normalization","normalized_atomic","Cross-horizon","Phase 0","SUB-E001","US-MSR-093-01","AC-MSR-093-01-09","TC-MSR-093-968C96BB26","","No implementation evidence inferred."
"MSR-093-5305E52158","93","DOMAIN EVENTS","2240","bullet","invoice.due","The platform must support invoice.due within domain events.","accepted","deterministic_source_normalization","normalized_atomic","Cross-horizon","Phase 0","SUB-E001","US-MSR-093-01","AC-MSR-093-01-10","TC-MSR-093-5305E52158","","No implementation evidence inferred."
"MSR-093-D70AC4D13B","93","DOMAIN EVENTS","2241","bullet","payment.attempted","The platform must support payment.attempted within domain events.","accepted","deterministic_source_normalization","normalized_atomic","Cross-horizon","Phase 0","SUB-E001","US-MSR-093-02","AC-MSR-093-02-01","TC-MSR-093-D70AC4D13B","","No implementation evidence inferred."
"MSR-093-FA3A2DC2B5","93","DOMAIN EVENTS","2242","bullet","payment.failed","The platform must support payment.failed within domain events.","accepted","deterministic_source_normalization","normalized_atomic","Cross-horizon","Phase 0","SUB-E001","US-MSR-093-02","AC-MSR-093-02-02","TC-MSR-093-FA3A2DC2B5","","No implementation evidence inferred."
"MSR-093-180B97E49D","93","DOMAIN EVENTS","2243","bullet","payment.succeeded","The platform must support payment.succeeded within domain events.","accepted","deterministic_source_normalization","normalized_atomic","Cross-horizon","Phase 0","SUB-E001","US-MSR-093-02","AC-MSR-093-02-03","TC-MSR-093-180B97E49D","","No implementation evidence inferred."
"MSR-093-F19A30159E","93","DOMAIN EVENTS","2244","bullet","refund.completed.","The platform must support refund.completed. within domain events.","accepted","deterministic_source_normalization","normalized_atomic","Cross-horizon","Phase 0","SUB-E001","US-MSR-093-02","AC-MSR-093-02-04","TC-MSR-093-F19A30159E","","No implementation evidence inferred."
"MSR-093-29E25F200D","93","DOMAIN EVENTS","2246","normative_prose","Use schema versioning.","Use schema versioning.","accepted","deterministic_source_normalization","normalized_atomic","Cross-horizon","Phase 0","SUB-E001","US-MSR-093-02","AC-MSR-093-02-05","TC-MSR-093-29E25F200D","","No implementation evidence inferred."
"MSR-094-73A172AECB","94","UX DELIVERABLES","2252","normative_prose","For every important screen produce:","For every important screen produce:.","parent_context","deterministic_source_normalization","context_only","Cross-horizon","Cross-horizon","","","","","","Retained as context; delivery coverage is carried by child candidates."
"MSR-094-7736712670","94","UX DELIVERABLES","2253","bullet","purpose","The platform must support purpose within ux deliverables.","accepted","deterministic_source_normalization","normalized_atomic","Cross-horizon","Cross-horizon","SUB-E001","US-MSR-094-01","AC-MSR-094-01-01","TC-MSR-094-7736712670","","No implementation evidence inferred."
"MSR-094-E12205AA47","94","UX DELIVERABLES","2254","bullet","user persona","The platform must support user persona within ux deliverables.","accepted","deterministic_source_normalization","normalized_atomic","Cross-horizon","Cross-horizon","SUB-E001","US-MSR-094-01","AC-MSR-094-01-02","TC-MSR-094-E12205AA47","","No implementation evidence inferred."
"MSR-094-D1D61C68E3","94","UX DELIVERABLES","2255","bullet","information hierarchy","The platform must support information hierarchy within ux deliverables.","accepted","deterministic_source_normalization","normalized_atomic","Cross-horizon","Cross-horizon","SUB-E001","US-MSR-094-01","AC-MSR-094-01-03","TC-MSR-094-D1D61C68E3","","No implementation evidence inferred."
"MSR-094-97C2CB106F","94","UX DELIVERABLES","2256","bullet","components","The platform must support components within ux deliverables.","accepted","deterministic_source_normalization","normalized_atomic","Cross-horizon","Cross-horizon","SUB-E001","US-MSR-094-01","AC-MSR-094-01-04","TC-MSR-094-97C2CB106F","","No implementation evidence inferred."
"MSR-094-F01B7B4AA0","94","UX DELIVERABLES","2257","bullet","states","The platform must support states within ux deliverables.","accepted","deterministic_source_normalization","normalized_atomic","Cross-horizon","Cross-horizon","SUB-E001","US-MSR-094-01","AC-MSR-094-01-05","TC-MSR-094-F01B7B4AA0","","No implementation evidence inferred."
"MSR-094-EC5FD62C90","94","UX DELIVERABLES","2258","bullet","empty state","The platform must support empty state within ux deliverables.","accepted","deterministic_source_normalization","normalized_atomic","Cross-horizon","Cross-horizon","SUB-E001","US-MSR-094-01","AC-MSR-094-01-06","TC-MSR-094-EC5FD62C90","","No implementation evidence inferred."
"MSR-094-BCAE720A68","94","UX DELIVERABLES","2259","bullet","error state","The platform must support error state within ux deliverables.","accepted","deterministic_source_normalization","normalized_atomic","Cross-horizon","Cross-horizon","SUB-E001","US-MSR-094-01","AC-MSR-094-01-07","TC-MSR-094-BCAE720A68","","No implementation evidence inferred."
"MSR-094-1B6BABFC5C","94","UX DELIVERABLES","2260","bullet","loading state","The platform must support loading state within ux deliverables.","accepted","deterministic_source_normalization","normalized_atomic","Cross-horizon","Cross-horizon","SUB-E001","US-MSR-094-01","AC-MSR-094-01-08","TC-MSR-094-1B6BABFC5C","","No implementation evidence inferred."
"MSR-094-82C17B78C8","94","UX DELIVERABLES","2261","bullet","permissions","The platform must support permissions within ux deliverables.","accepted","deterministic_source_normalization","normalized_atomic","Cross-horizon","Cross-horizon","SUB-E001","US-MSR-094-01","AC-MSR-094-01-09","TC-MSR-094-82C17B78C8","","No implementation evidence inferred."
"MSR-094-84AE1BD535","94","UX DELIVERABLES","2262","bullet","actions","The platform must support actions within ux deliverables.","accepted","deterministic_source_normalization","normalized_atomic","Cross-horizon","Cross-horizon","SUB-E001","US-MSR-094-01","AC-MSR-094-01-10","TC-MSR-094-84AE1BD535","","No implementation evidence inferred."
"MSR-094-2E0A2DB354","94","UX DELIVERABLES","2263","bullet","keyboard behavior","The platform must support keyboard behavior within ux deliverables.","accepted","deterministic_source_normalization","normalized_atomic","Cross-horizon","Cross-horizon","SUB-E001","US-MSR-094-02","AC-MSR-094-02-01","TC-MSR-094-2E0A2DB354","","No implementation evidence inferred."
"MSR-094-2B03B33EDA","94","UX DELIVERABLES","2264","bullet","mobile behavior.","The platform must support mobile behavior. within ux deliverables.","accepted","deterministic_source_normalization","normalized_atomic","Cross-horizon","Cross-horizon","SUB-E001","US-MSR-094-02","AC-MSR-094-02-02","TC-MSR-094-2B03B33EDA","","No implementation evidence inferred."
"MSR-094-EB6F552C8E","94","UX DELIVERABLES","2266","contextual_prose","Create designs for:","Product and implementation decisions must conform to this master-specification constraint: Create designs for:.","parent_context","deterministic_source_normalization","context_only","Cross-horizon","Cross-horizon","","","","","","Retained as context; delivery coverage is carried by child candidates."
"MSR-094-590C31B330","94","UX DELIVERABLES","2267","bullet","Revenue Dashboard","The platform must support Revenue Dashboard within ux deliverables.","accepted","deterministic_source_normalization","normalized_atomic","Cross-horizon","Cross-horizon","SUB-E001","US-MSR-094-02","AC-MSR-094-02-03","TC-MSR-094-590C31B330","","No implementation evidence inferred."
"MSR-094-D11C718713","94","UX DELIVERABLES","2268","bullet","Customer 360","The platform must support Customer 360 within ux deliverables.","accepted","deterministic_source_normalization","normalized_atomic","Cross-horizon","Cross-horizon","SUB-E001","US-MSR-094-02","AC-MSR-094-02-04","TC-MSR-094-D11C718713","","No implementation evidence inferred."
"MSR-094-5FBCEDD689","94","UX DELIVERABLES","2269","bullet","Subscription Detail","The platform must support Subscription Detail within ux deliverables.","accepted","deterministic_source_normalization","normalized_atomic","Cross-horizon","Cross-horizon","SUB-E001","US-MSR-094-02","AC-MSR-094-02-05","TC-MSR-094-5FBCEDD689","","No implementation evidence inferred."
"MSR-094-7EE07153B5","94","UX DELIVERABLES","2270","bullet","Product Catalog","The platform must support Product Catalog within ux deliverables.","accepted","deterministic_source_normalization","normalized_atomic","Cross-horizon","Cross-horizon","SUB-E001","US-MSR-094-02","AC-MSR-094-02-06","TC-MSR-094-7EE07153B5","","No implementation evidence inferred."
"MSR-094-A33F80D847","94","UX DELIVERABLES","2271","bullet","Pricing Designer","The platform must support Pricing Designer within ux deliverables.","accepted","deterministic_source_normalization","normalized_atomic","Cross-horizon","Cross-horizon","SUB-E001","US-MSR-094-02","AC-MSR-094-02-07","TC-MSR-094-A33F80D847","","No implementation evidence inferred."
"MSR-094-71D79EB6BA","94","UX DELIVERABLES","2272","bullet","Usage Explorer","The platform must support Usage Explorer within ux deliverables.","accepted","deterministic_source_normalization","normalized_atomic","Cross-horizon","Cross-horizon","SUB-E001","US-MSR-094-02","AC-MSR-094-02-08","TC-MSR-094-71D79EB6BA","","No implementation evidence inferred."
"MSR-094-F8D710E013","94","UX DELIVERABLES","2273","bullet","Invoice Detail","The platform must support Invoice Detail within ux deliverables.","accepted","deterministic_source_normalization","normalized_atomic","Cross-horizon","Cross-horizon","SUB-E001","US-MSR-094-02","AC-MSR-094-02-09","TC-MSR-094-F8D710E013","","No implementation evidence inferred."
"MSR-094-6C0D44371A","94","UX DELIVERABLES","2274","bullet","Payment Detail","The platform must support Payment Detail within ux deliverables.","accepted","deterministic_source_normalization","normalized_atomic","Cross-horizon","Cross-horizon","SUB-E001","US-MSR-094-02","AC-MSR-094-02-10","TC-MSR-094-6C0D44371A","","No implementation evidence inferred."
"MSR-094-45A58E00BC","94","UX DELIVERABLES","2275","bullet","Collections Dashboard","The platform must support Collections Dashboard within ux deliverables.","accepted","deterministic_source_normalization","normalized_atomic","Cross-horizon","Cross-horizon","SUB-E001","US-MSR-094-03","AC-MSR-094-03-01","TC-MSR-094-45A58E00BC","","No implementation evidence inferred."
"MSR-094-AD27C99B68","94","UX DELIVERABLES","2276","bullet","Workflow Builder","The platform must support Workflow Builder within ux deliverables.","accepted","deterministic_source_normalization","normalized_atomic","Cross-horizon","Cross-horizon","SUB-E001","US-MSR-094-03","AC-MSR-094-03-02","TC-MSR-094-AD27C99B68","","No implementation evidence inferred."
"MSR-094-BFA1B9153F","94","UX DELIVERABLES","2277","bullet","Customer Portal.","The platform must support Customer Portal. within ux deliverables.","accepted","deterministic_source_normalization","normalized_atomic","Cross-horizon","Cross-horizon","SUB-E001","US-MSR-094-03","AC-MSR-094-03-03","TC-MSR-094-BFA1B9153F","","No implementation evidence inferred."
"MSR-095-2503A77A55","95","DESIGN DETAIL — CUSTOMER 360","2283","contextual_prose","Header:","Product and implementation decisions must conform to this master-specification constraint: Header:.","parent_context","deterministic_source_normalization","context_only","Cross-horizon","Cross-horizon","","","","","","Retained as context; delivery coverage is carried by child candidates."
"MSR-095-7F42CD503F","95","DESIGN DETAIL — CUSTOMER 360","2285","contextual_prose","ACME Corp Enterprise ARR ₹4.","Product and implementation decisions must conform to this master-specification constraint: ACME Corp Enterprise ARR ₹4.","accepted","deterministic_source_normalization","normalized_atomic","Cross-horizon","Cross-horizon","SUB-E003","US-MSR-095-01","AC-MSR-095-01-01","TC-MSR-095-7F42CD503F","","No implementation evidence inferred."
"MSR-095-2CC561F513","95","DESIGN DETAIL — CUSTOMER 360","2285","contextual_prose","2M Balance ₹342K Payment Risk HIGH.","Product and implementation decisions must conform to this master-specification constraint: 2M Balance ₹342K Payment Risk HIGH.","accepted","deterministic_source_normalization","normalized_atomic","Cross-horizon","Cross-horizon","SUB-E003","US-MSR-095-01","AC-MSR-095-01-02","TC-MSR-095-2CC561F513","","No implementation evidence inferred."
"MSR-095-FF02F6835D","95","DESIGN DETAIL — CUSTOMER 360","2291","contextual_prose","Tabs:","Product and implementation decisions must conform to this master-specification constraint: Tabs:.","parent_context","deterministic_source_normalization","context_only","Cross-horizon","Cross-horizon","","","","","","Retained as context; delivery coverage is carried by child candidates."
"MSR-095-6FB460C661","95","DESIGN DETAIL — CUSTOMER 360","2292","bullet","Overview","The platform must support Overview within design detail — customer 360.","accepted","deterministic_source_normalization","normalized_atomic","Cross-horizon","Cross-horizon","SUB-E003","US-MSR-095-01","AC-MSR-095-01-03","TC-MSR-095-6FB460C661","","No implementation evidence inferred."
"MSR-095-A75DDE6C66","95","DESIGN DETAIL — CUSTOMER 360","2293","bullet","Subscriptions","The platform must support Subscriptions within design detail — customer 360.","accepted","deterministic_source_normalization","normalized_atomic","Cross-horizon","Cross-horizon","SUB-E003","US-MSR-095-01","AC-MSR-095-01-04","TC-MSR-095-A75DDE6C66","","No implementation evidence inferred."
"MSR-095-9500991004","95","DESIGN DETAIL — CUSTOMER 360","2294","bullet","Usage","The platform must support Usage within design detail — customer 360.","accepted","deterministic_source_normalization","normalized_atomic","Cross-horizon","Cross-horizon","SUB-E003","US-MSR-095-01","AC-MSR-095-01-05","TC-MSR-095-9500991004","","No implementation evidence inferred."
"MSR-095-7FD8D807F5","95","DESIGN DETAIL — CUSTOMER 360","2295","bullet","Invoices","The platform must support Invoices within design detail — customer 360.","accepted","deterministic_source_normalization","normalized_atomic","Cross-horizon","Cross-horizon","SUB-E003","US-MSR-095-01","AC-MSR-095-01-06","TC-MSR-095-7FD8D807F5","","No implementation evidence inferred."
"MSR-095-83DE701BA4","95","DESIGN DETAIL — CUSTOMER 360","2296","bullet","Payments","The platform must support Payments within design detail — customer 360.","accepted","deterministic_source_normalization","normalized_atomic","Cross-horizon","Cross-horizon","SUB-E003","US-MSR-095-01","AC-MSR-095-01-07","TC-MSR-095-83DE701BA4","","No implementation evidence inferred."
"MSR-095-63064B0803","95","DESIGN DETAIL — CUSTOMER 360","2297","bullet","Contracts","The platform must support Contracts within design detail — customer 360.","accepted","deterministic_source_normalization","normalized_atomic","Cross-horizon","Cross-horizon","SUB-E003","US-MSR-095-01","AC-MSR-095-01-08","TC-MSR-095-63064B0803","","No implementation evidence inferred."
"MSR-095-295FDC5ADD","95","DESIGN DETAIL — CUSTOMER 360","2298","bullet","Communications","The platform must support Communications within design detail — customer 360.","accepted","deterministic_source_normalization","normalized_atomic","Cross-horizon","Cross-horizon","SUB-E003","US-MSR-095-01","AC-MSR-095-01-09","TC-MSR-095-295FDC5ADD","","No implementation evidence inferred."
"MSR-095-96FDBBFE74","95","DESIGN DETAIL — CUSTOMER 360","2299","bullet","Timeline.","The platform must support Timeline. within design detail — customer 360.","accepted","deterministic_source_normalization","normalized_atomic","Cross-horizon","Cross-horizon","SUB-E003","US-MSR-095-01","AC-MSR-095-01-10","TC-MSR-095-96FDBBFE74","","No implementation evidence inferred."
"MSR-095-220F45021A","95","DESIGN DETAIL — CUSTOMER 360","2301","contextual_prose","Right panel: AI Revenue Assistant.","Product and implementation decisions must conform to this master-specification constraint: Right panel: AI Revenue Assistant.","accepted","deterministic_source_normalization","normalized_atomic","Cross-horizon","Cross-horizon","SUB-E003","US-MSR-095-02","AC-MSR-095-02-01","TC-MSR-095-220F45021A","","No implementation evidence inferred."
"MSR-095-C7C191C3E6","95","DESIGN DETAIL — CUSTOMER 360","2304","contextual_prose","Suggested action: ""Payment method for upcoming ₹342K invoice expires in 9 days.","Product and implementation decisions must conform to this master-specification constraint: Suggested action: ""Payment method for upcoming ₹342K invoice expires in 9 days.","accepted","deterministic_source_normalization","normalized_atomic","Cross-horizon","Cross-horizon","SUB-E003","US-MSR-095-02","AC-MSR-095-02-02","TC-MSR-095-C7C191C3E6","","No implementation evidence inferred."
"MSR-096-9ABDD8059F","96","DESIGN DETAIL — INVOICE","2311","contextual_prose","Header:","Product and implementation decisions must conform to this master-specification constraint: Header:.","parent_context","deterministic_source_normalization","context_only","Cross-horizon","Cross-horizon","","","","","","Retained as context; delivery coverage is carried by child candidates."
"MSR-096-1F0132C5FE","96","DESIGN DETAIL — INVOICE","2313","contextual_prose","INV-20381 ₹42,840 Due Sep 30 Status: OPEN.","Product and implementation decisions must conform to this master-specification constraint: INV-20381 ₹42,840 Due Sep 30 Status: OPEN.","accepted","deterministic_source_normalization","normalized_atomic","Cross-horizon","Cross-horizon","SUB-E008","US-MSR-096-01","AC-MSR-096-01-01","TC-MSR-096-1F0132C5FE","","No implementation evidence inferred."
"MSR-096-361A1F376A","96","DESIGN DETAIL — INVOICE","2318","contextual_prose","Action bar:","Product and implementation decisions must conform to this master-specification constraint: Action bar:.","parent_context","deterministic_source_normalization","context_only","Cross-horizon","Cross-horizon","","","","","","Retained as context; delivery coverage is carried by child candidates."
"MSR-096-EEF79183C0","96","DESIGN DETAIL — INVOICE","2319","bullet","Collect","The platform must support Collect within design detail — invoice.","accepted","deterministic_source_normalization","normalized_atomic","Cross-horizon","Cross-horizon","SUB-E008","US-MSR-096-01","AC-MSR-096-01-02","TC-MSR-096-EEF79183C0","","No implementation evidence inferred."
"MSR-096-BB8A9CC88A","96","DESIGN DETAIL — INVOICE","2320","bullet","Send","The platform must support Send within design detail — invoice.","accepted","deterministic_source_normalization","normalized_atomic","Cross-horizon","Cross-horizon","SUB-E008","US-MSR-096-01","AC-MSR-096-01-03","TC-MSR-096-BB8A9CC88A","","No implementation evidence inferred."
"MSR-096-EFD948BE23","96","DESIGN DETAIL — INVOICE","2321","bullet","Download","The platform must support Download within design detail — invoice.","accepted","deterministic_source_normalization","normalized_atomic","Cross-horizon","Cross-horizon","SUB-E008","US-MSR-096-01","AC-MSR-096-01-04","TC-MSR-096-EFD948BE23","","No implementation evidence inferred."
"MSR-096-3DED1824B0","96","DESIGN DETAIL — INVOICE","2322","bullet","Credit","The platform must support Credit within design detail — invoice.","accepted","deterministic_source_normalization","normalized_atomic","Cross-horizon","Cross-horizon","SUB-E008","US-MSR-096-01","AC-MSR-096-01-05","TC-MSR-096-3DED1824B0","","No implementation evidence inferred."
"MSR-096-330F7A6A6F","96","DESIGN DETAIL — INVOICE","2323","bullet","Dispute","The platform must support Dispute within design detail — invoice.","accepted","deterministic_source_normalization","normalized_atomic","Cross-horizon","Cross-horizon","SUB-E008","US-MSR-096-01","AC-MSR-096-01-06","TC-MSR-096-330F7A6A6F","","No implementation evidence inferred."
"MSR-096-B7F0A6FC29","96","DESIGN DETAIL — INVOICE","2324","bullet","More.","The platform must support More. within design detail — invoice.","accepted","deterministic_source_normalization","normalized_atomic","Cross-horizon","Cross-horizon","SUB-E008","US-MSR-096-01","AC-MSR-096-01-07","TC-MSR-096-B7F0A6FC29","","No implementation evidence inferred."
"MSR-096-9F3E447187","96","DESIGN DETAIL — INVOICE","2326","normative_prose","Each invoice line should be expandable.","Each invoice line should be expandable.","accepted","deterministic_source_normalization","normalized_atomic","Cross-horizon","Cross-horizon","SUB-E008","US-MSR-096-01","AC-MSR-096-01-08","TC-MSR-096-9F3E447187","","No implementation evidence inferred."
"MSR-096-B4A4BCDEDF","96","DESIGN DETAIL — INVOICE","2328","normative_prose","Provide: Explain invoice.","Provide: Explain invoice.","accepted","deterministic_source_normalization","normalized_atomic","Cross-horizon","Cross-horizon","SUB-E008","US-MSR-096-01","AC-MSR-096-01-09","TC-MSR-096-B4A4BCDEDF","","No implementation evidence inferred."
"MSR-097-8A395019C2","97","DESIGN DETAIL — COLLECTIONS","2335","contextual_prose","Top:","Product and implementation decisions must conform to this master-specification constraint: Top:.","parent_context","deterministic_source_normalization","context_only","Cross-horizon","Cross-horizon","","","","","","Retained as context; delivery coverage is carried by child candidates."
"MSR-097-BF4E1A88C0","97","DESIGN DETAIL — COLLECTIONS","2336","bullet","₹28.4M Receivable","The platform must support ₹28.4M Receivable within design detail — collections.","accepted","deterministic_source_normalization","normalized_atomic","Cross-horizon","Cross-horizon","SUB-E012","US-MSR-097-01","AC-MSR-097-01-01","TC-MSR-097-BF4E1A88C0","","No implementation evidence inferred."
"MSR-097-49E85CDA2C","97","DESIGN DETAIL — COLLECTIONS","2337","bullet","₹4.8M At Risk","The platform must support ₹4.8M At Risk within design detail — collections.","accepted","deterministic_source_normalization","normalized_atomic","Cross-horizon","Cross-horizon","SUB-E012","US-MSR-097-01","AC-MSR-097-01-02","TC-MSR-097-49E85CDA2C","","No implementation evidence inferred."
"MSR-097-7C8CC5B83F","97","DESIGN DETAIL — COLLECTIONS","2338","bullet","₹2.1M Overdue","The platform must support ₹2.1M Overdue within design detail — collections.","accepted","deterministic_source_normalization","normalized_atomic","Cross-horizon","Cross-horizon","SUB-E012","US-MSR-097-01","AC-MSR-097-01-03","TC-MSR-097-7C8CC5B83F","","No implementation evidence inferred."
"MSR-097-E50F4E0C01","97","DESIGN DETAIL — COLLECTIONS","2339","bullet","94.8% Payment Success.","The platform must support 94.8% Payment Success. within design detail — collections.","accepted","deterministic_source_normalization","normalized_atomic","Cross-horizon","Cross-horizon","SUB-E012","US-MSR-097-01","AC-MSR-097-01-04","TC-MSR-097-E50F4E0C01","","No implementation evidence inferred."
"MSR-097-D1A83C1044","97","DESIGN DETAIL — COLLECTIONS","2341","contextual_prose","Queues:","Product and implementation decisions must conform to this master-specification constraint: Queues:.","parent_context","deterministic_source_normalization","context_only","Cross-horizon","Cross-horizon","","","","","","Retained as context; delivery coverage is carried by child candidates."
"MSR-097-8BB9F4169B","97","DESIGN DETAIL — COLLECTIONS","2342","bullet","Needs Attention","The platform must support Needs Attention within design detail — collections.","accepted","deterministic_source_normalization","normalized_atomic","Cross-horizon","Cross-horizon","SUB-E012","US-MSR-097-01","AC-MSR-097-01-05","TC-MSR-097-8BB9F4169B","","No implementation evidence inferred."
"MSR-097-841990A73D","97","DESIGN DETAIL — COLLECTIONS","2343","bullet","High Value","The platform must support High Value within design detail — collections.","accepted","deterministic_source_normalization","normalized_atomic","Cross-horizon","Cross-horizon","SUB-E012","US-MSR-097-01","AC-MSR-097-01-06","TC-MSR-097-841990A73D","","No implementation evidence inferred."
"MSR-097-A0B2EBFB11","97","DESIGN DETAIL — COLLECTIONS","2344","bullet","Payment Method Expiring","The platform must support Payment Method Expiring within design detail — collections.","accepted","deterministic_source_normalization","normalized_atomic","Cross-horizon","Cross-horizon","SUB-E012","US-MSR-097-01","AC-MSR-097-01-07","TC-MSR-097-A0B2EBFB11","","No implementation evidence inferred."
"MSR-097-2492446CF5","97","DESIGN DETAIL — COLLECTIONS","2345","bullet","Retry Scheduled","The platform must support Retry Scheduled within design detail — collections.","accepted","deterministic_source_normalization","normalized_atomic","Cross-horizon","Cross-horizon","SUB-E012","US-MSR-097-01","AC-MSR-097-01-08","TC-MSR-097-2492446CF5","","No implementation evidence inferred."
"MSR-097-2040ECB2B1","97","DESIGN DETAIL — COLLECTIONS","2346","bullet","Promise to Pay","The platform must support Promise to Pay within design detail — collections.","accepted","deterministic_source_normalization","normalized_atomic","Cross-horizon","Cross-horizon","SUB-E012","US-MSR-097-01","AC-MSR-097-01-09","TC-MSR-097-2040ECB2B1","","No implementation evidence inferred."
"MSR-097-54B46D3325","97","DESIGN DETAIL — COLLECTIONS","2347","bullet","Manual Collection.","The platform must support Manual Collection. within design detail — collections.","accepted","deterministic_source_normalization","normalized_atomic","Cross-horizon","Cross-horizon","SUB-E012","US-MSR-097-01","AC-MSR-097-01-10","TC-MSR-097-54B46D3325","","No implementation evidence inferred."
"MSR-097-7A462717A8","97","DESIGN DETAIL — COLLECTIONS","2349","normative_prose","Timeline visualization should show expected cash collection by day.","Timeline visualization should show expected cash collection by day.","accepted","deterministic_source_normalization","normalized_atomic","Cross-horizon","Cross-horizon","SUB-E012","US-MSR-097-02","AC-MSR-097-02-01","TC-MSR-097-7A462717A8","","No implementation evidence inferred."
"MSR-098-820FA328B5","98","DESIGN DETAIL — PRICING STUDIO","2355","contextual_prose","Left: Components.","Product and implementation decisions must conform to this master-specification constraint: Left: Components.","accepted","deterministic_source_normalization","normalized_atomic","Cross-horizon","Cross-horizon","SUB-E005","US-MSR-098-01","AC-MSR-098-01-01","TC-MSR-098-820FA328B5","","No implementation evidence inferred."
"MSR-098-E51C05292B","98","DESIGN DETAIL — PRICING STUDIO","2358","contextual_prose","Center: Visual pricing flow.","Product and implementation decisions must conform to this master-specification constraint: Center: Visual pricing flow.","accepted","deterministic_source_normalization","normalized_atomic","Cross-horizon","Cross-horizon","SUB-E005","US-MSR-098-01","AC-MSR-098-01-02","TC-MSR-098-E51C05292B","","No implementation evidence inferred."
"MSR-098-3443185E70","98","DESIGN DETAIL — PRICING STUDIO","2361","contextual_prose","Right: Properties.","Product and implementation decisions must conform to this master-specification constraint: Right: Properties.","accepted","deterministic_source_normalization","normalized_atomic","Cross-horizon","Cross-horizon","SUB-E005","US-MSR-098-01","AC-MSR-098-01-03","TC-MSR-098-3443185E70","","No implementation evidence inferred."
"MSR-098-1E28068B68","98","DESIGN DETAIL — PRICING STUDIO","2364","contextual_prose","Bottom: Simulator.","Product and implementation decisions must conform to this master-specification constraint: Bottom: Simulator.","accepted","deterministic_source_normalization","normalized_atomic","Cross-horizon","Cross-horizon","SUB-E005","US-MSR-098-01","AC-MSR-098-01-04","TC-MSR-098-1E28068B68","","No implementation evidence inferred."
"MSR-099-C4C8937702","99","QUALITY ENGINEERING","2371","normative_prose","Implement comprehensive test strategy:","The comprehensive quality strategy contains the following test classes.","parent_context","curated_review","context_only","Cross-horizon","Cross-cutting","","","","","","Retained as context; delivery coverage is carried by child candidates."
"MSR-099-3545E088B4","99","QUALITY ENGINEERING","2372","bullet","Unit tests","The delivery pipeline must include an applicable unit test suite.","accepted","curated_review","validated_atomic","Cross-horizon","Phase 0","SUB-E001","US-MSR-099-TEST-STRATEGY","AC-MSR-099-TEST-STRATEGY-REQ-099-3545E088B4","TC-US-MSR-099-TEST-STRATEGY-01","","No implementation evidence inferred."
"MSR-099-AE15FC3AB2","99","QUALITY ENGINEERING","2373","bullet","Integration tests","The delivery pipeline must include an applicable integration test suite.","accepted","curated_review","validated_atomic","Cross-horizon","Phase 0","SUB-E001","US-MSR-099-TEST-STRATEGY","AC-MSR-099-TEST-STRATEGY-REQ-099-AE15FC3AB2","TC-US-MSR-099-TEST-STRATEGY-01","","No implementation evidence inferred."
"MSR-099-FAD1F141E0","99","QUALITY ENGINEERING","2374","bullet","Contract tests","The delivery pipeline must include an applicable contract test suite.","accepted","curated_review","validated_atomic","Cross-horizon","Phase 0","SUB-E001","US-MSR-099-TEST-STRATEGY","AC-MSR-099-TEST-STRATEGY-REQ-099-FAD1F141E0","TC-US-MSR-099-TEST-STRATEGY-01","","No implementation evidence inferred."
"MSR-099-3BD4B26263","99","QUALITY ENGINEERING","2375","bullet","Payment simulations","The delivery pipeline must include an applicable payment simulation test suite.","accepted","curated_review","validated_atomic","Cross-horizon","Phase 0","SUB-E001","US-MSR-099-TEST-STRATEGY","AC-MSR-099-TEST-STRATEGY-REQ-099-3BD4B26263","TC-US-MSR-099-TEST-STRATEGY-01","","No implementation evidence inferred."
"MSR-099-D5B3C5E94F","99","QUALITY ENGINEERING","2376","bullet","Billing golden tests","The delivery pipeline must include an applicable billing golden test suite.","accepted","curated_review","validated_atomic","Cross-horizon","Phase 0","SUB-E001","US-MSR-099-TEST-STRATEGY","AC-MSR-099-TEST-STRATEGY-REQ-099-D5B3C5E94F","TC-US-MSR-099-TEST-STRATEGY-01","","No implementation evidence inferred."
"MSR-099-4A1081054B","99","QUALITY ENGINEERING","2377","bullet","Property-based pricing tests","The delivery pipeline must include an applicable property-based pricing test suite.","accepted","curated_review","validated_atomic","Cross-horizon","Phase 0","SUB-E001","US-MSR-099-TEST-STRATEGY","AC-MSR-099-TEST-STRATEGY-REQ-099-4A1081054B","TC-US-MSR-099-TEST-STRATEGY-01","","No implementation evidence inferred."
"MSR-099-4F087E29FA","99","QUALITY ENGINEERING","2378","bullet","Load tests","The delivery pipeline must include an applicable load test suite.","accepted","curated_review","validated_atomic","Cross-horizon","Phase 0","SUB-E001","US-MSR-099-TEST-STRATEGY","AC-MSR-099-TEST-STRATEGY-REQ-099-4F087E29FA","TC-US-MSR-099-TEST-STRATEGY-01","","No implementation evidence inferred."
"MSR-099-8FCAAE76B0","99","QUALITY ENGINEERING","2379","bullet","Failover tests","The delivery pipeline must include an applicable failover test suite.","accepted","curated_review","validated_atomic","Cross-horizon","Phase 0","SUB-E001","US-MSR-099-TEST-STRATEGY","AC-MSR-099-TEST-STRATEGY-REQ-099-8FCAAE76B0","TC-US-MSR-099-TEST-STRATEGY-01","","No implementation evidence inferred."
"MSR-099-66FC858421","99","QUALITY ENGINEERING","2380","bullet","Security tests","The delivery pipeline must include an applicable security test suite.","accepted","curated_review","validated_atomic","Cross-horizon","Phase 0","SUB-E001","US-MSR-099-TEST-STRATEGY","AC-MSR-099-TEST-STRATEGY-REQ-099-66FC858421","TC-US-MSR-099-TEST-STRATEGY-01","","No implementation evidence inferred."
"MSR-099-F29E63D886","99","QUALITY ENGINEERING","2381","bullet","Financial reconciliation tests.","The delivery pipeline must include an applicable financial reconciliation test suite.","accepted","curated_review","validated_atomic","Cross-horizon","Phase 0","SUB-E001","US-MSR-099-TEST-STRATEGY","AC-MSR-099-TEST-STRATEGY-REQ-099-F29E63D886","TC-US-MSR-099-TEST-STRATEGY-01","","No implementation evidence inferred."
"MSR-099-26FB7756F4","99","QUALITY ENGINEERING","2383","normative_prose","For financial calculations use deterministic golden datasets.","Financial calculation tests must use deterministic, versioned golden datasets.","accepted","curated_review","validated_atomic","Cross-horizon","Phase 0","SUB-E001","US-MSR-099-TEST-STRATEGY","AC-MSR-099-TEST-STRATEGY-REQ-099-26FB7756F4","TC-US-MSR-099-TEST-STRATEGY-02","","No implementation evidence inferred."
"MSR-100-0C82DBEBDC","100","CRITICAL INVARIANTS","2389","contextual_prose","Treat these as non-negotiable.","Critical invariants are non-negotiable.","parent_context","curated_review","context_only","Cross-horizon","Cross-cutting","","","","","","Retained as context; delivery coverage is carried by child candidates."
"MSR-100-D1A3F8F46A","100","CRITICAL INVARIANTS","2391","bullet","Never double-charge due to retries.","Retries must never create a duplicate charge.","accepted","curated_review","validated_atomic","Cross-horizon","Phase 0","SUB-E001","US-BL-001-02","AC-BL-001-02-REQ-100-D1A3F8F46A","TC-001-02-01;TC-001-02-02","","No implementation evidence inferred."
"MSR-100-F2DB09F026","100","CRITICAL INVARIANTS","2392","bullet","Never lose accepted usage events.","Every acknowledged usage event must remain durably recoverable.","accepted","curated_review","validated_atomic","Cross-horizon","Phase 2","SUB-E011","US-BL-011-01;US-BL-011-02","AC-BL-011-01-REQ-100-F2DB09F026;AC-BL-011-02-REQ-100-F2DB09F026","TC-011-01-02;TC-011-02-01","","No implementation evidence inferred."
"MSR-100-7C5198108C","100","CRITICAL INVARIANTS","2393","bullet","Never silently mutate posted invoices.","A posted invoice must never be mutated; corrections require linked corrective documents.","accepted","curated_review","validated_atomic","Cross-horizon","Phase 2","SUB-E008","US-BL-008-01;US-BL-008-04","AC-BL-008-01-REQ-100-7C5198108C;AC-BL-008-04-REQ-100-7C5198108C","TC-008-01-02;TC-008-04-01","","No implementation evidence inferred."
"MSR-100-E5C72CE8EF","100","CRITICAL INVARIANTS","2394","bullet","Never silently modify financial ledger history.","Financial-ledger history must be append-only and corrected through balanced entries.","accepted","curated_review","validated_atomic","Cross-horizon","Phase 2","SUB-E008","US-BL-008-02;US-BL-008-03;US-BL-008-04","AC-BL-008-02-REQ-100-E5C72CE8EF;AC-BL-008-03-REQ-100-E5C72CE8EF;AC-BL-008-04-REQ-100-E5C72CE8EF","TC-008-02-02;TC-008-03-02;TC-008-04-02","","No implementation evidence inferred."
"MSR-100-C2940C4995","100","CRITICAL INVARIANTS","2395","bullet","Never allow unauthorized pricing activation.","Pricing activation must require authorized maker-checker approval.","accepted","curated_review","validated_atomic","Cross-horizon","Phase 1","SUB-E002;SUB-E005","US-BL-002-03;US-BL-005-06","AC-BL-002-03-REQ-100-C2940C4995;AC-BL-005-06-REQ-100-C2940C4995","TC-002-03-02;TC-005-06-01;TC-005-06-02","","No implementation evidence inferred."
"MSR-100-2B6E40A9E3","100","CRITICAL INVARIANTS","2396","bullet","Never expose one tenant's data to another.","No tenant must be able to access another tenant's data.","accepted","curated_review","validated_atomic","Cross-horizon","Phase 0","SUB-E001;SUB-E017","US-BL-001-04;US-BL-017-03","AC-BL-001-04-REQ-100-2B6E40A9E3;AC-BL-017-03-REQ-100-2B6E40A9E3","TC-001-04-01;TC-001-04-02;TC-017-03-01;TC-017-03-02","","No implementation evidence inferred."
"MSR-100-C5EBB5FF61","100","CRITICAL INVARIANTS","2397","bullet","Never allow AI to fabricate financial explanations.","AI-generated financial explanations must contain only grounded, verifiable facts.","accepted","curated_review","validated_atomic","Cross-horizon","Phase 5","SUB-E015","US-BL-015-02","AC-BL-015-02-REQ-100-C5EBB5FF61","TC-015-02-01;TC-015-02-02","","No implementation evidence inferred."
"MSR-100-D9D23B15BD","100","CRITICAL INVARIANTS","2398","bullet","Never permit a financial transaction without traceability.","Every financial transaction must retain end-to-end source and decision traceability.","accepted","curated_review","validated_atomic","Cross-horizon","Phase 0","SUB-E005;SUB-E017","US-BL-005-05;US-BL-017-01","AC-BL-005-05-REQ-100-D9D23B15BD;AC-BL-017-01-REQ-100-D9D23B15BD","TC-005-05-01;TC-005-05-02;TC-017-01-01","","No implementation evidence inferred."
"MSR-100-445596E4C7","100","CRITICAL INVARIANTS","2399","bullet","Never apply a pricing change retroactively unless explicitly modeled as a correction.","A pricing change must not apply retroactively unless represented by an explicit correction.","accepted","curated_review","validated_atomic","Cross-horizon","Phase 1","SUB-E004;SUB-E005;SUB-E008","US-BL-004-01;US-BL-005-06;US-BL-008-04","AC-BL-004-01-REQ-100-445596E4C7;AC-BL-005-06-REQ-100-445596E4C7;AC-BL-008-04-REQ-100-445596E4C7","TC-004-01-02;TC-005-06-02;TC-008-04-01","","No implementation evidence inferred."
"MSR-100-89A23734C0","100","CRITICAL INVARIANTS","2400","bullet","Never permit an unlogged AI action to modify customer financial state.","An AI action must not modify customer financial state without immutable audit evidence.","accepted","curated_review","validated_atomic","Cross-horizon","Phase 5","SUB-E015;SUB-E017","US-BL-015-01;US-BL-017-01","AC-BL-015-01-REQ-100-89A23734C0;AC-BL-017-01-REQ-100-89A23734C0","TC-015-01-02;TC-017-01-01","","No implementation evidence inferred."
"MSR-101-D9FAF6F276","101","IMPLEMENTATION METHOD","2406","normative_prose","Do not generate the entire application in one pass.","Do not generate the entire application in one pass.","accepted","deterministic_source_normalization","normalized_atomic","Cross-horizon","Phase 0","SUB-E001","US-MSR-101-01","AC-MSR-101-01-01","TC-MSR-101-D9FAF6F276","","No implementation evidence inferred."
"MSR-101-314B81285F","101","IMPLEMENTATION METHOD","2408","contextual_prose","Work sequentially.","Product and implementation decisions must conform to this master-specification constraint: Work sequentially.","accepted","deterministic_source_normalization","normalized_atomic","Cross-horizon","Phase 0","SUB-E001","US-MSR-101-01","AC-MSR-101-01-02","TC-MSR-101-314B81285F","","No implementation evidence inferred."
"MSR-101-EB3C09F45B","101","IMPLEMENTATION METHOD","2410","normative_prose","For every major capability:","For every major capability:.","parent_context","deterministic_source_normalization","context_only","Cross-horizon","Phase 0","","","","","","Retained as context; delivery coverage is carried by child candidates."
"MSR-101-9F5984C4FF","101","IMPLEMENTATION METHOD","2412","numbered_item","Define requirements.","The platform must support Define requirements. within implementation method.","accepted","deterministic_source_normalization","normalized_atomic","Cross-horizon","Phase 0","SUB-E001","US-MSR-101-01","AC-MSR-101-01-03","TC-MSR-101-9F5984C4FF","","No implementation evidence inferred."
"MSR-101-FFE6070ED2","101","IMPLEMENTATION METHOD","2413","numbered_item","Define domain model.","The platform must support Define domain model. within implementation method.","accepted","deterministic_source_normalization","normalized_atomic","Cross-horizon","Phase 0","SUB-E001","US-MSR-101-01","AC-MSR-101-01-04","TC-MSR-101-FFE6070ED2","","No implementation evidence inferred."
"MSR-101-F533A2DDF1","101","IMPLEMENTATION METHOD","2414","numbered_item","Define states.","The platform must support Define states. within implementation method.","accepted","deterministic_source_normalization","normalized_atomic","Cross-horizon","Phase 0","SUB-E001","US-MSR-101-01","AC-MSR-101-01-05","TC-MSR-101-F533A2DDF1","","No implementation evidence inferred."
"MSR-101-717AAEEB1F","101","IMPLEMENTATION METHOD","2415","numbered_item","Define APIs.","The platform must support Define APIs. within implementation method.","accepted","deterministic_source_normalization","normalized_atomic","Cross-horizon","Phase 0","SUB-E001","US-MSR-101-01","AC-MSR-101-01-06","TC-MSR-101-717AAEEB1F","","No implementation evidence inferred."
"MSR-101-8BEBFBBC41","101","IMPLEMENTATION METHOD","2416","numbered_item","Define events.","The platform must support Define events. within implementation method.","accepted","deterministic_source_normalization","normalized_atomic","Cross-horizon","Phase 0","SUB-E001","US-MSR-101-01","AC-MSR-101-01-07","TC-MSR-101-8BEBFBBC41","","No implementation evidence inferred."
"MSR-101-3D4C4AB161","101","IMPLEMENTATION METHOD","2417","numbered_item","Define security.","The platform must support Define security. within implementation method.","accepted","deterministic_source_normalization","normalized_atomic","Cross-horizon","Phase 0","SUB-E001","US-MSR-101-01","AC-MSR-101-01-08","TC-MSR-101-3D4C4AB161","","No implementation evidence inferred."
"MSR-101-01DC543DDA","101","IMPLEMENTATION METHOD","2418","numbered_item","Define UX.","The platform must support Define UX. within implementation method.","accepted","deterministic_source_normalization","normalized_atomic","Cross-horizon","Phase 0","SUB-E001","US-MSR-101-01","AC-MSR-101-01-09","TC-MSR-101-01DC543DDA","","No implementation evidence inferred."
"MSR-101-617AF1AF41","101","IMPLEMENTATION METHOD","2419","numbered_item","Define database model.","The platform must support Define database model. within implementation method.","accepted","deterministic_source_normalization","normalized_atomic","Cross-horizon","Phase 0","SUB-E001","US-MSR-101-01","AC-MSR-101-01-10","TC-MSR-101-617AF1AF41","","No implementation evidence inferred."
"MSR-101-43C1389EDD","101","IMPLEMENTATION METHOD","2420","numbered_item","Implement backend.","The platform must support Implement backend. within implementation method.","accepted","deterministic_source_normalization","normalized_atomic","Cross-horizon","Phase 0","SUB-E001","US-MSR-101-02","AC-MSR-101-02-01","TC-MSR-101-43C1389EDD","","No implementation evidence inferred."
"MSR-101-FD18F29B51","101","IMPLEMENTATION METHOD","2421","numbered_item","Implement frontend.","The platform must support Implement frontend. within implementation method.","accepted","deterministic_source_normalization","normalized_atomic","Cross-horizon","Phase 0","SUB-E001","US-MSR-101-02","AC-MSR-101-02-02","TC-MSR-101-FD18F29B51","","No implementation evidence inferred."
"MSR-101-E60579F62D","101","IMPLEMENTATION METHOD","2422","numbered_item","Implement tests.","The platform must support Implement tests. within implementation method.","accepted","deterministic_source_normalization","normalized_atomic","Cross-horizon","Phase 0","SUB-E001","US-MSR-101-02","AC-MSR-101-02-03","TC-MSR-101-E60579F62D","","No implementation evidence inferred."
"MSR-101-321E553C5F","101","IMPLEMENTATION METHOD","2423","numbered_item","Instrument observability.","The platform must support Instrument observability. within implementation method.","accepted","deterministic_source_normalization","normalized_atomic","Cross-horizon","Phase 0","SUB-E001","US-MSR-101-02","AC-MSR-101-02-04","TC-MSR-101-321E553C5F","","No implementation evidence inferred."
"MSR-101-122A2A245E","101","IMPLEMENTATION METHOD","2424","numbered_item","Document.","The platform must support Document. within implementation method.","accepted","deterministic_source_normalization","normalized_atomic","Cross-horizon","Phase 0","SUB-E001","US-MSR-101-02","AC-MSR-101-02-05","TC-MSR-101-122A2A245E","","No implementation evidence inferred."
"MSR-101-38C0CE705B","101","IMPLEMENTATION METHOD","2425","numbered_item","Validate acceptance criteria.","The platform must support Validate acceptance criteria. within implementation method.","accepted","deterministic_source_normalization","normalized_atomic","Cross-horizon","Phase 0","SUB-E001","US-MSR-101-02","AC-MSR-101-02-06","TC-MSR-101-38C0CE705B","","No implementation evidence inferred."
"MSR-102-D85580E3C9","102","FIRST IMPLEMENTATION EPICS","2431","contextual_prose","Create delivery backlog for:","Product and implementation decisions must conform to this master-specification constraint: Create delivery backlog for:.","parent_context","deterministic_source_normalization","context_only","Cross-horizon","Cross-horizon","","","","","","Retained as context; delivery coverage is carried by child candidates."
"MSR-102-57B26FB050","102","FIRST IMPLEMENTATION EPICS","2433","bullet","SUB-001 Platform Foundation","The implementation backlog must include SUB-001 Platform Foundation.","accepted","deterministic_source_normalization","normalized_atomic","Cross-horizon","Cross-horizon","SUB-E001","US-MSR-102-01","AC-MSR-102-01-01","TC-MSR-102-57B26FB050","","No implementation evidence inferred."
"MSR-102-16B6401AD0","102","FIRST IMPLEMENTATION EPICS","2434","bullet","SUB-002 Identity & Tenant Management","The implementation backlog must include SUB-002 Identity & Tenant Management.","accepted","deterministic_source_normalization","normalized_atomic","Cross-horizon","Cross-horizon","SUB-E001","US-MSR-102-01","AC-MSR-102-01-02","TC-MSR-102-16B6401AD0","","No implementation evidence inferred."
"MSR-102-902DD89C27","102","FIRST IMPLEMENTATION EPICS","2435","bullet","SUB-003 Customer Management","The implementation backlog must include SUB-003 Customer Management.","accepted","deterministic_source_normalization","normalized_atomic","Cross-horizon","Cross-horizon","SUB-E001","US-MSR-102-01","AC-MSR-102-01-03","TC-MSR-102-902DD89C27","","No implementation evidence inferred."
"MSR-102-41BF9FDBE0","102","FIRST IMPLEMENTATION EPICS","2436","bullet","SUB-004 Product Catalog","The implementation backlog must include SUB-004 Product Catalog.","accepted","deterministic_source_normalization","normalized_atomic","Cross-horizon","Cross-horizon","SUB-E001","US-MSR-102-01","AC-MSR-102-01-04","TC-MSR-102-41BF9FDBE0","","No implementation evidence inferred."
"MSR-102-20F2A48A09","102","FIRST IMPLEMENTATION EPICS","2437","bullet","SUB-005 Pricing Engine","The implementation backlog must include SUB-005 Pricing Engine.","accepted","deterministic_source_normalization","normalized_atomic","Cross-horizon","Cross-horizon","SUB-E001","US-MSR-102-01","AC-MSR-102-01-05","TC-MSR-102-20F2A48A09","","No implementation evidence inferred."
"MSR-102-2C3C58612D","102","FIRST IMPLEMENTATION EPICS","2438","bullet","SUB-006 Subscription Lifecycle","The implementation backlog must include SUB-006 Subscription Lifecycle.","accepted","deterministic_source_normalization","normalized_atomic","Cross-horizon","Cross-horizon","SUB-E001","US-MSR-102-01","AC-MSR-102-01-06","TC-MSR-102-2C3C58612D","","No implementation evidence inferred."
"MSR-102-42025AADDC","102","FIRST IMPLEMENTATION EPICS","2439","bullet","SUB-007 Billing Engine","The implementation backlog must include SUB-007 Billing Engine.","accepted","deterministic_source_normalization","normalized_atomic","Cross-horizon","Cross-horizon","SUB-E001","US-MSR-102-01","AC-MSR-102-01-07","TC-MSR-102-42025AADDC","","No implementation evidence inferred."
"MSR-102-1F6FA27500","102","FIRST IMPLEMENTATION EPICS","2440","bullet","SUB-008 Invoice Management","The implementation backlog must include SUB-008 Invoice Management.","accepted","deterministic_source_normalization","normalized_atomic","Cross-horizon","Cross-horizon","SUB-E001","US-MSR-102-01","AC-MSR-102-01-08","TC-MSR-102-1F6FA27500","","No implementation evidence inferred."
"MSR-102-6A74914262","102","FIRST IMPLEMENTATION EPICS","2441","bullet","SUB-009 Payments","The implementation backlog must include SUB-009 Payments.","accepted","deterministic_source_normalization","normalized_atomic","Cross-horizon","Cross-horizon","SUB-E001","US-MSR-102-01","AC-MSR-102-01-09","TC-MSR-102-6A74914262","","No implementation evidence inferred."
"MSR-102-F0EB9CD2BA","102","FIRST IMPLEMENTATION EPICS","2442","bullet","SUB-010 Customer Portal","The implementation backlog must include SUB-010 Customer Portal.","accepted","deterministic_source_normalization","normalized_atomic","Cross-horizon","Cross-horizon","SUB-E001","US-MSR-102-01","AC-MSR-102-01-10","TC-MSR-102-F0EB9CD2BA","","No implementation evidence inferred."
"MSR-102-32AE125903","102","FIRST IMPLEMENTATION EPICS","2443","bullet","SUB-011 Usage & Metering","The implementation backlog must include SUB-011 Usage & Metering.","accepted","deterministic_source_normalization","normalized_atomic","Cross-horizon","Cross-horizon","SUB-E001","US-MSR-102-02","AC-MSR-102-02-01","TC-MSR-102-32AE125903","","No implementation evidence inferred."
"MSR-102-C92282703F","102","FIRST IMPLEMENTATION EPICS","2444","bullet","SUB-012 Collections","The implementation backlog must include SUB-012 Collections.","accepted","deterministic_source_normalization","normalized_atomic","Cross-horizon","Cross-horizon","SUB-E001","US-MSR-102-02","AC-MSR-102-02-02","TC-MSR-102-C92282703F","","No implementation evidence inferred."
"MSR-102-7C32BD9E39","102","FIRST IMPLEMENTATION EPICS","2445","bullet","SUB-013 Notifications","The implementation backlog must include SUB-013 Notifications.","accepted","deterministic_source_normalization","normalized_atomic","Cross-horizon","Cross-horizon","SUB-E001","US-MSR-102-02","AC-MSR-102-02-03","TC-MSR-102-7C32BD9E39","","No implementation evidence inferred."
"MSR-102-7BCE362E98","102","FIRST IMPLEMENTATION EPICS","2446","bullet","SUB-014 Analytics","The implementation backlog must include SUB-014 Analytics.","accepted","deterministic_source_normalization","normalized_atomic","Cross-horizon","Cross-horizon","SUB-E001","US-MSR-102-02","AC-MSR-102-02-04","TC-MSR-102-7BCE362E98","","No implementation evidence inferred."
"MSR-102-44066B940A","102","FIRST IMPLEMENTATION EPICS","2447","bullet","SUB-015 AI Revenue Intelligence","The implementation backlog must include SUB-015 AI Revenue Intelligence.","accepted","deterministic_source_normalization","normalized_atomic","Cross-horizon","Cross-horizon","SUB-E001","US-MSR-102-02","AC-MSR-102-02-05","TC-MSR-102-44066B940A","","No implementation evidence inferred."
"MSR-102-5F4FBEFDD5","102","FIRST IMPLEMENTATION EPICS","2448","bullet","SUB-016 Integration Framework","The implementation backlog must include SUB-016 Integration Framework.","accepted","deterministic_source_normalization","normalized_atomic","Cross-horizon","Cross-horizon","SUB-E001","US-MSR-102-02","AC-MSR-102-02-06","TC-MSR-102-5F4FBEFDD5","","No implementation evidence inferred."
"MSR-102-5B1C7642B1","102","FIRST IMPLEMENTATION EPICS","2449","bullet","SUB-017 Audit & Compliance.","The implementation backlog must include SUB-017 Audit & Compliance.","accepted","deterministic_source_normalization","normalized_atomic","Cross-horizon","Cross-horizon","SUB-E001","US-MSR-102-02","AC-MSR-102-02-07","TC-MSR-102-5B1C7642B1","","No implementation evidence inferred."
"MSR-102-66409FF428","102","FIRST IMPLEMENTATION EPICS","2451","contextual_prose","Break each epic into:","Product and implementation decisions must conform to this master-specification constraint: Break each epic into:.","parent_context","deterministic_source_normalization","context_only","Cross-horizon","Cross-horizon","","","","","","Retained as context; delivery coverage is carried by child candidates."
"MSR-102-B06DF14F7E","102","FIRST IMPLEMENTATION EPICS","2452","bullet","Features","The implementation backlog must include Features.","accepted","deterministic_source_normalization","normalized_atomic","Cross-horizon","Cross-horizon","SUB-E001","US-MSR-102-02","AC-MSR-102-02-08","TC-MSR-102-B06DF14F7E","","No implementation evidence inferred."
"MSR-102-27130A5B0D","102","FIRST IMPLEMENTATION EPICS","2453","bullet","User Stories","The implementation backlog must include User Stories.","accepted","deterministic_source_normalization","normalized_atomic","Cross-horizon","Cross-horizon","SUB-E001","US-MSR-102-02","AC-MSR-102-02-09","TC-MSR-102-27130A5B0D","","No implementation evidence inferred."
"MSR-102-458EC34A79","102","FIRST IMPLEMENTATION EPICS","2454","bullet","Acceptance Criteria","The implementation backlog must include Acceptance Criteria.","accepted","deterministic_source_normalization","normalized_atomic","Cross-horizon","Cross-horizon","SUB-E001","US-MSR-102-02","AC-MSR-102-02-10","TC-MSR-102-458EC34A79","","No implementation evidence inferred."
"MSR-102-850604EA77","102","FIRST IMPLEMENTATION EPICS","2455","bullet","API requirements","The implementation backlog must include API requirements.","accepted","deterministic_source_normalization","normalized_atomic","Cross-horizon","Cross-horizon","SUB-E001","US-MSR-102-03","AC-MSR-102-03-01","TC-MSR-102-850604EA77","","No implementation evidence inferred."
"MSR-102-1B159ACBD1","102","FIRST IMPLEMENTATION EPICS","2456","bullet","Data requirements","The implementation backlog must include Data requirements.","accepted","deterministic_source_normalization","normalized_atomic","Cross-horizon","Cross-horizon","SUB-E001","US-MSR-102-03","AC-MSR-102-03-02","TC-MSR-102-1B159ACBD1","","No implementation evidence inferred."
"MSR-102-615A980217","102","FIRST IMPLEMENTATION EPICS","2457","bullet","UX requirements","The implementation backlog must include UX requirements.","accepted","deterministic_source_normalization","normalized_atomic","Cross-horizon","Cross-horizon","SUB-E001","US-MSR-102-03","AC-MSR-102-03-03","TC-MSR-102-615A980217","","No implementation evidence inferred."
"MSR-102-29B3737F3D","102","FIRST IMPLEMENTATION EPICS","2458","bullet","Security requirements","The implementation backlog must include Security requirements.","accepted","deterministic_source_normalization","normalized_atomic","Cross-horizon","Cross-horizon","SUB-E001","US-MSR-102-03","AC-MSR-102-03-04","TC-MSR-102-29B3737F3D","","No implementation evidence inferred."
"MSR-102-6759F66EC3","102","FIRST IMPLEMENTATION EPICS","2459","bullet","Test requirements.","The implementation backlog must include Test requirements.","accepted","deterministic_source_normalization","normalized_atomic","Cross-horizon","Cross-horizon","SUB-E001","US-MSR-102-03","AC-MSR-102-03-05","TC-MSR-102-6759F66EC3","","No implementation evidence inferred."
"MSR-103-F379003A15","103","DEFINITION OF DONE","2465","contextual_prose","A feature is not complete merely because its interface exists.","A feature is not complete merely because its interface exists.","accepted","curated_review","validated_atomic","Cross-horizon","Phase 0","SUB-E001","US-MSR-103-DOD","AC-MSR-103-DOD-REQ-103-F379003A15","TC-US-MSR-103-DOD-01","","No implementation evidence inferred."
"MSR-103-358B046B85","103","DEFINITION OF DONE","2467","contextual_prose","Done means:","The Definition of Done comprises the following atomic evidence requirements.","parent_context","curated_review","context_only","Cross-horizon","Cross-cutting","","","","","","Retained as context; delivery coverage is carried by child candidates."
"MSR-103-64CE049BC6","103","DEFINITION OF DONE","2468","bullet","Domain rules implemented","Applicable domain rules must be implemented before a story is complete.","accepted","curated_review","validated_atomic","Cross-horizon","Phase 0","SUB-E001","US-MSR-103-DOD","AC-MSR-103-DOD-REQ-103-64CE049BC6","TC-US-MSR-103-DOD-01","","No implementation evidence inferred."
"MSR-103-DD99C57C99","103","DEFINITION OF DONE","2469","bullet","API implemented","Applicable APIs must be implemented before a story is complete.","accepted","curated_review","validated_atomic","Cross-horizon","Phase 0","SUB-E001","US-MSR-103-DOD","AC-MSR-103-DOD-REQ-103-DD99C57C99","TC-US-MSR-103-DOD-01","","No implementation evidence inferred."
"MSR-103-2543D58A94","103","DEFINITION OF DONE","2470","bullet","UI implemented","Applicable user interfaces must be implemented before a story is complete.","accepted","curated_review","validated_atomic","Cross-horizon","Phase 0","SUB-E001","US-MSR-103-DOD","AC-MSR-103-DOD-REQ-103-2543D58A94","TC-US-MSR-103-DOD-01","","No implementation evidence inferred."
"MSR-103-8AE91EFF47","103","DEFINITION OF DONE","2471","bullet","Authorization implemented","Applicable authorization controls must be implemented before a story is complete.","accepted","curated_review","validated_atomic","Cross-horizon","Phase 0","SUB-E001","US-MSR-103-DOD","AC-MSR-103-DOD-REQ-103-8AE91EFF47","TC-US-MSR-103-DOD-01","","No implementation evidence inferred."
"MSR-103-25618C084B","103","DEFINITION OF DONE","2472","bullet","Audit implemented","Applicable audit evidence must be implemented before a story is complete.","accepted","curated_review","validated_atomic","Cross-horizon","Phase 0","SUB-E001;SUB-E017","US-MSR-103-DOD","AC-MSR-103-DOD-REQ-103-25618C084B","TC-US-MSR-103-DOD-01","","No implementation evidence inferred."
"MSR-103-C447F1FCFA","103","DEFINITION OF DONE","2473","bullet","Errors handled","Expected and unexpected errors must be handled before a story is complete.","accepted","curated_review","validated_atomic","Cross-horizon","Phase 0","SUB-E001","US-MSR-103-DOD","AC-MSR-103-DOD-REQ-103-C447F1FCFA","TC-US-MSR-103-DOD-01","","No implementation evidence inferred."
"MSR-103-E45C091D3E","103","DEFINITION OF DONE","2474","bullet","Accessibility validated","Applicable accessibility requirements must be validated before a story is complete.","accepted","curated_review","validated_atomic","Cross-horizon","Phase 0","SUB-E001","US-MSR-103-DOD","AC-MSR-103-DOD-REQ-103-E45C091D3E","TC-US-MSR-103-DOD-01","","No implementation evidence inferred."
"MSR-103-9A1A617D13","103","DEFINITION OF DONE","2475","bullet","Observability implemented","Applicable observability must be implemented before a story is complete.","accepted","curated_review","validated_atomic","Cross-horizon","Phase 0","SUB-E001","US-MSR-103-DOD","AC-MSR-103-DOD-REQ-103-9A1A617D13","TC-US-MSR-103-DOD-01","","No implementation evidence inferred."
"MSR-103-84C4CAE9C7","103","DEFINITION OF DONE","2476","bullet","Tests passing","All required automated tests must pass before a story is complete.","accepted","curated_review","validated_atomic","Cross-horizon","Phase 0","SUB-E001","US-MSR-103-DOD","AC-MSR-103-DOD-REQ-103-84C4CAE9C7","TC-US-MSR-103-DOD-01","","No implementation evidence inferred."
"MSR-103-DC2B7965A0","103","DEFINITION OF DONE","2477","bullet","API documented","Applicable APIs must be documented before a story is complete.","accepted","curated_review","validated_atomic","Cross-horizon","Phase 0","SUB-E001","US-MSR-103-DOD","AC-MSR-103-DOD-REQ-103-DC2B7965A0","TC-US-MSR-103-DOD-01","","No implementation evidence inferred."
"MSR-103-8C502917E0","103","DEFINITION OF DONE","2478","bullet","User workflow documented","The affected user workflow must be documented before a story is complete.","accepted","curated_review","validated_atomic","Cross-horizon","Phase 0","SUB-E001","US-MSR-103-DOD","AC-MSR-103-DOD-REQ-103-8C502917E0","TC-US-MSR-103-DOD-01","","No implementation evidence inferred."
"MSR-103-58FA0E5A12","103","DEFINITION OF DONE","2479","bullet","Financial reconciliation tested where applicable.","Financial reconciliation must be tested before an applicable story is complete.","accepted","curated_review","validated_atomic","Cross-horizon","Phase 0","SUB-E001","US-MSR-103-DOD","AC-MSR-103-DOD-REQ-103-58FA0E5A12","TC-US-MSR-103-DOD-02","","No implementation evidence inferred."
"MSR-104-583743BED7","104","NORTH-STAR METRICS","2486","bullet","Payment Success Rate","The platform must support Payment Success Rate within north-star metrics.","accepted","deterministic_source_normalization","normalized_atomic","Cross-horizon","Cross-horizon","SUB-E014","US-MSR-104-01","AC-MSR-104-01-01","TC-MSR-104-583743BED7","","No implementation evidence inferred."
"MSR-104-03D099DE23","104","NORTH-STAR METRICS","2487","bullet","Collection Rate","The platform must support Collection Rate within north-star metrics.","accepted","deterministic_source_normalization","normalized_atomic","Cross-horizon","Cross-horizon","SUB-E014","US-MSR-104-01","AC-MSR-104-01-02","TC-MSR-104-03D099DE23","","No implementation evidence inferred."
"MSR-104-703B00BF2F","104","NORTH-STAR METRICS","2488","bullet","Revenue Leakage Rate","The platform must support Revenue Leakage Rate within north-star metrics.","accepted","deterministic_source_normalization","normalized_atomic","Cross-horizon","Cross-horizon","SUB-E014","US-MSR-104-01","AC-MSR-104-01-03","TC-MSR-104-703B00BF2F","","No implementation evidence inferred."
"MSR-104-945A963F7C","104","NORTH-STAR METRICS","2489","bullet","Days Sales Outstanding","The platform must support Days Sales Outstanding within north-star metrics.","accepted","deterministic_source_normalization","normalized_atomic","Cross-horizon","Cross-horizon","SUB-E014","US-MSR-104-01","AC-MSR-104-01-04","TC-MSR-104-945A963F7C","","No implementation evidence inferred."
"MSR-104-34142EDD87","104","NORTH-STAR METRICS","2490","bullet","Time to Launch New Pricing","The platform must support Time to Launch New Pricing within north-star metrics.","accepted","deterministic_source_normalization","normalized_atomic","Cross-horizon","Cross-horizon","SUB-E014","US-MSR-104-01","AC-MSR-104-01-05","TC-MSR-104-34142EDD87","","No implementation evidence inferred."
"MSR-104-1BD270B7D2-01","104","NORTH-STAR METRICS","2491","bullet","Billing Accuracy","The platform must support Billing Accuracy within north-star metrics.","accepted","deterministic_source_normalization","normalized_atomic","Cross-horizon","Cross-horizon","SUB-E014","US-MSR-104-01","AC-MSR-104-01-06","TC-MSR-104-1BD270B7D2-01","","No implementation evidence inferred."
"MSR-104-43D9A5ADB5","104","NORTH-STAR METRICS","2492","bullet","Subscription Retention","The platform must support Subscription Retention within north-star metrics.","accepted","deterministic_source_normalization","normalized_atomic","Cross-horizon","Cross-horizon","SUB-E014","US-MSR-104-01","AC-MSR-104-01-07","TC-MSR-104-43D9A5ADB5","","No implementation evidence inferred."
"MSR-104-A67C7D1FFC","104","NORTH-STAR METRICS","2493","bullet","Revenue Recovery.","The platform must support Revenue Recovery. within north-star metrics.","accepted","deterministic_source_normalization","normalized_atomic","Cross-horizon","Cross-horizon","SUB-E014","US-MSR-104-01","AC-MSR-104-01-08","TC-MSR-104-A67C7D1FFC","","No implementation evidence inferred."
"MSR-104-254D800010","104","NORTH-STAR METRICS","2496","bullet","Successful Self-Service Rate","The platform must support Successful Self-Service Rate within north-star metrics.","accepted","deterministic_source_normalization","normalized_atomic","Cross-horizon","Cross-horizon","SUB-E014","US-MSR-104-01","AC-MSR-104-01-09","TC-MSR-104-254D800010","","No implementation evidence inferred."
"MSR-104-C37C5986EA","104","NORTH-STAR METRICS","2497","bullet","Payment Completion Time","The platform must support Payment Completion Time within north-star metrics.","accepted","deterministic_source_normalization","normalized_atomic","Cross-horizon","Cross-horizon","SUB-E014","US-MSR-104-01","AC-MSR-104-01-10","TC-MSR-104-C37C5986EA","","No implementation evidence inferred."
"MSR-104-E774E3FC86","104","NORTH-STAR METRICS","2498","bullet","Billing Dispute Rate","The platform must support Billing Dispute Rate within north-star metrics.","accepted","deterministic_source_normalization","normalized_atomic","Cross-horizon","Cross-horizon","SUB-E014","US-MSR-104-02","AC-MSR-104-02-01","TC-MSR-104-E774E3FC86","","No implementation evidence inferred."
"MSR-104-4FC3C72121","104","NORTH-STAR METRICS","2499","bullet","Unexpected Bill Rate","The platform must support Unexpected Bill Rate within north-star metrics.","accepted","deterministic_source_normalization","normalized_atomic","Cross-horizon","Cross-horizon","SUB-E014","US-MSR-104-02","AC-MSR-104-02-02","TC-MSR-104-4FC3C72121","","No implementation evidence inferred."
"MSR-104-498247037D","104","NORTH-STAR METRICS","2500","bullet","Support Contacts per 1,000 Subscribers.","The platform must support Support Contacts per 1,000 Subscribers. within north-star metrics.","accepted","deterministic_source_normalization","normalized_atomic","Cross-horizon","Cross-horizon","SUB-E014","US-MSR-104-02","AC-MSR-104-02-03","TC-MSR-104-498247037D","","No implementation evidence inferred."
"MSR-104-1BD270B7D2-02","104","NORTH-STAR METRICS","2503","bullet","Billing Accuracy","The platform must support Billing Accuracy within north-star metrics.","accepted","deterministic_source_normalization","normalized_atomic","Cross-horizon","Cross-horizon","SUB-E014","US-MSR-104-02","AC-MSR-104-02-04","TC-MSR-104-1BD270B7D2-02","","No implementation evidence inferred."
"MSR-104-83766EDDDD","104","NORTH-STAR METRICS","2504","bullet","API Availability","The platform must support API Availability within north-star metrics.","accepted","deterministic_source_normalization","normalized_atomic","Cross-horizon","Cross-horizon","SUB-E014","US-MSR-104-02","AC-MSR-104-02-05","TC-MSR-104-83766EDDDD","","No implementation evidence inferred."
"MSR-104-68932EB416","104","NORTH-STAR METRICS","2505","bullet","Event Processing Latency","The platform must support Event Processing Latency within north-star metrics.","accepted","deterministic_source_normalization","normalized_atomic","Cross-horizon","Cross-horizon","SUB-E014","US-MSR-104-02","AC-MSR-104-02-06","TC-MSR-104-68932EB416","","No implementation evidence inferred."
"MSR-104-6CFFD8A16C","104","NORTH-STAR METRICS","2506","bullet","Invoice Processing Time","The platform must support Invoice Processing Time within north-star metrics.","accepted","deterministic_source_normalization","normalized_atomic","Cross-horizon","Cross-horizon","SUB-E014","US-MSR-104-02","AC-MSR-104-02-07","TC-MSR-104-6CFFD8A16C","","No implementation evidence inferred."
"MSR-104-D47ECBA2F6","104","NORTH-STAR METRICS","2507","bullet","Payment Processing Reliability.","The platform must support Payment Processing Reliability. within north-star metrics.","accepted","deterministic_source_normalization","normalized_atomic","Cross-horizon","Cross-horizon","SUB-E014","US-MSR-104-02","AC-MSR-104-02-08","TC-MSR-104-D47ECBA2F6","","No implementation evidence inferred."
"MSR-105-C6DC50A087-01","105","FINAL PRODUCT PHILOSOPHY","2513","normative_prose","Do not build:","Do not build:.","parent_context","deterministic_source_normalization","context_only","Cross-horizon","Cross-horizon","","","","","","Retained as context; delivery coverage is carried by child candidates."
"MSR-105-A5D16054EE","105","FINAL PRODUCT PHILOSOPHY","2515","contextual_prose","""a better invoice generator.","Product and implementation decisions must conform to this master-specification constraint: ""a better invoice generator.","accepted","deterministic_source_normalization","normalized_atomic","Cross-horizon","Cross-horizon","SUB-E001","US-MSR-105-01","AC-MSR-105-01-01","TC-MSR-105-A5D16054EE","","No implementation evidence inferred."
"MSR-105-C6DC50A087-02","105","FINAL PRODUCT PHILOSOPHY","2517","normative_prose","Do not build:","Do not build:.","parent_context","deterministic_source_normalization","context_only","Cross-horizon","Cross-horizon","","","","","","Retained as context; delivery coverage is carried by child candidates."
"MSR-105-CE06EDDC4D","105","FINAL PRODUCT PHILOSOPHY","2519","contextual_prose","""a cloned Chargebee.","Product and implementation decisions must conform to this master-specification constraint: ""a cloned Chargebee.","accepted","deterministic_source_normalization","normalized_atomic","Cross-horizon","Cross-horizon","SUB-E001","US-MSR-105-01","AC-MSR-105-01-02","TC-MSR-105-CE06EDDC4D","","No implementation evidence inferred."
"MSR-105-C6DC50A087-03","105","FINAL PRODUCT PHILOSOPHY","2521","normative_prose","Do not build:","Do not build:.","parent_context","deterministic_source_normalization","context_only","Cross-horizon","Cross-horizon","","","","","","Retained as context; delivery coverage is carried by child candidates."
"MSR-105-195F5131DB","105","FINAL PRODUCT PHILOSOPHY","2523","contextual_prose","""a lighter SAP BRIM.","Product and implementation decisions must conform to this master-specification constraint: ""a lighter SAP BRIM.","accepted","deterministic_source_normalization","normalized_atomic","Cross-horizon","Cross-horizon","SUB-E001","US-MSR-105-01","AC-MSR-105-01-03","TC-MSR-105-195F5131DB","","No implementation evidence inferred."
"MSR-105-A452C048E1","105","FINAL PRODUCT PHILOSOPHY","2525","normative_prose","Build:","Build:.","parent_context","deterministic_source_normalization","context_only","Cross-horizon","Cross-horizon","","","","","","Retained as context; delivery coverage is carried by child candidates."
"MSR-105-70AF235094","105","FINAL PRODUCT PHILOSOPHY","2529","normative_prose","The fundamental product promise should be:","The fundamental product promise should be:.","parent_context","deterministic_source_normalization","context_only","Cross-horizon","Cross-horizon","","","","","","Retained as context; delivery coverage is carried by child candidates."
"MSR-105-B18648129A","105","FINAL PRODUCT PHILOSOPHY","2531","contextual_prose","> Businesses can monetize almost anything, subscribers can always understand what they owe and why, and the platform relentlessly moves legitimate revenue from commercial agreement to collected cash with minimal friction.","Product and implementation decisions must conform to this master-specification constraint: > Businesses can monetize almost anything, subscribers can always understand what they owe and why, and the platform relentlessly moves legitimate revenue from commercial agreement to collected cash with minimal friction.","accepted","deterministic_source_normalization","normalized_atomic","Cross-horizon","Cross-horizon","SUB-E001","US-MSR-105-01","AC-MSR-105-01-04","TC-MSR-105-B18648129A","","No implementation evidence inferred."
"MSR-105-71240E0786","105","FINAL PRODUCT PHILOSOPHY","2533","contextual_prose","Optimize simultaneously for:","Product and implementation decisions must conform to this master-specification constraint: Optimize simultaneously for:.","parent_context","deterministic_source_normalization","context_only","Cross-horizon","Cross-horizon","","","","","","Retained as context; delivery coverage is carried by child candidates."
"MSR-105-34D5A9CF46","105","FINAL PRODUCT PHILOSOPHY","2535","contextual_prose","BUSINESS FLEXIBILITY","Product and implementation decisions must conform to this master-specification constraint: BUSINESS FLEXIBILITY.","accepted","deterministic_source_normalization","normalized_atomic","Cross-horizon","Cross-horizon","SUB-E001","US-MSR-105-01","AC-MSR-105-01-05","TC-MSR-105-34D5A9CF46","","No implementation evidence inferred."
"MSR-105-1D3DA8B59B","105","FINAL PRODUCT PHILOSOPHY","2539","contextual_prose","FINANCIAL CONTROL","Product and implementation decisions must conform to this master-specification constraint: FINANCIAL CONTROL.","accepted","deterministic_source_normalization","normalized_atomic","Cross-horizon","Cross-horizon","SUB-E001","US-MSR-105-01","AC-MSR-105-01-06","TC-MSR-105-1D3DA8B59B","","No implementation evidence inferred."
"MSR-105-BD914E6EC7","105","FINAL PRODUCT PHILOSOPHY","2543","contextual_prose","SUBSCRIBER TRUST","Product and implementation decisions must conform to this master-specification constraint: SUBSCRIBER TRUST.","accepted","deterministic_source_normalization","normalized_atomic","Cross-horizon","Cross-horizon","SUB-E001","US-MSR-105-01","AC-MSR-105-01-07","TC-MSR-105-BD914E6EC7","","No implementation evidence inferred."
"MSR-105-E2BFB0562F","105","FINAL PRODUCT PHILOSOPHY","2547","contextual_prose","PAYMENT SUCCESS.","Product and implementation decisions must conform to this master-specification constraint: PAYMENT SUCCESS.","accepted","deterministic_source_normalization","normalized_atomic","Cross-horizon","Cross-horizon","SUB-E001","US-MSR-105-01","AC-MSR-105-01-08","TC-MSR-105-E2BFB0562F","","No implementation evidence inferred."
"MSR-105-19FA707996","105","FINAL PRODUCT PHILOSOPHY","2549","contextual_prose","When forced to choose between adding another configuration screen and removing complexity from the experience, prefer removing complexity while preserving enterprise-grade capability.","Product and implementation decisions must conform to this master-specification constraint: When forced to choose between adding another configuration screen and removing complexity from the experience, prefer removing complexity while preserving enterprise-grade capability.","accepted","deterministic_source_normalization","normalized_atomic","Cross-horizon","Cross-horizon","SUB-E001","US-MSR-105-01","AC-MSR-105-01-09","TC-MSR-105-19FA707996","","No implementation evidence inferred."
"MSR-105-46D98C5014","105","FINAL PRODUCT PHILOSOPHY","2551","normative_prose","The product should make sophisticated subscription economics accessible to organizations without requiring them to become billing-system experts.","The product should make sophisticated subscription economics accessible to organizations without requiring them to become billing-system experts.","accepted","deterministic_source_normalization","normalized_atomic","Cross-horizon","Cross-horizon","SUB-E001","US-MSR-105-01","AC-MSR-105-01-10","TC-MSR-105-46D98C5014","","No implementation evidence inferred."
"MSR-106-A23C845F8C","106","INITIAL OUTPUT REQUIRED FROM THE IMPLEMENTATION AI","2557","normative_prose","Before writing production code, produce the following artifacts in order:","Before writing production code, produce the following artifacts in order:.","parent_context","deterministic_source_normalization","context_only","Cross-horizon","Cross-horizon","","","","","","Retained as context; delivery coverage is carried by child candidates."
"MSR-106-1590F20D86","106","INITIAL OUTPUT REQUIRED FROM THE IMPLEMENTATION AI","2559","numbered_item","Product Requirements Document","The pre-production deliverable set must include Product Requirements Document.","accepted","deterministic_source_normalization","normalized_atomic","Cross-horizon","Cross-horizon","SUB-E001","US-MSR-106-01","AC-MSR-106-01-01","TC-MSR-106-1590F20D86","","No implementation evidence inferred."
"MSR-106-24D9A979BB","106","INITIAL OUTPUT REQUIRED FROM THE IMPLEMENTATION AI","2560","numbered_item","Competitive capability matrix","The pre-production deliverable set must include Competitive capability matrix.","accepted","deterministic_source_normalization","normalized_atomic","Cross-horizon","Cross-horizon","SUB-E001","US-MSR-106-01","AC-MSR-106-01-02","TC-MSR-106-24D9A979BB","","No implementation evidence inferred."
"MSR-106-BE7FAE911A","106","INITIAL OUTPUT REQUIRED FROM THE IMPLEMENTATION AI","2561","numbered_item","Domain model","The pre-production deliverable set must include Domain model.","accepted","deterministic_source_normalization","normalized_atomic","Cross-horizon","Cross-horizon","SUB-E001","US-MSR-106-01","AC-MSR-106-01-03","TC-MSR-106-BE7FAE911A","","No implementation evidence inferred."
"MSR-106-4E5A511D1E","106","INITIAL OUTPUT REQUIRED FROM THE IMPLEMENTATION AI","2562","numbered_item","System context diagram","The pre-production deliverable set must include System context diagram.","accepted","deterministic_source_normalization","normalized_atomic","Cross-horizon","Cross-horizon","SUB-E001","US-MSR-106-01","AC-MSR-106-01-04","TC-MSR-106-4E5A511D1E","","No implementation evidence inferred."
"MSR-106-6F6C8464D9","106","INITIAL OUTPUT REQUIRED FROM THE IMPLEMENTATION AI","2563","numbered_item","Logical architecture","The pre-production deliverable set must include Logical architecture.","accepted","deterministic_source_normalization","normalized_atomic","Cross-horizon","Cross-horizon","SUB-E001","US-MSR-106-01","AC-MSR-106-01-05","TC-MSR-106-6F6C8464D9","","No implementation evidence inferred."
"MSR-106-D725678E54","106","INITIAL OUTPUT REQUIRED FROM THE IMPLEMENTATION AI","2564","numbered_item","Revenue Lifecycle Graph design","The pre-production deliverable set must include Revenue Lifecycle Graph design.","accepted","deterministic_source_normalization","normalized_atomic","Cross-horizon","Cross-horizon","SUB-E001","US-MSR-106-01","AC-MSR-106-01-06","TC-MSR-106-D725678E54","","No implementation evidence inferred."
"MSR-106-0950A58209","106","INITIAL OUTPUT REQUIRED FROM THE IMPLEMENTATION AI","2565","numbered_item","Data model / ERD","The pre-production deliverable set must include Data model / ERD.","accepted","deterministic_source_normalization","normalized_atomic","Cross-horizon","Cross-horizon","SUB-E001","US-MSR-106-01","AC-MSR-106-01-07","TC-MSR-106-0950A58209","","No implementation evidence inferred."
"MSR-106-BDEE38E522","106","INITIAL OUTPUT REQUIRED FROM THE IMPLEMENTATION AI","2566","numbered_item","Subscription state machine","The pre-production deliverable set must include Subscription state machine.","accepted","deterministic_source_normalization","normalized_atomic","Cross-horizon","Cross-horizon","SUB-E001","US-MSR-106-01","AC-MSR-106-01-08","TC-MSR-106-BDEE38E522","","No implementation evidence inferred."
"MSR-106-F1925EFB51","106","INITIAL OUTPUT REQUIRED FROM THE IMPLEMENTATION AI","2567","numbered_item","Invoice state machine","The pre-production deliverable set must include Invoice state machine.","accepted","deterministic_source_normalization","normalized_atomic","Cross-horizon","Cross-horizon","SUB-E001","US-MSR-106-01","AC-MSR-106-01-09","TC-MSR-106-F1925EFB51","","No implementation evidence inferred."
"MSR-106-5060ACBFE0","106","INITIAL OUTPUT REQUIRED FROM THE IMPLEMENTATION AI","2568","numbered_item","Payment state machine","The pre-production deliverable set must include Payment state machine.","accepted","deterministic_source_normalization","normalized_atomic","Cross-horizon","Cross-horizon","SUB-E001","US-MSR-106-01","AC-MSR-106-01-10","TC-MSR-106-5060ACBFE0","","No implementation evidence inferred."
"MSR-106-B5C1127731","106","INITIAL OUTPUT REQUIRED FROM THE IMPLEMENTATION AI","2569","numbered_item","Collection state machine","The pre-production deliverable set must include Collection state machine.","accepted","deterministic_source_normalization","normalized_atomic","Cross-horizon","Cross-horizon","SUB-E001","US-MSR-106-02","AC-MSR-106-02-01","TC-MSR-106-B5C1127731","","No implementation evidence inferred."
"MSR-106-F81353840E","106","INITIAL OUTPUT REQUIRED FROM THE IMPLEMENTATION AI","2570","numbered_item","Pricing engine specification","The pre-production deliverable set must include Pricing engine specification.","accepted","deterministic_source_normalization","normalized_atomic","Cross-horizon","Cross-horizon","SUB-E001","US-MSR-106-02","AC-MSR-106-02-02","TC-MSR-106-F81353840E","","No implementation evidence inferred."
"MSR-106-1D9B1081AA","106","INITIAL OUTPUT REQUIRED FROM THE IMPLEMENTATION AI","2571","numbered_item","API specification","The pre-production deliverable set must include API specification.","accepted","deterministic_source_normalization","normalized_atomic","Cross-horizon","Cross-horizon","SUB-E001","US-MSR-106-02","AC-MSR-106-02-03","TC-MSR-106-1D9B1081AA","","No implementation evidence inferred."
"MSR-106-4475420BCF","106","INITIAL OUTPUT REQUIRED FROM THE IMPLEMENTATION AI","2572","numbered_item","Event taxonomy","The pre-production deliverable set must include Event taxonomy.","accepted","deterministic_source_normalization","normalized_atomic","Cross-horizon","Cross-horizon","SUB-E001","US-MSR-106-02","AC-MSR-106-02-04","TC-MSR-106-4475420BCF","","No implementation evidence inferred."
"MSR-106-B352837A12","106","INITIAL OUTPUT REQUIRED FROM THE IMPLEMENTATION AI","2573","numbered_item","Security architecture","The pre-production deliverable set must include Security architecture.","accepted","deterministic_source_normalization","normalized_atomic","Cross-horizon","Cross-horizon","SUB-E001","US-MSR-106-02","AC-MSR-106-02-05","TC-MSR-106-B352837A12","","No implementation evidence inferred."
"MSR-106-DD63232324","106","INITIAL OUTPUT REQUIRED FROM THE IMPLEMENTATION AI","2574","numbered_item","Multi-tenancy architecture","The pre-production deliverable set must include Multi-tenancy architecture.","accepted","deterministic_source_normalization","normalized_atomic","Cross-horizon","Cross-horizon","SUB-E001","US-MSR-106-02","AC-MSR-106-02-06","TC-MSR-106-DD63232324","","No implementation evidence inferred."
"MSR-106-E2C261BD67","106","INITIAL OUTPUT REQUIRED FROM THE IMPLEMENTATION AI","2575","numbered_item","UX information architecture","The pre-production deliverable set must include UX information architecture.","accepted","deterministic_source_normalization","normalized_atomic","Cross-horizon","Cross-horizon","SUB-E001","US-MSR-106-02","AC-MSR-106-02-07","TC-MSR-106-E2C261BD67","","No implementation evidence inferred."
"MSR-106-8765AF7BEF","106","INITIAL OUTPUT REQUIRED FROM THE IMPLEMENTATION AI","2576","numbered_item","Wireframes for ten primary screens","The pre-production deliverable set must include Wireframes for ten primary screens.","accepted","deterministic_source_normalization","normalized_atomic","Cross-horizon","Cross-horizon","SUB-E001","US-MSR-106-02","AC-MSR-106-02-08","TC-MSR-106-8765AF7BEF","","No implementation evidence inferred."
"MSR-106-D5545CC38E","106","INITIAL OUTPUT REQUIRED FROM THE IMPLEMENTATION AI","2577","numbered_item","MVP backlog","The pre-production deliverable set must include MVP backlog.","accepted","deterministic_source_normalization","normalized_atomic","Cross-horizon","Cross-horizon","SUB-E001","US-MSR-106-02","AC-MSR-106-02-09","TC-MSR-106-D5545CC38E","","No implementation evidence inferred."
"MSR-106-947BD67293","106","INITIAL OUTPUT REQUIRED FROM THE IMPLEMENTATION AI","2578","numbered_item","Epic → Feature → User Story → Acceptance Criteria decomposition","The pre-production deliverable set must include Epic → Feature → User Story → Acceptance Criteria decomposition.","accepted","deterministic_source_normalization","normalized_atomic","Cross-horizon","Cross-horizon","SUB-E001","US-MSR-106-02","AC-MSR-106-02-10","TC-MSR-106-947BD67293","","No implementation evidence inferred."
"MSR-106-E1CAB1A9BB","106","INITIAL OUTPUT REQUIRED FROM THE IMPLEMENTATION AI","2579","numbered_item","Technical implementation plan","The pre-production deliverable set must include Technical implementation plan.","accepted","deterministic_source_normalization","normalized_atomic","Cross-horizon","Cross-horizon","SUB-E001","US-MSR-106-03","AC-MSR-106-03-01","TC-MSR-106-E1CAB1A9BB","","No implementation evidence inferred."
"MSR-106-3980FF9CDA","106","INITIAL OUTPUT REQUIRED FROM THE IMPLEMENTATION AI","2580","numbered_item","Repository structure","The pre-production deliverable set must include Repository structure.","accepted","deterministic_source_normalization","normalized_atomic","Cross-horizon","Cross-horizon","SUB-E001","US-MSR-106-03","AC-MSR-106-03-02","TC-MSR-106-3980FF9CDA","","No implementation evidence inferred."
"MSR-106-55DD4ADBF5","106","INITIAL OUTPUT REQUIRED FROM THE IMPLEMENTATION AI","2581","numbered_item","Coding standards","The pre-production deliverable set must include Coding standards.","accepted","deterministic_source_normalization","normalized_atomic","Cross-horizon","Cross-horizon","SUB-E001","US-MSR-106-03","AC-MSR-106-03-03","TC-MSR-106-55DD4ADBF5","","No implementation evidence inferred."
"MSR-106-111E9012CD","106","INITIAL OUTPUT REQUIRED FROM THE IMPLEMENTATION AI","2582","numbered_item","Testing strategy","The pre-production deliverable set must include Testing strategy.","accepted","deterministic_source_normalization","normalized_atomic","Cross-horizon","Cross-horizon","SUB-E001","US-MSR-106-03","AC-MSR-106-03-04","TC-MSR-106-111E9012CD","","No implementation evidence inferred."
"MSR-106-D4AB7988D3","106","INITIAL OUTPUT REQUIRED FROM THE IMPLEMENTATION AI","2583","numbered_item","Deployment architecture","The pre-production deliverable set must include Deployment architecture.","accepted","deterministic_source_normalization","normalized_atomic","Cross-horizon","Cross-horizon","SUB-E001","US-MSR-106-03","AC-MSR-106-03-05","TC-MSR-106-D4AB7988D3","","No implementation evidence inferred."
"MSR-106-3F427EF84A","106","INITIAL OUTPUT REQUIRED FROM THE IMPLEMENTATION AI","2584","numbered_item","MVP implementation.","The pre-production deliverable set must include MVP implementation.","accepted","deterministic_source_normalization","normalized_atomic","Cross-horizon","Cross-horizon","SUB-E001","US-MSR-106-03","AC-MSR-106-03-06","TC-MSR-106-3F427EF84A","","No implementation evidence inferred."
"MSR-106-CE92E560BE","106","INITIAL OUTPUT REQUIRED FROM THE IMPLEMENTATION AI","2586","normative_prose","Do not jump immediately into UI code.","Do not jump immediately into UI code.","accepted","deterministic_source_normalization","normalized_atomic","Cross-horizon","Cross-horizon","SUB-E001","US-MSR-106-03","AC-MSR-106-03-07","TC-MSR-106-CE92E560BE","","No implementation evidence inferred."
"MSR-106-FA919E090A","106","INITIAL OUTPUT REQUIRED FROM THE IMPLEMENTATION AI","2588","contextual_prose","First establish correct commercial, financial and architectural foundations.","Product and implementation decisions must conform to this master-specification constraint: First establish correct commercial, financial and architectural foundations.","accepted","deterministic_source_normalization","normalized_atomic","Cross-horizon","Cross-horizon","SUB-E001","US-MSR-106-03","AC-MSR-106-03-08","TC-MSR-106-FA919E090A","","No implementation evidence inferred."
"MSR-106-0CE14C8B1F","106","INITIAL OUTPUT REQUIRED FROM THE IMPLEMENTATION AI","2590","normative_prose","For every major architectural choice state:","For every major architectural choice state:.","parent_context","deterministic_source_normalization","context_only","Cross-horizon","Cross-horizon","","","","","","Retained as context; delivery coverage is carried by child candidates."
"MSR-106-679F84E4C7","106","INITIAL OUTPUT REQUIRED FROM THE IMPLEMENTATION AI","2591","bullet","decision","The pre-production deliverable set must include decision.","accepted","deterministic_source_normalization","normalized_atomic","Cross-horizon","Cross-horizon","SUB-E001","US-MSR-106-03","AC-MSR-106-03-09","TC-MSR-106-679F84E4C7","","No implementation evidence inferred."
"MSR-106-9815747D54","106","INITIAL OUTPUT REQUIRED FROM THE IMPLEMENTATION AI","2592","bullet","alternatives considered","The pre-production deliverable set must include alternatives considered.","accepted","deterministic_source_normalization","normalized_atomic","Cross-horizon","Cross-horizon","SUB-E001","US-MSR-106-03","AC-MSR-106-03-10","TC-MSR-106-9815747D54","","No implementation evidence inferred."
"MSR-106-E8516C9E3F","106","INITIAL OUTPUT REQUIRED FROM THE IMPLEMENTATION AI","2593","bullet","advantages","The pre-production deliverable set must include advantages.","accepted","deterministic_source_normalization","normalized_atomic","Cross-horizon","Cross-horizon","SUB-E001","US-MSR-106-04","AC-MSR-106-04-01","TC-MSR-106-E8516C9E3F","","No implementation evidence inferred."
"MSR-106-5DAB5D636F","106","INITIAL OUTPUT REQUIRED FROM THE IMPLEMENTATION AI","2594","bullet","disadvantages","The pre-production deliverable set must include disadvantages.","accepted","deterministic_source_normalization","normalized_atomic","Cross-horizon","Cross-horizon","SUB-E001","US-MSR-106-04","AC-MSR-106-04-02","TC-MSR-106-5DAB5D636F","","No implementation evidence inferred."
"MSR-106-B77482CBF9","106","INITIAL OUTPUT REQUIRED FROM THE IMPLEMENTATION AI","2595","bullet","rationale","The pre-production deliverable set must include rationale.","accepted","deterministic_source_normalization","normalized_atomic","Cross-horizon","Cross-horizon","SUB-E001","US-MSR-106-04","AC-MSR-106-04-03","TC-MSR-106-B77482CBF9","","No implementation evidence inferred."
"MSR-106-507F3834CC","106","INITIAL OUTPUT REQUIRED FROM THE IMPLEMENTATION AI","2596","bullet","implications.","The pre-production deliverable set must include implications.","accepted","deterministic_source_normalization","normalized_atomic","Cross-horizon","Cross-horizon","SUB-E001","US-MSR-106-04","AC-MSR-106-04-04","TC-MSR-106-507F3834CC","","No implementation evidence inferred."
"MSR-106-6B9033E64A","106","INITIAL OUTPUT REQUIRED FROM THE IMPLEMENTATION AI","2598","contextual_prose","When requirements are ambiguous, make a sensible enterprise-grade assumption, explicitly document it, and continue rather than blocking implementation.","Product and implementation decisions must conform to this master-specification constraint: When requirements are ambiguous, make a sensible enterprise-grade assumption, explicitly document it, and continue rather than blocking implementation.","accepted","deterministic_source_normalization","normalized_atomic","Cross-horizon","Cross-horizon","SUB-E001","US-MSR-106-04","AC-MSR-106-04-05","TC-MSR-106-6B9033E64A","","No implementation evidence inferred."
"MSR-106-A20064E6A3","106","INITIAL OUTPUT REQUIRED FROM THE IMPLEMENTATION AI","2600","normative_prose","The resulting platform should be capable of starting as a focused SaaS product but evolving into an enterprise-grade revenue-management platform capable of supporting high-volume global subscription businesses.","The resulting platform should be capable of starting as a focused SaaS product but evolving into an enterprise-grade revenue-management platform capable of supporting high-volume global subscription businesses.","accepted","deterministic_source_normalization","normalized_atomic","Cross-horizon","Cross-horizon","SUB-E001","US-MSR-106-04","AC-MSR-106-04-06","TC-MSR-106-A20064E6A3","","No implementation evidence inferred."
