"Issue ID","Issue Type","Summary","Description","Epic Name","Epic Link","Parent","External ID","Labels","Priority","Status","Implementation Status","Progress","Acceptance Criteria","Requirement IDs","Test IDs","Implementation Phase","Source"
"18","Story","Propagate trusted tenant context","As a Platform engineer, I want propagate trusted tenant context, so that trusted context, reliable commands, durable events and shared platform controls.","","SUB-E001","1","US-BL-001-01","sintius phase-0 master-specification","Medium","Done","implemented","100","AC-BL-001-01-01 | Given verified membership in tenant A, when a request enters the application, tenant A is propagated through asynchronous work without accepting a body override. | Requirements:  | Tests: TC-001-01-01;TC-001-01-02;TC-001-01-03
AC-BL-001-01-02 | Given a principal without membership, access is denied before a domain transaction begins. | Requirements:  | Tests: TC-001-01-01;TC-001-01-02;TC-001-01-03
AC-BL-001-01-REQ-082-8E4D03300F | Tenant ID must be enforced throughout storage and access layers. | Requirements: MSR-082-8E4D03300F | Tests: TC-001-01-02;TC-001-01-03","MSR-082-8E4D03300F","TC-001-01-01;TC-001-01-02;TC-001-01-03","Phase 0","BL-001-01"
"19","Story","Execute commands idempotently","As a API consumer, I want execute commands idempotently, so that trusted context, reliable commands, durable events and shared platform controls.","","SUB-E001","1","US-BL-001-02","sintius phase-0 master-specification","Medium","Done","implemented","100","AC-BL-001-02-01 | An identical retry with the same tenant, command, key and payload returns the original response without another effect. | Requirements:  | Tests: TC-001-02-01;TC-001-02-02;TC-001-02-03
AC-BL-001-02-02 | Reusing the key with a different canonical payload returns a 409 conflict. | Requirements:  | Tests: TC-001-02-01;TC-001-02-02;TC-001-02-03
AC-BL-001-02-REQ-058-C69192855F | All financial APIs must protect against duplicate execution. | Requirements: MSR-058-C69192855F | Tests: TC-001-02-01;TC-001-02-02;TC-001-02-03
AC-BL-001-02-REQ-058-2CCE1DD0DC | Repeating the same request must not charge a customer twice. | Requirements: MSR-058-2CCE1DD0DC | Tests: TC-001-02-01;TC-001-02-02
AC-BL-001-02-REQ-100-D1A3F8F46A | Retries must never create a duplicate charge. | Requirements: MSR-100-D1A3F8F46A | Tests: TC-001-02-01;TC-001-02-02","MSR-058-C69192855F;MSR-058-2CCE1DD0DC;MSR-100-D1A3F8F46A","TC-001-02-01;TC-001-02-02;TC-001-02-03","Phase 0","BL-001-02"
"20","Story","Dispatch transactional outbox events","As a Integration engineer, I want dispatch transactional outbox events, so that trusted context, reliable commands, durable events and shared platform controls.","","SUB-E001","1","US-BL-001-03","sintius phase-0 master-specification","Medium","Done","implemented","100","AC-BL-001-03-01 | A domain mutation and its outbox record commit or roll back in one transaction. | Requirements:  | Tests: TC-001-03-01;TC-001-03-02
AC-BL-001-03-02 | After a dispatcher failure, the event is retried and consumers deduplicate it by event ID. | Requirements:  | Tests: TC-001-03-01;TC-001-03-02","","TC-001-03-01;TC-001-03-02","Phase 0","BL-001-03"
"21","Story","Enforce RLS and repository tenant filters","As a Security engineer, I want enforce rls and repository tenant filters, so that trusted context, reliable commands, durable events and shared platform controls.","","SUB-E001","1","US-BL-001-04","sintius phase-0 master-specification","Medium","Done","implemented","100","AC-BL-001-04-01 | Every tenant-owned table has forced RLS and every repository requires trusted tenant context. | Requirements:  | Tests: TC-001-04-01;TC-001-04-02
AC-BL-001-04-02 | Tenant A cannot read, insert, update or delete tenant B data even if an application filter is bypassed. | Requirements:  | Tests: TC-001-04-01;TC-001-04-02
AC-BL-001-04-REQ-082-83D62B3FFC | The platform must support shared multi-tenant SaaS with enforced isolation. | Requirements: MSR-082-83D62B3FFC | Tests: TC-001-04-01
AC-BL-001-04-REQ-082-A110A8A3AA | Strong tenant isolation is mandatory at application and database layers. | Requirements: MSR-082-A110A8A3AA | Tests: TC-001-04-01
AC-BL-001-04-REQ-082-8E4D03300F | Tenant ID must be enforced throughout storage and access layers. | Requirements: MSR-082-8E4D03300F | Tests: TC-001-04-01;TC-001-04-02
AC-BL-001-04-REQ-100-2B6E40A9E3 | No tenant must be able to access another tenant's data. | Requirements: MSR-100-2B6E40A9E3 | Tests: TC-001-04-01;TC-001-04-02","MSR-082-83D62B3FFC;MSR-082-A110A8A3AA;MSR-082-8E4D03300F;MSR-100-2B6E40A9E3","TC-001-04-01;TC-001-04-02","Phase 0","BL-001-04"
"22","Story","Return canonical problems and trace identifiers","As a API consumer, I want return canonical problems and trace identifiers, so that trusted context, reliable commands, durable events and shared platform controls.","","SUB-E001","1","US-BL-001-05","sintius phase-0 master-specification","Medium","Done","implemented","100","AC-BL-001-05-01 | Every expected failure returns RFC-7807-compatible data with a stable code and correlation ID. | Requirements:  | Tests: TC-001-05-01;TC-001-05-02
AC-BL-001-05-02 | Unexpected errors return a sanitized 500 response while preserving internal trace evidence. | Requirements:  | Tests: TC-001-05-01;TC-001-05-02","","TC-001-05-01;TC-001-05-02","Phase 0","BL-001-05"
"23","Story","Enforce the master Definition of Done","As a Delivery lead, I want enforce the master definition of done, so that trusted context, reliable commands, durable events and shared platform controls.","","SUB-E001","1","US-MSR-103-DOD","sintius phase-0 master-specification","Medium","Done","implemented","100","AC-MSR-103-DOD-01 | A story cannot be marked implemented without applicable domain, API, UI, authorization, audit, error, accessibility, observability, test and documentation evidence. | Requirements:  | Tests: TC-US-MSR-103-DOD-01;TC-US-MSR-103-DOD-02
AC-MSR-103-DOD-02 | Financial stories additionally require passing reconciliation evidence; any non-applicable item requires an explicit reviewed rationale. | Requirements:  | Tests: TC-US-MSR-103-DOD-01;TC-US-MSR-103-DOD-02
AC-MSR-103-DOD-REQ-103-F379003A15 | A feature is not complete merely because its interface exists. | Requirements: MSR-103-F379003A15 | Tests: TC-US-MSR-103-DOD-01
AC-MSR-103-DOD-REQ-103-64CE049BC6 | Applicable domain rules must be implemented before a story is complete. | Requirements: MSR-103-64CE049BC6 | Tests: TC-US-MSR-103-DOD-01
AC-MSR-103-DOD-REQ-103-DD99C57C99 | Applicable APIs must be implemented before a story is complete. | Requirements: MSR-103-DD99C57C99 | Tests: TC-US-MSR-103-DOD-01
AC-MSR-103-DOD-REQ-103-2543D58A94 | Applicable user interfaces must be implemented before a story is complete. | Requirements: MSR-103-2543D58A94 | Tests: TC-US-MSR-103-DOD-01
AC-MSR-103-DOD-REQ-103-8AE91EFF47 | Applicable authorization controls must be implemented before a story is complete. | Requirements: MSR-103-8AE91EFF47 | Tests: TC-US-MSR-103-DOD-01
AC-MSR-103-DOD-REQ-103-25618C084B | Applicable audit evidence must be implemented before a story is complete. | Requirements: MSR-103-25618C084B | Tests: TC-US-MSR-103-DOD-01
AC-MSR-103-DOD-REQ-103-C447F1FCFA | Expected and unexpected errors must be handled before a story is complete. | Requirements: MSR-103-C447F1FCFA | Tests: TC-US-MSR-103-DOD-01
AC-MSR-103-DOD-REQ-103-E45C091D3E | Applicable accessibility requirements must be validated before a story is complete. | Requirements: MSR-103-E45C091D3E | Tests: TC-US-MSR-103-DOD-01
AC-MSR-103-DOD-REQ-103-9A1A617D13 | Applicable observability must be implemented before a story is complete. | Requirements: MSR-103-9A1A617D13 | Tests: TC-US-MSR-103-DOD-01
AC-MSR-103-DOD-REQ-103-84C4CAE9C7 | All required automated tests must pass before a story is complete. | Requirements: MSR-103-84C4CAE9C7 | Tests: TC-US-MSR-103-DOD-01
AC-MSR-103-DOD-REQ-103-DC2B7965A0 | Applicable APIs must be documented before a story is complete. | Requirements: MSR-103-DC2B7965A0 | Tests: TC-US-MSR-103-DOD-01
AC-MSR-103-DOD-REQ-103-8C502917E0 | The affected user workflow must be documented before a story is complete. | Requirements: MSR-103-8C502917E0 | Tests: TC-US-MSR-103-DOD-01
AC-MSR-103-DOD-REQ-103-58FA0E5A12 | Financial reconciliation must be tested before an applicable story is complete. | Requirements: MSR-103-58FA0E5A12 | Tests: TC-US-MSR-103-DOD-02","MSR-103-F379003A15;MSR-103-64CE049BC6;MSR-103-DD99C57C99;MSR-103-2543D58A94;MSR-103-8AE91EFF47;MSR-103-25618C084B;MSR-103-C447F1FCFA;MSR-103-E45C091D3E;MSR-103-9A1A617D13;MSR-103-84C4CAE9C7;MSR-103-DC2B7965A0;MSR-103-8C502917E0;MSR-103-58FA0E5A12","TC-US-MSR-103-DOD-01;TC-US-MSR-103-DOD-02","Phase 0","US-MSR-103-DOD"
"24","Story","Enforce the comprehensive quality strategy","As a QA architect, I want enforce the comprehensive quality strategy, so that trusted context, reliable commands, durable events and shared platform controls.","","SUB-E001","1","US-MSR-099-TEST-STRATEGY","sintius phase-0 master-specification","Medium","Done","implemented","100","AC-MSR-099-TEST-STRATEGY-01 | CI defines release gates for unit, integration, contract, payment simulation, billing golden, pricing property, load, failover, security and financial reconciliation suites. | Requirements:  | Tests: TC-US-MSR-099-TEST-STRATEGY-01;TC-US-MSR-099-TEST-STRATEGY-02
AC-MSR-099-TEST-STRATEGY-02 | Every financial calculation suite uses deterministic, versioned golden datasets and publishes reproducible evidence. | Requirements:  | Tests: TC-US-MSR-099-TEST-STRATEGY-01;TC-US-MSR-099-TEST-STRATEGY-02
AC-MSR-099-TEST-STRATEGY-REQ-099-3545E088B4 | The delivery pipeline must include an applicable unit test suite. | Requirements: MSR-099-3545E088B4 | Tests: TC-US-MSR-099-TEST-STRATEGY-01
AC-MSR-099-TEST-STRATEGY-REQ-099-AE15FC3AB2 | The delivery pipeline must include an applicable integration test suite. | Requirements: MSR-099-AE15FC3AB2 | Tests: TC-US-MSR-099-TEST-STRATEGY-01
AC-MSR-099-TEST-STRATEGY-REQ-099-FAD1F141E0 | The delivery pipeline must include an applicable contract test suite. | Requirements: MSR-099-FAD1F141E0 | Tests: TC-US-MSR-099-TEST-STRATEGY-01
AC-MSR-099-TEST-STRATEGY-REQ-099-3BD4B26263 | The delivery pipeline must include an applicable payment simulation test suite. | Requirements: MSR-099-3BD4B26263 | Tests: TC-US-MSR-099-TEST-STRATEGY-01
AC-MSR-099-TEST-STRATEGY-REQ-099-D5B3C5E94F | The delivery pipeline must include an applicable billing golden test suite. | Requirements: MSR-099-D5B3C5E94F | Tests: TC-US-MSR-099-TEST-STRATEGY-01
AC-MSR-099-TEST-STRATEGY-REQ-099-4A1081054B | The delivery pipeline must include an applicable property-based pricing test suite. | Requirements: MSR-099-4A1081054B | Tests: TC-US-MSR-099-TEST-STRATEGY-01
AC-MSR-099-TEST-STRATEGY-REQ-099-4F087E29FA | The delivery pipeline must include an applicable load test suite. | Requirements: MSR-099-4F087E29FA | Tests: TC-US-MSR-099-TEST-STRATEGY-01
AC-MSR-099-TEST-STRATEGY-REQ-099-8FCAAE76B0 | The delivery pipeline must include an applicable failover test suite. | Requirements: MSR-099-8FCAAE76B0 | Tests: TC-US-MSR-099-TEST-STRATEGY-01
AC-MSR-099-TEST-STRATEGY-REQ-099-66FC858421 | The delivery pipeline must include an applicable security test suite. | Requirements: MSR-099-66FC858421 | Tests: TC-US-MSR-099-TEST-STRATEGY-01
AC-MSR-099-TEST-STRATEGY-REQ-099-F29E63D886 | The delivery pipeline must include an applicable financial reconciliation test suite. | Requirements: MSR-099-F29E63D886 | Tests: TC-US-MSR-099-TEST-STRATEGY-01
AC-MSR-099-TEST-STRATEGY-REQ-099-26FB7756F4 | Financial calculation tests must use deterministic, versioned golden datasets. | Requirements: MSR-099-26FB7756F4 | Tests: TC-US-MSR-099-TEST-STRATEGY-02","MSR-099-3545E088B4;MSR-099-AE15FC3AB2;MSR-099-FAD1F141E0;MSR-099-3BD4B26263;MSR-099-D5B3C5E94F;MSR-099-4A1081054B;MSR-099-4F087E29FA;MSR-099-8FCAAE76B0;MSR-099-66FC858421;MSR-099-F29E63D886;MSR-099-26FB7756F4","TC-US-MSR-099-TEST-STRATEGY-01;TC-US-MSR-099-TEST-STRATEGY-02","Phase 0","US-MSR-099-TEST-STRATEGY"
"25","Story","Provision and manage tenant lifecycle","As a Platform operator, I want provision and manage tenant lifecycle, so that tenant lifecycle, authentication, authorization and controlled administrative access.","","SUB-E002","2","US-BL-002-01","sintius phase-0 master-specification","Medium","Done","implemented","100","AC-BL-002-01-01 | Provisioning creates the tenant in PROVISIONING and valid commands move it only through the approved state graph. | Requirements:  | Tests: TC-002-01-01;TC-002-01-02;TC-002-01-03
AC-BL-002-01-02 | A stale version or forbidden transition is rejected; CLOSED is terminal. | Requirements:  | Tests: TC-002-01-01;TC-002-01-02;TC-002-01-03
AC-BL-002-01-REQ-082-83D62B3FFC | The platform must support shared multi-tenant SaaS with enforced isolation. | Requirements: MSR-082-83D62B3FFC | Tests: TC-002-01-03","MSR-082-83D62B3FFC","TC-002-01-01;TC-002-01-02;TC-002-01-03","Phase 0","BL-002-01"
"26","Story","Authenticate administrators with OIDC/SAML and MFA","As a Tenant administrator, I want authenticate administrators with oidc/saml and mfa, so that tenant lifecycle, authentication, authorization and controlled administrative access.","","SUB-E002","2","US-BL-002-02","sintius phase-0 master-specification","Medium","Done","implemented","100","AC-BL-002-02-01 | Only tokens with valid signature, issuer, audience, expiry and required assurance create a session. | Requirements:  | Tests: TC-002-02-01;TC-002-02-02
AC-BL-002-02-02 | Session expiry and revocation deny subsequent requests without exposing token contents. | Requirements:  | Tests: TC-002-02-01;TC-002-02-02","","TC-002-02-01;TC-002-02-02","Phase 0","BL-002-02"
"27","Story","Enforce RBAC and maker-checker","As a Finance Controller, I want enforce rbac and maker-checker, so that tenant lifecycle, authentication, authorization and controlled administrative access.","","SUB-E002","2","US-BL-002-03","sintius phase-0 master-specification","Medium","Done","implemented","100","AC-BL-002-03-01 | Permissions are tenant-scoped and deny by default. | Requirements:  | Tests: TC-002-03-01;TC-002-03-02
AC-BL-002-03-02 | A proposer cannot approve their own governed request; an authorized second actor can approve it atomically. | Requirements:  | Tests: TC-002-03-01;TC-002-03-02
AC-BL-002-03-REQ-061-7A36036152 | The role catalogue must define least-privilege permissions for the Billing Administrator persona. | Requirements: MSR-061-7A36036152 | Tests: TC-002-03-01
AC-BL-002-03-REQ-061-1B4B96A6E3 | The role catalogue must define least-privilege permissions for the Pricing Manager persona. | Requirements: MSR-061-1B4B96A6E3 | Tests: TC-002-03-01
AC-BL-002-03-REQ-061-AD99726B55 | The role catalogue must define least-privilege permissions for the Collections Agent persona. | Requirements: MSR-061-AD99726B55 | Tests: TC-002-03-01
AC-BL-002-03-REQ-061-10DF979CB3 | The role catalogue must define least-privilege permissions for the Customer Support persona. | Requirements: MSR-061-10DF979CB3 | Tests: TC-002-03-01
AC-BL-002-03-REQ-061-FC23E1A2AC | The role catalogue must define least-privilege permissions for the Finance Controller persona. | Requirements: MSR-061-FC23E1A2AC | Tests: TC-002-03-01
AC-BL-002-03-REQ-061-5B5141CF8A | The role catalogue must define least-privilege permissions for the Revenue Accountant persona. | Requirements: MSR-061-5B5141CF8A | Tests: TC-002-03-01
AC-BL-002-03-REQ-061-090E641078 | The role catalogue must define least-privilege permissions for the Sales persona. | Requirements: MSR-061-090E641078 | Tests: TC-002-03-01
AC-BL-002-03-REQ-061-63FDAF8F3E | The role catalogue must define least-privilege permissions for the Product Manager persona. | Requirements: MSR-061-63FDAF8F3E | Tests: TC-002-03-01
AC-BL-002-03-REQ-061-C9828F9E74 | The role catalogue must define least-privilege permissions for the Operations persona. | Requirements: MSR-061-C9828F9E74 | Tests: TC-002-03-01
AC-BL-002-03-REQ-061-5C468F3F8B | The role catalogue must define least-privilege permissions for the Developer persona. | Requirements: MSR-061-5C468F3F8B | Tests: TC-002-03-01
AC-BL-002-03-REQ-061-A7460DEF70 | The role catalogue must define least-privilege permissions for the Auditor persona. | Requirements: MSR-061-A7460DEF70 | Tests: TC-002-03-01
AC-BL-002-03-REQ-061-3232EC982D | The role catalogue must define least-privilege permissions for the Executive persona. | Requirements: MSR-061-3232EC982D | Tests: TC-002-03-01
AC-BL-002-03-REQ-061-2B41953787 | Authorization must support tenant-scoped RBAC and optional attribute-based policy constraints. | Requirements: MSR-061-2B41953787 | Tests: TC-002-03-01
AC-BL-002-03-REQ-062-8989FE4287 | Maker-checker approval policy must be tenant-configurable. | Requirements: MSR-062-8989FE4287 | Tests: TC-002-03-02
AC-BL-002-03-REQ-062-BC82DFEC91 | A discount above 20 percent must require configured approval. | Requirements: MSR-062-BC82DFEC91 | Tests: TC-002-03-02
AC-BL-002-03-REQ-062-2876276E95 | A refund above 10,000 dollars must require configured approval. | Requirements: MSR-062-2876276E95 | Tests: TC-002-03-02
AC-BL-002-03-REQ-062-B080DE07A3 | Pricing activation must require Product and Finance approval. | Requirements: MSR-062-B080DE07A3 | Tests: TC-002-03-02
AC-BL-002-03-REQ-062-58A24733E1 | A write-off above the configured threshold must require Controller approval. | Requirements: MSR-062-58A24733E1 | Tests: TC-002-03-02
AC-BL-002-03-REQ-100-C2940C4995 | Pricing activation must require authorized maker-checker approval. | Requirements: MSR-100-C2940C4995 | Tests: TC-002-03-02","MSR-061-7A36036152;MSR-061-1B4B96A6E3;MSR-061-AD99726B55;MSR-061-10DF979CB3;MSR-061-FC23E1A2AC;MSR-061-5B5141CF8A;MSR-061-090E641078;MSR-061-63FDAF8F3E;MSR-061-C9828F9E74;MSR-061-5C468F3F8B;MSR-061-A7460DEF70;MSR-061-3232EC982D;MSR-061-2B41953787;MSR-062-8989FE4287;MSR-062-BC82DFEC91;MSR-062-2876276E95;MSR-062-B080DE07A3;MSR-062-58A24733E1;MSR-100-C2940C4995","TC-002-03-01;TC-002-03-02","Phase 0","BL-002-03"
"28","Story","Authenticate internal workloads","As a Platform operator, I want authenticate internal workloads, so that tenant lifecycle, authentication, authorization and controlled administrative access.","","SUB-E002","2","US-BL-002-04","sintius phase-0 master-specification","Medium","Done","implemented","100","AC-BL-002-04-01 | Each worker uses a short-lived workload identity scoped to its required tenant and operations. | Requirements:  | Tests: TC-002-04-01;TC-002-04-02
AC-BL-002-04-02 | A workload identity cannot create an interactive session or exceed its declared audience. | Requirements:  | Tests: TC-002-04-01;TC-002-04-02","","TC-002-04-01;TC-002-04-02","Phase 0","BL-002-04"
"29","Story","Grant time-bound break-glass support access","As a Security administrator, I want grant time-bound break-glass support access, so that tenant lifecycle, authentication, authorization and controlled administrative access.","","SUB-E002","2","US-BL-002-05","sintius phase-6 master-specification","Medium","To Do","not_started","0","AC-BL-002-05-01 | Break-glass access requires reason, approver, tenant scope and expiry and is disabled by default. | Requirements:  | Tests: TC-002-05-01;TC-002-05-02
AC-BL-002-05-02 | Every use is prominently logged and access automatically ends at expiry or revocation. | Requirements:  | Tests: TC-002-05-01;TC-002-05-02","","TC-002-05-01;TC-002-05-02","Phase 6","BL-002-05"
"30","Story","Provision a dedicated tenant deployment","As a Enterprise platform operator, I want provision a dedicated tenant deployment, so that tenant lifecycle, authentication, authorization and controlled administrative access.","","SUB-E002","2","FUT-E002-01","sintius enterprise master-specification","Medium","To Do","not_started","0","AC-FUT-E002-01-01 | A qualifying tenant can be provisioned into an isolated deployment without changing domain contracts. | Requirements:  | Tests: TC-E002-01-01;TC-E002-01-02
AC-FUT-E002-01-02 | Routing, keys, backups and observability remain tenant-specific and pass the isolation certification suite. | Requirements:  | Tests: TC-E002-01-01;TC-E002-01-02
AC-FUT-E002-01-REQ-082-7D8E5BC459 | The platform must support dedicated enterprise deployments. | Requirements: MSR-082-7D8E5BC459 | Tests: TC-E002-01-01;TC-E002-01-02","MSR-082-7D8E5BC459","TC-E002-01-01;TC-E002-01-02","Enterprise","FUT-E002-01"
"31","Story","Manage customer and account lifecycle","As a Billing Administrator, I want manage customer and account lifecycle, so that stable commercial parties, billing accounts and support views.","","SUB-E003","3","US-BL-003-01","sintius phase-1 master-specification","Medium","To Do","not_started","0","AC-BL-003-01-01 | Valid input creates an ACTIVE customer account with currency and payment terms under the current tenant. | Requirements:  | Tests: TC-003-01-01;TC-003-01-02
AC-BL-003-01-02 | Lifecycle changes enforce optimistic concurrency and preserve referenced financial history. | Requirements:  | Tests: TC-003-01-01;TC-003-01-02","","TC-003-01-01;TC-003-01-02","Phase 1","BL-003-01"
"32","Story","View Customer 360","As a Customer Support Agent, I want view customer 360, so that stable commercial parties, billing accounts and support views.","","SUB-E003","3","US-BL-003-02","sintius phase-1 master-specification","Medium","To Do","not_started","0","AC-BL-003-02-01 | Identity, subscriptions, balance, invoices, payments and risk are composed with independent tab failure boundaries. | Requirements:  | Tests: TC-003-02-01;TC-003-02-02
AC-BL-003-02-02 | Stale projection data displays its freshness timestamp. | Requirements:  | Tests: TC-003-02-01;TC-003-02-02","","TC-003-02-01;TC-003-02-02","Phase 1","BL-003-02"
"33","Story","Deactivate and pseudonymize a customer","As a Privacy operator, I want deactivate and pseudonymize a customer, so that stable commercial parties, billing accounts and support views.","","SUB-E003","3","US-BL-003-03","sintius phase-1 master-specification","Medium","To Do","not_started","0","AC-BL-003-03-01 | Deactivation prevents new commercial activity without deleting financially referenced records. | Requirements:  | Tests: TC-003-03-01;TC-003-03-02
AC-BL-003-03-02 | Approved pseudonymization removes eligible personal data and records immutable evidence of the operation. | Requirements:  | Tests: TC-003-03-01;TC-003-03-02","","TC-003-03-01;TC-003-03-02","Phase 1","BL-003-03"
"34","Story","Publish effective-dated product versions","As a Product Manager, I want publish effective-dated product versions, so that versioned products, offers, plans and future contract configuration.","","SUB-E004","4","US-BL-004-01","sintius phase-1 master-specification","Medium","To Do","not_started","0","AC-BL-004-01-01 | Publishing a new version never mutates an earlier version or subscriptions bound to it. | Requirements:  | Tests: TC-004-01-01;TC-004-01-02
AC-BL-004-01-02 | Overlapping effective ranges for the same selector are rejected. | Requirements:  | Tests: TC-004-01-01;TC-004-01-02
AC-BL-004-01-REQ-100-445596E4C7 | A pricing change must not apply retroactively unless represented by an explicit correction. | Requirements: MSR-100-445596E4C7 | Tests: TC-004-01-02","MSR-100-445596E4C7","TC-004-01-01;TC-004-01-02","Phase 1","BL-004-01"
"35","Story","Compose offers and plans","As a Product Manager, I want compose offers and plans, so that versioned products, offers, plans and future contract configuration.","","SUB-E004","4","US-BL-004-02","sintius phase-1 master-specification","Medium","To Do","not_started","0","AC-BL-004-02-01 | An offer references only compatible published product and price versions. | Requirements:  | Tests: TC-004-02-01;TC-004-02-02
AC-BL-004-02-02 | Selection rules are deterministic, effective-dated and return an explainable match or no-match result. | Requirements:  | Tests: TC-004-02-01;TC-004-02-02","","TC-004-02-01;TC-004-02-02","Phase 1","BL-004-02"
"36","Story","Operate the Product Catalog screen","As a Product Manager, I want operate the product catalog screen, so that versioned products, offers, plans and future contract configuration.","","SUB-E004","4","US-BL-004-03","sintius phase-1 master-specification","Medium","To Do","not_started","0","AC-BL-004-03-01 | The screen lists versions and effective status and supports create, compare and publish subject to permissions. | Requirements:  | Tests: TC-004-03-01;TC-004-03-02
AC-BL-004-03-02 | Publish validation errors identify the conflicting field or effective range and preserve the draft. | Requirements:  | Tests: TC-004-03-01;TC-004-03-02","","TC-004-03-01;TC-004-03-02","Phase 1","BL-004-03"
"37","Story","Create basic contracts and quotes","As a Sales Operations, I want create basic contracts and quotes, so that versioned products, offers, plans and future contract configuration.","","SUB-E004","4","FUT-E004-01","sintius release-2 master-specification","Medium","To Do","not_started","0","AC-FUT-E004-01-01 | A quote composes customer, term, offer, pricing and approvals into a versioned contract proposal. | Requirements:  | Tests: TC-E004-01-01;TC-E004-01-02
AC-FUT-E004-01-02 | Accepting an approved quote creates the contracted subscription without rewriting its commercial snapshot. | Requirements:  | Tests: TC-E004-01-01;TC-E004-01-02","","TC-E004-01-01;TC-E004-01-02","Release 2","FUT-E004-01"
"38","Story","Configure advanced enterprise CPQ","As a Enterprise Sales Operations, I want configure advanced enterprise cpq, so that versioned products, offers, plans and future contract configuration.","","SUB-E004","4","FUT-E004-02","sintius enterprise master-specification","Medium","To Do","not_started","0","AC-FUT-E004-02-01 | Complex bundles, amendments and negotiated terms are validated against enterprise approval policy. | Requirements:  | Tests: TC-E004-02-01;TC-E004-02-02
AC-FUT-E004-02-02 | Every approved configuration retains lineage from quote through contract and subscription. | Requirements:  | Tests: TC-E004-02-01;TC-E004-02-02","","TC-E004-02-01;TC-E004-02-02","Enterprise","FUT-E004-02"
"39","Story","Compile a typed pricing AST","As a Pricing engineer, I want compile a typed pricing ast, so that deterministic pricing composition, simulation and advanced monetization.","","SUB-E005","5","US-BL-005-01","sintius phase-1 master-specification","Medium","To Do","not_started","0","AC-BL-005-01-01 | Only allow-listed typed nodes compile; arbitrary code and invalid type combinations are rejected. | Requirements:  | Tests: TC-005-01-01;TC-005-01-02
AC-BL-005-01-02 | Canonical serialization of the same AST yields the same content hash. | Requirements:  | Tests: TC-005-01-01;TC-005-01-02","","TC-005-01-01;TC-005-01-02","Phase 1","BL-005-01"
"40","Story","Rate all MVP charge types","As a Pricing Manager, I want rate all mvp charge types, so that deterministic pricing composition, simulation and advanced monetization.","","SUB-E005","5","US-BL-005-02","sintius phase-1 master-specification","Medium","In Progress","in_progress","10","AC-BL-005-02-01 | Flat, per-seat, one-time, volume, graduated-tier and allowance/overage models match the approved golden examples. | Requirements:  | Tests: TC-005-02-01;TC-005-02-02
AC-BL-005-02-02 | No monetary calculation uses binary floating point. | Requirements:  | Tests: TC-005-02-01;TC-005-02-02","","TC-005-02-01;TC-005-02-02","Phase 1","BL-005-02"
"41","Story","Calculate proration","As a Billing Administrator, I want calculate proration, so that deterministic pricing composition, simulation and advanced monetization.","","SUB-E005","5","US-BL-005-03","sintius phase-1 master-specification","Medium","In Progress","in_progress","25","AC-BL-005-03-01 | NONE, ACTUAL_DAYS, FULL_PERIOD_ONLY and IMMEDIATE_FULL produce policy-versioned traces. | Requirements:  | Tests: TC-005-03-01;TC-005-03-02
AC-BL-005-03-02 | Calendar and DST boundaries follow the finance-approved convention. | Requirements:  | Tests: TC-005-03-01;TC-005-03-02","","TC-005-03-01;TC-005-03-02","Phase 1","BL-005-03"
"42","Story","Apply discounts, minimums, caps and rounding","As a Finance Controller, I want apply discounts, minimums, caps and rounding, so that deterministic pricing composition, simulation and advanced monetization.","","SUB-E005","5","US-BL-005-04","sintius phase-1 master-specification","Medium","In Progress","in_progress","20","AC-BL-005-04-01 | Operations apply in the documented order and currency rounding occurs only at approved boundaries. | Requirements:  | Tests: TC-005-04-01;TC-005-04-02
AC-BL-005-04-02 | Allocated rounded amounts reconcile exactly to the rounded total. | Requirements:  | Tests: TC-005-04-01;TC-005-04-02","","TC-005-04-01;TC-005-04-02","Phase 1","BL-005-04"
"43","Story","Persist calculation traces","As a Finance Controller, I want persist calculation traces, so that deterministic pricing composition, simulation and advanced monetization.","","SUB-E005","5","US-BL-005-05","sintius phase-1 master-specification","Medium","To Do","not_started","0","AC-BL-005-05-01 | Every rated amount links to a versioned operation tree containing inputs, rules and intermediate results. | Requirements:  | Tests: TC-005-05-01;TC-005-05-02
AC-BL-005-05-02 | Identical canonical input and engine version replay to the same amount and trace hash. | Requirements:  | Tests: TC-005-05-01;TC-005-05-02
AC-BL-005-05-REQ-002-15E961BFA7 | Every downstream transaction must be traceable back to its originating commercial event. | Requirements: MSR-002-15E961BFA7 | Tests: TC-005-05-01;TC-005-05-02
AC-BL-005-05-REQ-100-D9D23B15BD | Every financial transaction must retain end-to-end source and decision traceability. | Requirements: MSR-100-D9D23B15BD | Tests: TC-005-05-01;TC-005-05-02","MSR-002-15E961BFA7;MSR-100-D9D23B15BD","TC-005-05-01;TC-005-05-02","Phase 1","BL-005-05"
"44","Story","Activate rate cards with maker-checker","As a Pricing Manager, I want activate rate cards with maker-checker, so that deterministic pricing composition, simulation and advanced monetization.","","SUB-E005","5","US-BL-005-06","sintius phase-1 master-specification","Medium","To Do","not_started","0","AC-BL-005-06-01 | Submission freezes the candidate version pending approval. | Requirements:  | Tests: TC-005-06-01;TC-005-06-02
AC-BL-005-06-02 | Only a different authorized approver can activate it, atomically recording approval and activation evidence. | Requirements:  | Tests: TC-005-06-01;TC-005-06-02
AC-BL-005-06-REQ-062-BC82DFEC91 | A discount above 20 percent must require configured approval. | Requirements: MSR-062-BC82DFEC91 | Tests: TC-005-06-01
AC-BL-005-06-REQ-062-B080DE07A3 | Pricing activation must require Product and Finance approval. | Requirements: MSR-062-B080DE07A3 | Tests: TC-005-06-01;TC-005-06-02
AC-BL-005-06-REQ-100-C2940C4995 | Pricing activation must require authorized maker-checker approval. | Requirements: MSR-100-C2940C4995 | Tests: TC-005-06-01;TC-005-06-02
AC-BL-005-06-REQ-100-445596E4C7 | A pricing change must not apply retroactively unless represented by an explicit correction. | Requirements: MSR-100-445596E4C7 | Tests: TC-005-06-02","MSR-062-BC82DFEC91;MSR-062-B080DE07A3;MSR-100-C2940C4995;MSR-100-445596E4C7","TC-005-06-01;TC-005-06-02","Phase 1","BL-005-06"
"45","Story","Simulate pricing without mutation","As a Pricing Manager, I want simulate pricing without mutation, so that deterministic pricing composition, simulation and advanced monetization.","","SUB-E005","5","US-BL-005-07","sintius phase-1 master-specification","Medium","To Do","not_started","0","AC-BL-005-07-01 | Simulation returns revenue delta, ARPU, winners/losers and bill-shock counts against a selected cohort. | Requirements:  | Tests: TC-005-07-01;TC-005-07-02
AC-BL-005-07-02 | Simulation creates no subscription, charge, invoice or production pricing mutation. | Requirements:  | Tests: TC-005-07-01;TC-005-07-02","","TC-005-07-01;TC-005-07-02","Phase 1","BL-005-07"
"46","Story","Use the visual Pricing Designer","As a Pricing Manager, I want use the visual pricing designer, so that deterministic pricing composition, simulation and advanced monetization.","","SUB-E005","5","US-BL-005-08","sintius phase-1 master-specification","Medium","To Do","not_started","0","AC-BL-005-08-01 | The canvas can author every MVP price component and displays validation before simulation or submission. | Requirements:  | Tests: TC-005-08-01;TC-005-08-02
AC-BL-005-08-02 | Keyboard users can complete the author-simulate-submit workflow with equivalent functionality. | Requirements:  | Tests: TC-005-08-01;TC-005-08-02","","TC-005-08-01;TC-005-08-02","Phase 1","BL-005-08"
"47","Story","Certify pricing with golden and property tests","As a QA engineer, I want certify pricing with golden and property tests, so that deterministic pricing composition, simulation and advanced monetization.","","SUB-E005","5","US-BL-005-09","sintius phase-1 master-specification","Medium","To Do","not_started","0","AC-BL-005-09-01 | The approved multi-currency golden dataset passes with zero precision loss. | Requirements:  | Tests: TC-005-09-01;TC-005-09-02
AC-BL-005-09-02 | Property tests cover monotonicity, tier partitioning, caps, allocation and deterministic replay. | Requirements:  | Tests: TC-005-09-01;TC-005-09-02","","TC-005-09-01;TC-005-09-02","Phase 1","BL-005-09"
"48","Story","Configure advanced pricing models","As a Pricing Manager, I want configure advanced pricing models, so that deterministic pricing composition, simulation and advanced monetization.","","SUB-E005","5","FUT-E005-01","sintius release-2 master-specification","Medium","To Do","not_started","0","AC-FUT-E005-01-01 | Matrix, attribute, indexed, time-based, dynamic, outcome and revenue-share components use typed, versioned primitives. | Requirements:  | Tests: TC-E005-01-01;TC-E005-01-02
AC-FUT-E005-01-02 | Each model supplies a deterministic trace and passes a finance-approved verification-source policy. | Requirements:  | Tests: TC-E005-01-01;TC-E005-01-02","","TC-E005-01-01;TC-E005-01-02","Release 2","FUT-E005-01"
"49","Story","Enforce the subscription state machine","As a Subscription Administrator, I want enforce the subscription state machine, so that effective-dated subscription change and future entitlement control.","","SUB-E006","6","US-BL-006-01","sintius phase-1 master-specification","Medium","To Do","not_started","0","AC-BL-006-01-01 | Every lifecycle command follows the canonical transition table and records an effective-dated event. | Requirements:  | Tests: TC-006-01-01;TC-006-01-02
AC-BL-006-01-02 | Invalid or stale-version transitions fail without partial mutation. | Requirements:  | Tests: TC-006-01-01;TC-006-01-02","","TC-006-01-01;TC-006-01-02","Phase 1","BL-006-01"
"50","Story","Manage effective-dated subscription items","As a Subscription Administrator, I want manage effective-dated subscription items, so that effective-dated subscription change and future entitlement control.","","SUB-E006","6","US-BL-006-02","sintius phase-1 master-specification","Medium","To Do","not_started","0","AC-BL-006-02-01 | Item intervals do not overlap for the same commercial slot. | Requirements:  | Tests: TC-006-02-01;TC-006-02-02
AC-BL-006-02-02 | Historical items remain immutable after replacement or termination. | Requirements:  | Tests: TC-006-02-01;TC-006-02-02","","TC-006-02-01;TC-006-02-02","Phase 1","BL-006-02"
"51","Story","Execute scheduled subscription changes once","As a Subscription Administrator, I want execute scheduled subscription changes once, so that effective-dated subscription change and future entitlement control.","","SUB-E006","6","US-BL-006-03","sintius phase-1 master-specification","Medium","To Do","not_started","0","AC-BL-006-03-01 | A future change remains revocable until policy cutoff and applies at its effective instant. | Requirements:  | Tests: TC-006-03-01;TC-006-03-02
AC-BL-006-03-02 | Concurrent scheduler claims apply each change exactly once. | Requirements:  | Tests: TC-006-03-01;TC-006-03-02","","TC-006-03-01;TC-006-03-02","Phase 1","BL-006-03"
"52","Story","Preview subscription-change impact","As a Subscriber Admin, I want preview subscription-change impact, so that effective-dated subscription change and future entitlement control.","","SUB-E006","6","US-BL-006-04","sintius phase-1 master-specification","Medium","To Do","not_started","0","AC-BL-006-04-01 | Preview returns server-calculated dates, line items and proration trace without mutation. | Requirements:  | Tests: TC-006-04-01;TC-006-04-02
AC-BL-006-04-02 | Confirmation references the preview version and rejects stale inputs. | Requirements:  | Tests: TC-006-04-01;TC-006-04-02","","TC-006-04-01;TC-006-04-02","Phase 1","BL-006-04"
"53","Story","Operate Subscription Detail","As a Subscription Administrator, I want operate subscription detail, so that effective-dated subscription change and future entitlement control.","","SUB-E006","6","US-BL-006-05","sintius phase-1 master-specification","Medium","To Do","not_started","0","AC-BL-006-05-01 | The screen shows lifecycle, items, scheduled changes, financial impact and audit timeline. | Requirements:  | Tests: TC-006-05-01;TC-006-05-02
AC-BL-006-05-02 | Only permitted actions for the current state are offered, while the server remains authoritative. | Requirements:  | Tests: TC-006-05-01;TC-006-05-02","","TC-006-05-01;TC-006-05-02","Phase 1","BL-006-05"
"54","Story","Enforce product entitlements","As a Product Operations, I want enforce product entitlements, so that effective-dated subscription change and future entitlement control.","","SUB-E006","6","FUT-E006-01","sintius release-2 master-specification","Medium","To Do","not_started","0","AC-FUT-E006-01-01 | Entitlements derive from the contracted subscription version and change at the same effective instant. | Requirements:  | Tests: TC-E006-01-01;TC-E006-01-02
AC-FUT-E006-01-02 | Billing and entitlement failures remain separately observable and reconcilable. | Requirements:  | Tests: TC-E006-01-01;TC-E006-01-02","","TC-E006-01-01;TC-E006-01-02","Release 2","FUT-E006-01"
"55","Story","Calculate billing schedules","As a Billing Administrator, I want calculate billing schedules, so that scheduled, restartable billing execution and invoice assembly.","","SUB-E007","7","US-BL-007-01","sintius phase-2 master-specification","Medium","To Do","not_started","0","AC-BL-007-01-01 | Calendar and anniversary schedules produce the correct next boundary for advance and arrears billing. | Requirements:  | Tests: TC-007-01-01;TC-007-01-02
AC-BL-007-01-02 | Timezone and month-end behavior is deterministic and policy-versioned. | Requirements:  | Tests: TC-007-01-01;TC-007-01-02","","TC-007-01-01;TC-007-01-02","Phase 2","BL-007-01"
"56","Story","Run billing asynchronously and restart safely","As a Billing Administrator, I want run billing asynchronously and restart safely, so that scheduled, restartable billing execution and invoice assembly.","","SUB-E007","7","US-BL-007-02","sintius phase-2 master-specification","Medium","To Do","not_started","0","AC-BL-007-02-01 | A run checkpoints account progress and resumes without reprocessing completed accounts. | Requirements:  | Tests: TC-007-02-01;TC-007-02-02
AC-BL-007-02-02 | One active claim per account/period prevents duplicate billing work. | Requirements:  | Tests: TC-007-02-01;TC-007-02-02","","TC-007-02-01;TC-007-02-02","Phase 2","BL-007-02"
"57","Story","Assemble and group draft invoices","As a Billing Administrator, I want assemble and group draft invoices, so that scheduled, restartable billing execution and invoice assembly.","","SUB-E007","7","US-BL-007-03","sintius phase-2 master-specification","Medium","To Do","not_started","0","AC-BL-007-03-01 | Eligible charges group according to the tenant policy and reconcile to draft totals. | Requirements:  | Tests: TC-007-03-01;TC-007-03-02
AC-BL-007-03-02 | Ineligible, previously billed or mismatched-currency charges are excluded with reason codes. | Requirements:  | Tests: TC-007-03-01;TC-007-03-02","","TC-007-03-01;TC-007-03-02","Phase 2","BL-007-03"
"58","Story","Enforce invoice document states","As a Billing Administrator, I want enforce invoice document states, so that legal invoice lifecycle, receivables, corrections and future global accounting.","","SUB-E008","8","US-BL-008-01","sintius phase-2 master-specification","Medium","To Do","not_started","0","AC-BL-008-01-01 | Invoices follow DRAFT, PENDING_APPROVAL, POSTED and corrective terminal transitions only. | Requirements:  | Tests: TC-008-01-01;TC-008-01-02
AC-BL-008-01-02 | POSTED invoice legal fields and lines cannot be updated or deleted. | Requirements:  | Tests: TC-008-01-01;TC-008-01-02
AC-BL-008-01-REQ-100-7C5198108C | A posted invoice must never be mutated; corrections require linked corrective documents. | Requirements: MSR-100-7C5198108C | Tests: TC-008-01-02","MSR-100-7C5198108C","TC-008-01-01;TC-008-01-02","Phase 2","BL-008-01"
"59","Story","Finalize an invoice atomically","As a Billing Administrator, I want finalize an invoice atomically, so that legal invoice lifecycle, receivables, corrections and future global accounting.","","SUB-E008","8","US-BL-008-02","sintius phase-2 master-specification","Medium","To Do","not_started","0","AC-BL-008-02-01 | Finalization creates one number, posted invoice, receivable and balanced journal in one transaction. | Requirements:  | Tests: TC-008-02-01;TC-008-02-02
AC-BL-008-02-02 | Concurrent/replayed finalization produces one financial effect and the original response. | Requirements:  | Tests: TC-008-02-01;TC-008-02-02
AC-BL-008-02-REQ-100-E5C72CE8EF | Financial-ledger history must be append-only and corrected through balanced entries. | Requirements: MSR-100-E5C72CE8EF | Tests: TC-008-02-02","MSR-100-E5C72CE8EF","TC-008-02-01;TC-008-02-02","Phase 2","BL-008-02"
"60","Story","Maintain receivable state and subledger balance","As a Accounts Receivable Analyst, I want maintain receivable state and subledger balance, so that legal invoice lifecycle, receivables, corrections and future global accounting.","","SUB-E008","8","US-BL-008-03","sintius phase-2 master-specification","Medium","To Do","not_started","0","AC-BL-008-03-01 | Allocations, credits and write-offs move the receivable only through valid states. | Requirements:  | Tests: TC-008-03-01;TC-008-03-02
AC-BL-008-03-02 | Open amount equals original amount minus posted allocations and adjustments at every commit. | Requirements:  | Tests: TC-008-03-01;TC-008-03-02
AC-BL-008-03-REQ-100-E5C72CE8EF | Financial-ledger history must be append-only and corrected through balanced entries. | Requirements: MSR-100-E5C72CE8EF | Tests: TC-008-03-02","MSR-100-E5C72CE8EF","TC-008-03-01;TC-008-03-02","Phase 2","BL-008-03"
"61","Story","Issue corrective financial documents","As a Finance Controller, I want issue corrective financial documents, so that legal invoice lifecycle, receivables, corrections and future global accounting.","","SUB-E008","8","US-BL-008-04","sintius phase-2 master-specification","Medium","To Do","not_started","0","AC-BL-008-04-01 | Credit notes, write-offs and voids preserve and link to the original posted document. | Requirements:  | Tests: TC-008-04-01;TC-008-04-02
AC-BL-008-04-02 | Governed corrections require the configured approval and produce balanced journals. | Requirements:  | Tests: TC-008-04-01;TC-008-04-02
AC-BL-008-04-REQ-062-58A24733E1 | A write-off above the configured threshold must require Controller approval. | Requirements: MSR-062-58A24733E1 | Tests: TC-008-04-02
AC-BL-008-04-REQ-100-7C5198108C | A posted invoice must never be mutated; corrections require linked corrective documents. | Requirements: MSR-100-7C5198108C | Tests: TC-008-04-01
AC-BL-008-04-REQ-100-E5C72CE8EF | Financial-ledger history must be append-only and corrected through balanced entries. | Requirements: MSR-100-E5C72CE8EF | Tests: TC-008-04-02
AC-BL-008-04-REQ-100-445596E4C7 | A pricing change must not apply retroactively unless represented by an explicit correction. | Requirements: MSR-100-445596E4C7 | Tests: TC-008-04-01","MSR-062-58A24733E1;MSR-100-7C5198108C;MSR-100-E5C72CE8EF;MSR-100-445596E4C7","TC-008-04-01;TC-008-04-02","Phase 2","BL-008-04"
"62","Story","Render invoices as PDF, HTML and JSON","As a Subscriber, I want render invoices as pdf, html and json, so that legal invoice lifecycle, receivables, corrections and future global accounting.","","SUB-E008","8","US-BL-008-05","sintius phase-2 master-specification","Medium","To Do","not_started","0","AC-BL-008-05-01 | All formats present the same legal identity, lines, tax evidence, totals and payment status. | Requirements:  | Tests: TC-008-05-01;TC-008-05-02
AC-BL-008-05-02 | Rendering is deterministic for a fixed posted invoice version and meets accessibility requirements. | Requirements:  | Tests: TC-008-05-01;TC-008-05-02","","TC-008-05-01;TC-008-05-02","Phase 2","BL-008-05"
"63","Story","Inspect and explain an invoice","As a Billing Administrator, I want inspect and explain an invoice, so that legal invoice lifecycle, receivables, corrections and future global accounting.","","SUB-E008","8","US-BL-008-06","sintius phase-2 master-specification","Medium","To Do","not_started","0","AC-BL-008-06-01 | Invoice Detail shows document state, lines, receivable, payments, corrections and calculation lineage. | Requirements:  | Tests: TC-008-06-01;TC-008-06-02
AC-BL-008-06-02 | Explain invoice uses persisted traces and never recalculates historical amounts. | Requirements:  | Tests: TC-008-06-01;TC-008-06-02","","TC-008-06-01;TC-008-06-02","Phase 2","BL-008-06"
"64","Story","Recognize revenue under enterprise policy","As a Revenue Accountant, I want recognize revenue under enterprise policy, so that legal invoice lifecycle, receivables, corrections and future global accounting.","","SUB-E008","8","FUT-E008-01","sintius enterprise master-specification","Medium","To Do","not_started","0","AC-FUT-E008-01-01 | Performance obligations and schedules are versioned under the selected ASC 606/IFRS 15 policy. | Requirements:  | Tests: TC-E008-01-01;TC-E008-01-02
AC-FUT-E008-01-02 | Recognized, deferred and contracted balances reconcile to source invoices and amendments. | Requirements:  | Tests: TC-E008-01-01;TC-E008-01-02","","TC-E008-01-01;TC-E008-01-02","Enterprise","FUT-E008-01"
"65","Story","Invoice across currencies and legal entities","As a Global Billing Administrator, I want invoice across currencies and legal entities, so that legal invoice lifecycle, receivables, corrections and future global accounting.","","SUB-E008","8","FUT-E008-02","sintius release-2 master-specification","Medium","To Do","not_started","0","AC-FUT-E008-02-01 | Each invoice has one legal entity and currency while cross-currency settlement records explicit rates and dates. | Requirements:  | Tests: TC-E008-02-01;TC-E008-02-02
AC-FUT-E008-02-02 | Numbering, tax evidence and journals comply with the selected entity jurisdiction. | Requirements:  | Tests: TC-E008-02-01;TC-E008-02-02","","TC-E008-02-01;TC-E008-02-02","Release 2","FUT-E008-02"
"66","Story","Enforce canonical payment and attempt states","As a Payments operator, I want enforce canonical payment and attempt states, so that provider-neutral payments, allocation, refunds and future orchestration.","","SUB-E009","9","US-BL-009-01","sintius phase-3 master-specification","Medium","To Do","not_started","0","AC-BL-009-01-01 | Payment and attempt commands follow the provider-neutral state machines. | Requirements:  | Tests: TC-009-01-01;TC-009-01-02
AC-BL-009-01-02 | Ambiguous provider outcomes enter UNKNOWN and prohibit a new attempt until reconciliation. | Requirements:  | Tests: TC-009-01-01;TC-009-01-02","","TC-009-01-01;TC-009-01-02","Phase 3","BL-009-01"
"67","Story","Process payments through the Stripe adapter","As a Subscriber, I want process payments through the stripe adapter, so that provider-neutral payments, allocation, refunds and future orchestration.","","SUB-E009","9","US-BL-009-02","sintius phase-3 master-specification","Medium","To Do","blocked","0","AC-BL-009-02-01 | Canonical commands map to Stripe without leaking provider objects into the domain. | Requirements:  | Tests: TC-009-02-01;TC-009-02-02
AC-BL-009-02-02 | Provider idempotency references and normalized results are persisted for reconciliation. | Requirements:  | Tests: TC-009-02-01;TC-009-02-02","","TC-009-02-01;TC-009-02-02","Phase 3","BL-009-02"
"68","Story","Tokenize payment methods with provider-hosted collection","As a Subscriber, I want tokenize payment methods with provider-hosted collection, so that provider-neutral payments, allocation, refunds and future orchestration.","","SUB-E009","9","US-BL-009-03","sintius phase-3 master-specification","Medium","To Do","not_started","0","AC-BL-009-03-01 | Sensitive card data is collected by the provider and never reaches platform servers. | Requirements:  | Tests: TC-009-03-01;TC-009-03-02
AC-BL-009-03-02 | The platform stores only safe provider tokens, display metadata and consent evidence. | Requirements:  | Tests: TC-009-03-01;TC-009-03-02
AC-BL-009-03-REQ-060-B4104BDA97 | Never record secrets or complete payment credentials. | Requirements: MSR-060-B4104BDA97 | Tests: TC-009-03-02","MSR-060-B4104BDA97","TC-009-03-01;TC-009-03-02","Phase 3","BL-009-03"
"69","Story","Verify and deduplicate inbound webhooks","As a Platform engineer, I want verify and deduplicate inbound webhooks, so that provider-neutral payments, allocation, refunds and future orchestration.","","SUB-E009","9","US-BL-009-04","sintius phase-3 master-specification","Medium","To Do","not_started","0","AC-BL-009-04-01 | Invalid signatures, replayed provider event IDs and mismatched amounts are rejected or quarantined. | Requirements:  | Tests: TC-009-04-01;TC-009-04-02
AC-BL-009-04-02 | A valid event maps once to the canonical transition with correlation evidence. | Requirements:  | Tests: TC-009-04-01;TC-009-04-02","","TC-009-04-01;TC-009-04-02","Phase 3","BL-009-04"
"70","Story","Allocate payments and credits to receivables","As a Accounts Receivable Analyst, I want allocate payments and credits to receivables, so that provider-neutral payments, allocation, refunds and future orchestration.","","SUB-E009","9","US-BL-009-05","sintius phase-3 master-specification","Medium","To Do","not_started","0","AC-BL-009-05-01 | Allocation never exceeds the payment/credit or receivable open amount. | Requirements:  | Tests: TC-009-05-01;TC-009-05-02
AC-BL-009-05-02 | Unallocated cash remains explicit and all allocations reconcile to the source payment. | Requirements:  | Tests: TC-009-05-01;TC-009-05-02","","TC-009-05-01;TC-009-05-02","Phase 3","BL-009-05"
"71","Story","Process refund lifecycle","As a Finance Controller, I want process refund lifecycle, so that provider-neutral payments, allocation, refunds and future orchestration.","","SUB-E009","9","US-BL-009-06","sintius phase-3 master-specification","Medium","To Do","not_started","0","AC-BL-009-06-01 | Refund requests validate refundable balance and follow approval policy before provider submission. | Requirements:  | Tests: TC-009-06-01;TC-009-06-02
AC-BL-009-06-02 | Retries create one provider refund and update payment/receivable/journal state exactly once. | Requirements:  | Tests: TC-009-06-01;TC-009-06-02
AC-BL-009-06-REQ-062-2876276E95 | A refund above 10,000 dollars must require configured approval. | Requirements: MSR-062-2876276E95 | Tests: TC-009-06-01","MSR-062-2876276E95","TC-009-06-01;TC-009-06-02","Phase 3","BL-009-06"
"72","Story","Operate Payment Detail","As a Payments operator, I want operate payment detail, so that provider-neutral payments, allocation, refunds and future orchestration.","","SUB-E009","9","US-BL-009-07","sintius phase-3 master-specification","Medium","To Do","not_started","0","AC-BL-009-07-01 | The screen shows canonical state, attempts, provider references, allocations, refunds and audit timeline. | Requirements:  | Tests: TC-009-07-01;TC-009-07-02
AC-BL-009-07-02 | UNKNOWN and failed states expose safe, permissioned recovery actions with no secret data. | Requirements:  | Tests: TC-009-07-01;TC-009-07-02","","TC-009-07-01;TC-009-07-02","Phase 3","BL-009-07"
"73","Story","Route payments across multiple gateways","As a Payments strategist, I want route payments across multiple gateways, so that provider-neutral payments, allocation, refunds and future orchestration.","","SUB-E009","9","FUT-E009-01","sintius release-2 master-specification","Medium","To Do","not_started","0","AC-FUT-E009-01-01 | Routing applies a versioned deterministic policy with provider capability, region, cost and health inputs. | Requirements:  | Tests: TC-E009-01-01;TC-E009-01-02
AC-FUT-E009-01-02 | Fallback never creates a second attempt while the first provider outcome is ambiguous. | Requirements:  | Tests: TC-E009-01-01;TC-E009-01-02","","TC-E009-01-01;TC-E009-01-02","Release 2","FUT-E009-01"
"74","Story","Settle marketplace splits","As a Marketplace operator, I want settle marketplace splits, so that provider-neutral payments, allocation, refunds and future orchestration.","","SUB-E009","9","FUT-E009-02","sintius enterprise master-specification","Medium","To Do","not_started","0","AC-FUT-E009-02-01 | One customer payment can create balanced, traceable merchant/platform splits and liabilities. | Requirements:  | Tests: TC-E009-02-01;TC-E009-02-02
AC-FUT-E009-02-02 | Refunds, disputes and fees reverse the correct split without breaking ledger balance. | Requirements:  | Tests: TC-E009-02-01;TC-E009-02-02","","TC-E009-02-01;TC-E009-02-02","Enterprise","FUT-E009-02"
"75","Story","Authenticate an account-scoped portal session","As a Subscriber Admin, I want authenticate an account-scoped portal session, so that account-scoped, transparent subscriber self-service.","","SUB-E010","10","US-BL-010-01","sintius phase-4 master-specification","Medium","To Do","not_started","0","AC-BL-010-01-01 | A portal session is restricted to the authorized account and tenant. | Requirements:  | Tests: TC-010-01-01;TC-010-01-02
AC-BL-010-01-02 | Changing a route or object ID cannot reveal another account's data or existence. | Requirements:  | Tests: TC-010-01-01;TC-010-01-02","","TC-010-01-01;TC-010-01-02","Phase 4","BL-010-01"
"76","Story","View Portal Home financial inbox","As a Subscriber, I want view portal home financial inbox, so that account-scoped, transparent subscriber self-service.","","SUB-E010","10","US-BL-010-02","sintius phase-4 master-specification","Medium","To Do","not_started","0","AC-BL-010-02-01 | Home displays open/upcoming amounts, payment status and actionable alerts from server data. | Requirements:  | Tests: TC-010-02-01;TC-010-02-02
AC-BL-010-02-02 | Bill-shock alerts show an estimate range, evidence and non-coercive response options. | Requirements:  | Tests: TC-010-02-01;TC-010-02-02","","TC-010-02-01;TC-010-02-02","Phase 4","BL-010-02"
"77","Story","View bills and explain charges","As a Subscriber, I want view bills and explain charges, so that account-scoped, transparent subscriber self-service.","","SUB-E010","10","US-BL-010-03","sintius phase-4 master-specification","Medium","To Do","not_started","0","AC-BL-010-03-01 | Bills expose document, lines, payment state and downloadable formats. | Requirements:  | Tests: TC-010-03-01;TC-010-03-02
AC-BL-010-03-02 | Explanations cite persisted calculation facts and clearly disclose unavailable evidence. | Requirements:  | Tests: TC-010-03-01;TC-010-03-02","","TC-010-03-01;TC-010-03-02","Phase 4","BL-010-03"
"78","Story","Change subscription and payment method with preview","As a Subscriber Admin, I want change subscription and payment method with preview, so that account-scoped, transparent subscriber self-service.","","SUB-E010","10","US-BL-010-04","sintius phase-4 master-specification","Medium","To Do","not_started","0","AC-BL-010-04-01 | Every material change displays server-calculated effective date and financial impact before confirmation. | Requirements:  | Tests: TC-010-04-01;TC-010-04-02
AC-BL-010-04-02 | A stale preview or unauthorized payment method change is rejected. | Requirements:  | Tests: TC-010-04-01;TC-010-04-02","","TC-010-04-01;TC-010-04-02","Phase 4","BL-010-04"
"79","Story","Cancel without dark patterns","As a Subscriber Admin, I want cancel without dark patterns, so that account-scoped, transparent subscriber self-service.","","SUB-E010","10","US-BL-010-05","sintius phase-4 master-specification","Medium","To Do","not_started","0","AC-BL-010-05-01 | Cancel is as discoverable and prominent as upgrade. | Requirements:  | Tests: TC-010-05-01;TC-010-05-02
AC-BL-010-05-02 | Confirmation shows exact effective date and impact, and reversal is available while policy permits. | Requirements:  | Tests: TC-010-05-01;TC-010-05-02","","TC-010-05-01;TC-010-05-02","Phase 4","BL-010-05"
"80","Story","Define meters and ingest usage","As a Merchant developer, I want define meters and ingest usage, so that durable usage ingestion, rating and future high-scale mediation.","","SUB-E011","11","US-BL-011-01","sintius phase-2 master-specification","Medium","To Do","not_started","0","AC-BL-011-01-01 | Single and batch ingestion validate the versioned meter schema and return item-level dispositions. | Requirements:  | Tests: TC-011-01-01;TC-011-01-02
AC-BL-011-01-02 | Every ACCEPTED event is durable before acknowledgement. | Requirements:  | Tests: TC-011-01-01;TC-011-01-02
AC-BL-011-01-REQ-100-F2DB09F026 | Every acknowledged usage event must remain durably recoverable. | Requirements: MSR-100-F2DB09F026 | Tests: TC-011-01-02","MSR-100-F2DB09F026","TC-011-01-01;TC-011-01-02","Phase 2","BL-011-01"
"81","Story","Deduplicate, validate and quarantine usage","As a Merchant developer, I want deduplicate, validate and quarantine usage, so that durable usage ingestion, rating and future high-scale mediation.","","SUB-E011","11","US-BL-011-02","sintius phase-2 master-specification","Medium","To Do","not_started","0","AC-BL-011-02-01 | The tenant/source event identity prevents duplicate acceptance under concurrency. | Requirements:  | Tests: TC-011-02-01;TC-011-02-02
AC-BL-011-02-02 | Invalid or suspicious events retain safe reason codes in quarantine without entering rating. | Requirements:  | Tests: TC-011-02-01;TC-011-02-02
AC-BL-011-02-REQ-100-F2DB09F026 | Every acknowledged usage event must remain durably recoverable. | Requirements: MSR-100-F2DB09F026 | Tests: TC-011-02-01","MSR-100-F2DB09F026","TC-011-02-01;TC-011-02-02","Phase 2","BL-011-02"
"82","Story","Aggregate usage with late-event policy","As a Billing Administrator, I want aggregate usage with late-event policy, so that durable usage ingestion, rating and future high-scale mediation.","","SUB-E011","11","US-BL-011-03","sintius phase-2 master-specification","Medium","To Do","not_started","0","AC-BL-011-03-01 | SUM, COUNT, COUNT_DISTINCT and MAX match event-time window definitions. | Requirements:  | Tests: TC-011-03-01;TC-011-03-02
AC-BL-011-03-02 | Late events follow the configured open-period or adjustment policy without rewriting posted history. | Requirements:  | Tests: TC-011-03-01;TC-011-03-02","","TC-011-03-01;TC-011-03-02","Phase 2","BL-011-03"
"83","Story","Run deterministic replayable rating","As a Billing Administrator, I want run deterministic replayable rating, so that durable usage ingestion, rating and future high-scale mediation.","","SUB-E011","11","US-BL-011-04","sintius phase-2 master-specification","Medium","To Do","not_started","0","AC-BL-011-04-01 | A rating run binds meter, aggregate, price and engine versions and persists resulting traces. | Requirements:  | Tests: TC-011-04-01;TC-011-04-02
AC-BL-011-04-02 | Replaying the same immutable inputs yields identical rated events and totals. | Requirements:  | Tests: TC-011-04-01;TC-011-04-02","","TC-011-04-01;TC-011-04-02","Phase 2","BL-011-04"
"84","Story","Correct usage by reference","As a Billing Administrator, I want correct usage by reference, so that durable usage ingestion, rating and future high-scale mediation.","","SUB-E011","11","US-BL-011-05","sintius phase-2 master-specification","Medium","To Do","not_started","0","AC-BL-011-05-01 | A correction references the original event and records the delta or replacement without overwriting it. | Requirements:  | Tests: TC-011-05-01;TC-011-05-02
AC-BL-011-05-02 | If the period is posted, correction creates a future adjustment charge. | Requirements:  | Tests: TC-011-05-01;TC-011-05-02","","TC-011-05-01;TC-011-05-02","Phase 2","BL-011-05"
"85","Story","Explore usage and rating lineage","As a Billing Administrator, I want explore usage and rating lineage, so that durable usage ingestion, rating and future high-scale mediation.","","SUB-E011","11","US-BL-011-06","sintius phase-2 master-specification","Medium","To Do","not_started","0","AC-BL-011-06-01 | Usage Explorer filters raw, aggregate, rated and quarantined records with visible freshness. | Requirements:  | Tests: TC-011-06-01;TC-011-06-02
AC-BL-011-06-02 | Authorized users can traverse from an invoice line to rated aggregate and source events. | Requirements:  | Tests: TC-011-06-01;TC-011-06-02","","TC-011-06-01;TC-011-06-02","Phase 2","BL-011-06"
"86","Story","Mediate usage at advanced throughput","As a Platform operator, I want mediate usage at advanced throughput, so that durable usage ingestion, rating and future high-scale mediation.","","SUB-E011","11","FUT-E011-01","sintius release-2 master-specification","Medium","To Do","not_started","0","AC-FUT-E011-01-01 | Partitioning and admission control meet the approved million-events-per-minute profile without tenant starvation. | Requirements:  | Tests: TC-E011-01-01;TC-E011-01-02
AC-FUT-E011-01-02 | Deduplication, ordering policy and durable acknowledgement remain correct under burst load. | Requirements:  | Tests: TC-E011-01-01;TC-E011-01-02","","TC-E011-01-01;TC-E011-01-02","Release 2","FUT-E011-01"
"87","Story","Manage collection cases and stages","As a Collections Agent, I want manage collection cases and stages, so that explainable preventive collections and future arrangement workflows.","","SUB-E012","12","US-BL-012-01","sintius phase-4 master-specification","Medium","To Do","not_started","0","AC-BL-012-01-01 | Case creation is idempotent per account/receivable policy and follows the canonical stage model. | Requirements:  | Tests: TC-012-01-01;TC-012-01-02
AC-BL-012-01-02 | Promises, contacts and outcomes append to the existing case timeline. | Requirements:  | Tests: TC-012-01-01;TC-012-01-02","","TC-012-01-01;TC-012-01-02","Phase 4","BL-012-01"
"88","Story","Calculate deterministic collection risk","As a Collections Agent, I want calculate deterministic collection risk, so that explainable preventive collections and future arrangement workflows.","","SUB-E012","12","US-BL-012-02","sintius phase-4 master-specification","Medium","To Do","not_started","0","AC-BL-012-02-01 | Every band includes factor codes, contributions, policy version and generation time. | Requirements:  | Tests: TC-012-02-01;TC-012-02-02
AC-BL-012-02-02 | Protected attributes and unapproved proxies are excluded from scoring. | Requirements:  | Tests: TC-012-02-01;TC-012-02-02","","TC-012-02-01;TC-012-02-02","Phase 4","BL-012-02"
"89","Story","Recommend the next collection action","As a Collections Agent, I want recommend the next collection action, so that explainable preventive collections and future arrangement workflows.","","SUB-E012","12","US-BL-012-03","sintius phase-4 master-specification","Medium","To Do","not_started","0","AC-BL-012-03-01 | The engine returns an allowed action, channel, timing and reason codes under the tenant policy. | Requirements:  | Tests: TC-012-03-01;TC-012-03-02
AC-BL-012-03-02 | Unavailable model services fall back to the deterministic policy without blocking work. | Requirements:  | Tests: TC-012-03-01;TC-012-03-02","","TC-012-03-01;TC-012-03-02","Phase 4","BL-012-03"
"90","Story","Execute basic dunning","As a Collections Manager, I want execute basic dunning, so that explainable preventive collections and future arrangement workflows.","","SUB-E012","12","US-BL-012-04","sintius phase-4 master-specification","Medium","To Do","not_started","0","AC-BL-012-04-01 | Configured retries and emails execute once at each eligible stage and pause on payment, dispute or policy hold. | Requirements:  | Tests: TC-012-04-01;TC-012-04-02
AC-BL-012-04-02 | Delivery failure does not fabricate a financial-state change. | Requirements:  | Tests: TC-012-04-01;TC-012-04-02","","TC-012-04-01;TC-012-04-02","Phase 4","BL-012-04"
"91","Story","Provide Payment & Collections Intelligence","As a Finance Controller, I want provide payment & collections intelligence, so that explainable preventive collections and future arrangement workflows.","","SUB-E012","12","US-BL-012-05","sintius phase-4 master-specification","Medium","To Do","not_started","0","AC-BL-012-05-01 | Every eligible account returns upcoming amount, risk, preferred channel and next best action with evidence. | Requirements:  | Tests: TC-012-05-01;TC-012-05-02
AC-BL-012-05-02 | The summary is reproducible from versioned policy and source facts. | Requirements:  | Tests: TC-012-05-01;TC-012-05-02","","TC-012-05-01;TC-012-05-02","Phase 4","BL-012-05"
"92","Story","Operate Collections Command Center","As a Collections Manager, I want operate collections command center, so that explainable preventive collections and future arrangement workflows.","","SUB-E012","12","US-BL-012-06","sintius phase-4 master-specification","Medium","To Do","not_started","0","AC-BL-012-06-01 | Agents can prioritize, filter and act on cases with reasons and audit history visible. | Requirements:  | Tests: TC-012-06-01;TC-012-06-02
AC-BL-012-06-02 | Bulk actions preview scope, require authorization and report per-item outcomes. | Requirements:  | Tests: TC-012-06-01;TC-012-06-02","","TC-012-06-01;TC-012-06-02","Phase 4","BL-012-06"
"93","Story","Manage payment arrangements and advanced collections","As a Collections Manager, I want manage payment arrangements and advanced collections, so that explainable preventive collections and future arrangement workflows.","","SUB-E012","12","FUT-E012-01","sintius release-2 master-specification","Medium","To Do","not_started","0","AC-FUT-E012-01-01 | An approved installment plan creates versioned obligations and pauses conflicting dunning. | Requirements:  | Tests: TC-E012-01-01;TC-E012-01-02
AC-FUT-E012-01-02 | Broken promises reactivate the existing case and recalculate the permitted next action. | Requirements:  | Tests: TC-E012-01-01;TC-E012-01-02","","TC-E012-01-01;TC-E012-01-02","Release 2","FUT-E012-01"
"94","Story","Resolve full dispute workflows","As a Dispute Specialist, I want resolve full dispute workflows, so that explainable preventive collections and future arrangement workflows.","","SUB-E012","12","FUT-E012-02","sintius release-2 master-specification","Medium","To Do","not_started","0","AC-FUT-E012-02-01 | Disputes progress through evidence, investigation, decision and financial resolution with deadlines. | Requirements:  | Tests: TC-E012-02-01;TC-E012-02-02
AC-FUT-E012-02-02 | Resolution posts the correct receivable/payment adjustments and preserves submitted evidence. | Requirements:  | Tests: TC-E012-02-01;TC-E012-02-02","","TC-E012-02-01;TC-E012-02-02","Release 2","FUT-E012-02"
"95","Story","Version templates and deliver email","As a Communications Administrator, I want version templates and deliver email, so that versioned communications across email and future channels.","","SUB-E013","13","US-BL-013-01","sintius phase-5 master-specification","Medium","To Do","not_started","0","AC-BL-013-01-01 | A send binds an immutable template version, locale and safe merge data. | Requirements:  | Tests: TC-013-01-01;TC-013-01-02
AC-BL-013-01-02 | Provider submission is retryable and never stores provider credentials in payloads. | Requirements:  | Tests: TC-013-01-01;TC-013-01-02","","TC-013-01-01;TC-013-01-02","Phase 5","BL-013-01"
"96","Story","Track notification delivery status","As a Billing Administrator, I want track notification delivery status, so that versioned communications across email and future channels.","","SUB-E013","13","US-BL-013-02","sintius phase-5 master-specification","Medium","To Do","not_started","0","AC-BL-013-02-01 | Queued, sent, delivered and failed states reflect provider evidence and remain independent of invoice/payment truth. | Requirements:  | Tests: TC-013-02-01;TC-013-02-02
AC-BL-013-02-02 | Duplicate provider callbacks do not duplicate transitions or audit entries. | Requirements:  | Tests: TC-013-02-01;TC-013-02-02","","TC-013-02-01;TC-013-02-02","Phase 5","BL-013-02"
"97","Story","Deliver SMS, WhatsApp and push notifications","As a Communications Administrator, I want deliver sms, whatsapp and push notifications, so that versioned communications across email and future channels.","","SUB-E013","13","FUT-E013-01","sintius release-2 master-specification","Medium","To Do","not_started","0","AC-FUT-E013-01-01 | Channel selection honors verified consent, tenant policy, locale and quiet hours. | Requirements:  | Tests: TC-E013-01-01;TC-E013-01-02
AC-FUT-E013-01-02 | Each adapter normalizes delivery evidence without changing the communication domain model. | Requirements:  | Tests: TC-E013-01-01;TC-E013-01-02","","TC-E013-01-01;TC-E013-01-02","Release 2","FUT-E013-01"
"98","Story","Calculate the reporting semantic layer","As a Revenue Analyst, I want calculate the reporting semantic layer, so that versioned KPIs and future self-service analytics.","","SUB-E014","14","US-BL-014-01","sintius phase-5 master-specification","Medium","To Do","not_started","0","AC-BL-014-01-01 | MRR, ARR, active subscriptions, AR, payment success, collection rate and recovered revenue use versioned definitions. | Requirements:  | Tests: TC-014-01-01;TC-014-01-02
AC-BL-014-01-02 | Every aggregate reconciles to tenant-scoped source facts for the same as-of time. | Requirements:  | Tests: TC-014-01-01;TC-014-01-02","","TC-014-01-01;TC-014-01-02","Phase 5","BL-014-01"
"99","Story","Operate the Revenue Dashboard","As a Executive, I want operate the revenue dashboard, so that versioned KPIs and future self-service analytics.","","SUB-E014","14","US-BL-014-02","sintius phase-5 master-specification","Medium","To Do","not_started","0","AC-BL-014-02-01 | Dashboard KPIs exactly match the semantic layer and show definition and freshness metadata. | Requirements:  | Tests: TC-014-02-01;TC-014-02-02
AC-BL-014-02-02 | Filters are tenant-scoped and produce accessible chart/table equivalents. | Requirements:  | Tests: TC-014-02-01;TC-014-02-02","","TC-014-02-01;TC-014-02-02","Phase 5","BL-014-02"
"100","Story","Build custom reports and forecasts","As a Revenue Analyst, I want build custom reports and forecasts, so that versioned KPIs and future self-service analytics.","","SUB-E014","14","FUT-E014-01","sintius release-2 master-specification","Medium","To Do","not_started","0","AC-FUT-E014-01-01 | Authorized users compose reports only from governed semantic measures and dimensions. | Requirements:  | Tests: TC-E014-01-01;TC-E014-01-02
AC-FUT-E014-01-02 | Forecasts disclose model/version, interval and backtest quality and never overwrite actuals. | Requirements:  | Tests: TC-E014-01-01;TC-E014-01-02","","TC-E014-01-01;TC-E014-01-02","Release 2","FUT-E014-01"
"101","Story","Govern AI through a secure gateway","As a AI platform operator, I want govern ai through a secure gateway, so that grounded assistance and policy-governed autonomy.","","SUB-E015","15","US-BL-015-01","sintius phase-5 master-specification","Medium","To Do","not_started","0","AC-BL-015-01-01 | Only allow-listed models, tools and grounded data scopes are callable after normal authorization. | Requirements:  | Tests: TC-015-01-01;TC-015-01-02
AC-BL-015-01-02 | Prompts, retrieved references, tool calls and outputs are redacted and auditable. | Requirements:  | Tests: TC-015-01-01;TC-015-01-02
AC-BL-015-01-REQ-060-D71BCB321D | Every AI audit record must identify the model and version. | Requirements: MSR-060-D71BCB321D | Tests: TC-015-01-02
AC-BL-015-01-REQ-060-4E2B7E4C92 | Every AI audit record must retain a safe prompt/context reference. | Requirements: MSR-060-4E2B7E4C92 | Tests: TC-015-01-02
AC-BL-015-01-REQ-060-E62965BC5A | Every AI audit record must identify the tool or action invoked. | Requirements: MSR-060-E62965BC5A | Tests: TC-015-01-02
AC-BL-015-01-REQ-060-4DD1180FFA | Every AI audit record must identify the governing decision policy. | Requirements: MSR-060-4DD1180FFA | Tests: TC-015-01-02
AC-BL-015-01-REQ-060-647E2C1605 | Every AI audit record must identify any required human approval. | Requirements: MSR-060-647E2C1605 | Tests: TC-015-01-02
AC-BL-015-01-REQ-060-658F940653 | Every AI audit record must capture the outcome. | Requirements: MSR-060-658F940653 | Tests: TC-015-01-02
AC-BL-015-01-REQ-100-89A23734C0 | An AI action must not modify customer financial state without immutable audit evidence. | Requirements: MSR-100-89A23734C0 | Tests: TC-015-01-02","MSR-060-D71BCB321D;MSR-060-4E2B7E4C92;MSR-060-E62965BC5A;MSR-060-4DD1180FFA;MSR-060-647E2C1605;MSR-060-658F940653;MSR-100-89A23734C0","TC-015-01-01;TC-015-01-02","Phase 5","BL-015-01"
"102","Story","Generate a grounded bill explanation","As a Subscriber, I want generate a grounded bill explanation, so that grounded assistance and policy-governed autonomy.","","SUB-E015","15","US-BL-015-02","sintius phase-5 master-specification","Medium","To Do","not_started","0","AC-BL-015-02-01 | Every factual statement is supported by invoice/calculation-trace facts. | Requirements:  | Tests: TC-015-02-01;TC-015-02-02
AC-BL-015-02-02 | Missing evidence produces an explicit limitation instead of a fabricated explanation. | Requirements:  | Tests: TC-015-02-01;TC-015-02-02
AC-BL-015-02-REQ-100-C5EBB5FF61 | AI-generated financial explanations must contain only grounded, verifiable facts. | Requirements: MSR-100-C5EBB5FF61 | Tests: TC-015-02-01;TC-015-02-02","MSR-100-C5EBB5FF61","TC-015-02-01;TC-015-02-02","Phase 5","BL-015-02"
"103","Story","Suggest actions in Customer 360","As a Customer Support Agent, I want suggest actions in customer 360, so that grounded assistance and policy-governed autonomy.","","SUB-E015","15","US-BL-015-03","sintius phase-5 master-specification","Medium","To Do","not_started","0","AC-BL-015-03-01 | Suggestions display evidence, uncertainty and the governing policy without executing a mutation. | Requirements:  | Tests: TC-015-03-01;TC-015-03-02
AC-BL-015-03-02 | Choosing Act routes through the identical human authorization and approval command. | Requirements:  | Tests: TC-015-03-01;TC-015-03-02","","TC-015-03-01;TC-015-03-02","Phase 5","BL-015-03"
"104","Story","Operate bounded L2 agents","As a Revenue Operations Manager, I want operate bounded l2 agents, so that grounded assistance and policy-governed autonomy.","","SUB-E015","15","FUT-E015-01","sintius release-2 master-specification","Medium","To Do","not_started","0","AC-FUT-E015-01-01 | An opted-in agent executes only allow-listed reversible actions within explicit amount, scope and rate limits. | Requirements:  | Tests: TC-E015-01-01;TC-E015-01-02
AC-FUT-E015-01-02 | Policy violation, low confidence or missing evidence forces abstention or human approval. | Requirements:  | Tests: TC-E015-01-01;TC-E015-01-02","","TC-E015-01-01;TC-E015-01-02","Release 2","FUT-E015-01"
"105","Story","Operate policy-executed L3 agents","As a Enterprise Risk Officer, I want operate policy-executed l3 agents, so that grounded assistance and policy-governed autonomy.","","SUB-E015","15","FUT-E015-02","sintius enterprise master-specification","Medium","To Do","not_started","0","AC-FUT-E015-02-01 | L3 activation requires approved evaluation evidence, tenant opt-in and named accountable owners. | Requirements:  | Tests: TC-E015-02-01;TC-E015-02-02
AC-FUT-E015-02-02 | Every action supports real-time monitoring, intervention and compensating recovery. | Requirements:  | Tests: TC-E015-02-01;TC-E015-02-02","","TC-E015-02-01;TC-E015-02-02","Enterprise","FUT-E015-02"
"106","Story","Manage connector and external mapping primitives","As a Integration Administrator, I want manage connector and external mapping primitives, so that connector primitives, webhooks and future enterprise integration governance.","","SUB-E016","16","US-BL-016-01","sintius phase-5 master-specification","Medium","To Do","not_started","0","AC-BL-016-01-01 | Connectors, endpoints and external mappings are tenant-scoped, versioned and secret-reference-only. | Requirements:  | Tests: TC-016-01-01;TC-016-01-02
AC-BL-016-01-02 | Mapping conflicts and invalid lifecycle changes fail with actionable errors. | Requirements:  | Tests: TC-016-01-01;TC-016-01-02","","TC-016-01-01;TC-016-01-02","Phase 5","BL-016-01"
"107","Story","Deliver and replay signed webhooks","As a Merchant developer, I want deliver and replay signed webhooks, so that connector primitives, webhooks and future enterprise integration governance.","","SUB-E016","16","US-BL-016-02","sintius phase-5 master-specification","Medium","To Do","not_started","0","AC-BL-016-02-01 | Each delivery is signed, retryable and deduplicated while preserving the original event envelope. | Requirements:  | Tests: TC-016-02-01;TC-016-02-02
AC-BL-016-02-02 | Manual replay creates a new delivery ID and immutable audit evidence. | Requirements:  | Tests: TC-016-02-01;TC-016-02-02","","TC-016-02-01;TC-016-02-02","Phase 5","BL-016-02"
"108","Story","Store externally determined tax evidence","As a Billing Administrator, I want store externally determined tax evidence, so that connector primitives, webhooks and future enterprise integration governance.","","SUB-E016","16","US-BL-016-03","sintius phase-5 master-specification","Medium","To Do","not_started","0","AC-BL-016-03-01 | The adapter records provider result, jurisdiction evidence, request reference and version without claiming native determination. | Requirements:  | Tests: TC-016-03-01;TC-016-03-02
AC-BL-016-03-02 | Invoice finalization fails safely when required evidence is absent or invalid. | Requirements:  | Tests: TC-016-03-01;TC-016-03-02","","TC-016-03-01;TC-016-03-02","Phase 5","BL-016-03"
"109","Story","Determine tax natively","As a Tax Administrator, I want determine tax natively, so that connector primitives, webhooks and future enterprise integration governance.","","SUB-E016","16","FUT-E016-01","sintius release-2 master-specification","Medium","To Do","not_started","0","AC-FUT-E016-01-01 | Jurisdiction, nexus, product tax code and exemption evidence produce a versioned determination. | Requirements:  | Tests: TC-E016-01-01;TC-E016-01-02
AC-FUT-E016-01-02 | Recalculation never silently changes a posted invoice and corrections retain prior evidence. | Requirements:  | Tests: TC-E016-01-01;TC-E016-01-02","","TC-E016-01-01;TC-E016-01-02","Release 2","FUT-E016-01"
"110","Story","Design visual revenue workflows","As a Revenue Operations Manager, I want design visual revenue workflows, so that connector primitives, webhooks and future enterprise integration governance.","","SUB-E016","16","FUT-E016-02","sintius release-2 master-specification","Medium","To Do","not_started","0","AC-FUT-E016-02-01 | A visual workflow compiles to a versioned, validated graph with bounded actions and failure paths. | Requirements:  | Tests: TC-E016-02-01;TC-E016-02-02
AC-FUT-E016-02-02 | Simulation proves triggers, branching and compensation before activation. | Requirements:  | Tests: TC-E016-02-01;TC-E016-02-02","","TC-E016-02-01;TC-E016-02-02","Release 2","FUT-E016-02"
"111","Story","Connect ERP and CRM systems","As a Integration Administrator, I want connect erp and crm systems, so that connector primitives, webhooks and future enterprise integration governance.","","SUB-E016","16","FUT-E016-03","sintius release-2 master-specification","Medium","To Do","not_started","0","AC-FUT-E016-03-01 | Versioned mappings synchronize supported master and financial records with checkpointed retries. | Requirements:  | Tests: TC-E016-03-01;TC-E016-03-02
AC-FUT-E016-03-02 | Conflicts enter an explainable exception queue and never silently overwrite financial truth. | Requirements:  | Tests: TC-E016-03-01;TC-E016-03-02","","TC-E016-03-01;TC-E016-03-02","Release 2","FUT-E016-03"
"112","Story","Govern an enterprise connector marketplace","As a Enterprise Integration Owner, I want govern an enterprise connector marketplace, so that connector primitives, webhooks and future enterprise integration governance.","","SUB-E016","16","FUT-E016-04","sintius enterprise master-specification","Medium","To Do","not_started","0","AC-FUT-E016-04-01 | Third-party connectors pass security, compatibility, tenancy and operational certification before publication. | Requirements:  | Tests: TC-E016-04-01;TC-E016-04-02
AC-FUT-E016-04-02 | Installation declares permissions and egress and supports revocation without orphaning audit evidence. | Requirements:  | Tests: TC-E016-04-01;TC-E016-04-02","","TC-E016-04-01;TC-E016-04-02","Enterprise","FUT-E016-04"
"113","Story","Promote configuration across environments","As a Release Manager, I want promote configuration across environments, so that connector primitives, webhooks and future enterprise integration governance.","","SUB-E016","16","FUT-E016-05","sintius enterprise master-specification","Medium","To Do","not_started","0","AC-FUT-E016-05-01 | A signed immutable configuration bundle is promoted through dev, test, UAT and production with approvals. | Requirements:  | Tests: TC-E016-05-01;TC-E016-05-02
AC-FUT-E016-05-02 | Drift, dependency mismatch or failed verification blocks promotion and supports rollback. | Requirements:  | Tests: TC-E016-05-01;TC-E016-05-02","","TC-E016-05-01;TC-E016-05-02","Enterprise","FUT-E016-05"
"114","Story","Append immutable audit events","As a Auditor, I want append immutable audit events, so that immutable evidence, isolation certification and enterprise operational governance.","","SUB-E017","17","US-BL-017-01","sintius phase-0 master-specification","Medium","Done","implemented","100","AC-BL-017-01-01 | Every material mutation records actor, action, reason, correlation and safe before/after evidence in the same transaction. | Requirements:  | Tests: TC-017-01-01;TC-017-01-02
AC-BL-017-01-02 | Application roles cannot update or delete audit rows. | Requirements:  | Tests: TC-017-01-01;TC-017-01-02
AC-BL-017-01-REQ-002-15E961BFA7 | Every downstream transaction must be traceable back to its originating commercial event. | Requirements: MSR-002-15E961BFA7 | Tests: TC-017-01-01
AC-BL-017-01-REQ-060-D685CE4383 | Every audit record must identify the actor. | Requirements: MSR-060-D685CE4383 | Tests: TC-017-01-01;TC-017-01-02
AC-BL-017-01-REQ-060-72A98A23A1 | Every audit record must identify the action. | Requirements: MSR-060-72A98A23A1 | Tests: TC-017-01-01;TC-017-01-02
AC-BL-017-01-REQ-060-8863CC87AA | Every audit record must identify the affected object. | Requirements: MSR-060-8863CC87AA | Tests: TC-017-01-01;TC-017-01-02
AC-BL-017-01-REQ-060-7A4D1C60B6 | Every audit record must identify when the action occurred. | Requirements: MSR-060-7A4D1C60B6 | Tests: TC-017-01-01;TC-017-01-02
AC-BL-017-01-REQ-060-84A0B159CD | Every audit record must identify the trusted request or workload origin. | Requirements: MSR-060-84A0B159CD | Tests: TC-017-01-01;TC-017-01-02
AC-BL-017-01-REQ-060-03F1D3C250 | Every audit record must preserve a safe before-state reference. | Requirements: MSR-060-03F1D3C250 | Tests: TC-017-01-01;TC-017-01-02
AC-BL-017-01-REQ-060-7A6587E28A | Every audit record must preserve a safe after-state reference. | Requirements: MSR-060-7A6587E28A | Tests: TC-017-01-01;TC-017-01-02
AC-BL-017-01-REQ-060-987796DF8F | Every audit record must capture the action reason. | Requirements: MSR-060-987796DF8F | Tests: TC-017-01-01;TC-017-01-02
AC-BL-017-01-REQ-060-D67CC8BB58 | Configuration changes must be auditable. | Requirements: MSR-060-D67CC8BB58 | Tests: TC-017-01-01;TC-017-01-02
AC-BL-017-01-REQ-060-D71BCB321D | Every AI audit record must identify the model and version. | Requirements: MSR-060-D71BCB321D | Tests: TC-017-01-01
AC-BL-017-01-REQ-060-4E2B7E4C92 | Every AI audit record must retain a safe prompt/context reference. | Requirements: MSR-060-4E2B7E4C92 | Tests: TC-017-01-01
AC-BL-017-01-REQ-060-E62965BC5A | Every AI audit record must identify the tool or action invoked. | Requirements: MSR-060-E62965BC5A | Tests: TC-017-01-01
AC-BL-017-01-REQ-060-4DD1180FFA | Every AI audit record must identify the governing decision policy. | Requirements: MSR-060-4DD1180FFA | Tests: TC-017-01-01
AC-BL-017-01-REQ-060-647E2C1605 | Every AI audit record must identify any required human approval. | Requirements: MSR-060-647E2C1605 | Tests: TC-017-01-01
AC-BL-017-01-REQ-060-658F940653 | Every AI audit record must capture the outcome. | Requirements: MSR-060-658F940653 | Tests: TC-017-01-01
AC-BL-017-01-REQ-060-B4104BDA97 | Never record secrets or complete payment credentials. | Requirements: MSR-060-B4104BDA97 | Tests: TC-017-01-02
AC-BL-017-01-REQ-100-D9D23B15BD | Every financial transaction must retain end-to-end source and decision traceability. | Requirements: MSR-100-D9D23B15BD | Tests: TC-017-01-01
AC-BL-017-01-REQ-100-89A23734C0 | An AI action must not modify customer financial state without immutable audit evidence. | Requirements: MSR-100-89A23734C0 | Tests: TC-017-01-01","MSR-002-15E961BFA7;MSR-060-D685CE4383;MSR-060-72A98A23A1;MSR-060-8863CC87AA;MSR-060-7A4D1C60B6;MSR-060-84A0B159CD;MSR-060-03F1D3C250;MSR-060-7A6587E28A;MSR-060-987796DF8F;MSR-060-D67CC8BB58;MSR-060-D71BCB321D;MSR-060-4E2B7E4C92;MSR-060-E62965BC5A;MSR-060-4DD1180FFA;MSR-060-647E2C1605;MSR-060-658F940653;MSR-060-B4104BDA97;MSR-100-D9D23B15BD;MSR-100-89A23734C0","TC-017-01-01;TC-017-01-02","Phase 0","BL-017-01"
"115","Story","Display reusable audit timelines","As a Auditor, I want display reusable audit timelines, so that immutable evidence, isolation certification and enterprise operational governance.","","SUB-E017","17","US-BL-017-02","sintius phase-6 master-specification","Medium","To Do","not_started","0","AC-BL-017-02-01 | Authorized screens render ordered, paginated audit facts with actor and correlation links. | Requirements:  | Tests: TC-017-02-01;TC-017-02-02
AC-BL-017-02-02 | Restricted fields are omitted rather than masked inconsistently. | Requirements:  | Tests: TC-017-02-01;TC-017-02-02
AC-BL-017-02-REQ-060-D67CC8BB58 | Configuration changes must be auditable. | Requirements: MSR-060-D67CC8BB58 | Tests: TC-017-02-01","MSR-060-D67CC8BB58","TC-017-02-01;TC-017-02-02","Phase 6","BL-017-02"
"116","Story","Block releases on isolation failure","As a Security reviewer, I want block releases on isolation failure, so that immutable evidence, isolation certification and enterprise operational governance.","","SUB-E017","17","US-BL-017-03","sintius phase-0 master-specification","Medium","In Progress","in_progress","85","AC-BL-017-03-01 | The full tenant-isolation negative matrix runs for every tenant-owned table and access path. | Requirements:  | Tests: TC-017-03-01;TC-017-03-02
AC-BL-017-03-02 | Any failure blocks the release pipeline and records reproducible evidence. | Requirements:  | Tests: TC-017-03-01;TC-017-03-02
AC-BL-017-03-REQ-082-A110A8A3AA | Strong tenant isolation is mandatory at application and database layers. | Requirements: MSR-082-A110A8A3AA | Tests: TC-017-03-01
AC-BL-017-03-REQ-100-2B6E40A9E3 | No tenant must be able to access another tenant's data. | Requirements: MSR-100-2B6E40A9E3 | Tests: TC-017-03-01;TC-017-03-02","MSR-082-A110A8A3AA;MSR-100-2B6E40A9E3","TC-017-03-01;TC-017-03-02","Phase 0","BL-017-03"
"117","Story","Export audit evidence securely","As a Auditor, I want export audit evidence securely, so that immutable evidence, isolation certification and enterprise operational governance.","","SUB-E017","17","US-BL-017-04","sintius phase-6 master-specification","Medium","To Do","not_started","0","AC-BL-017-04-01 | A permissioned export is tenant-, time- and object-scoped and produces tamper-evident output. | Requirements:  | Tests: TC-017-04-01;TC-017-04-02
AC-BL-017-04-02 | Request, generation and download are themselves audited. | Requirements:  | Tests: TC-017-04-01;TC-017-04-02","","TC-017-04-01;TC-017-04-02","Phase 6","BL-017-04"
"118","Story","Automate financial reconciliation","As a Finance Operations, I want automate financial reconciliation, so that immutable evidence, isolation certification and enterprise operational governance.","","SUB-E017","17","FUT-E017-01","sintius release-2 master-specification","Medium","To Do","not_started","0","AC-FUT-E017-01-01 | Provider settlement, bank cash, payment, allocation and ledger records match under versioned rules. | Requirements:  | Tests: TC-E017-01-01;TC-E017-01-02
AC-FUT-E017-01-02 | Unmatched or inconsistent items enter an owned exception queue within the configured SLO. | Requirements:  | Tests: TC-E017-01-01;TC-E017-01-02","","TC-E017-01-01;TC-E017-01-02","Release 2","FUT-E017-01"
"119","Story","Run advanced enterprise reconciliation","As a Enterprise Controller, I want run advanced enterprise reconciliation, so that immutable evidence, isolation certification and enterprise operational governance.","","SUB-E017","17","FUT-E017-02","sintius enterprise master-specification","Medium","To Do","not_started","0","AC-FUT-E017-02-01 | Cross-entity, cross-currency and marketplace balances reconcile with explicit FX and elimination entries. | Requirements:  | Tests: TC-E017-02-01;TC-E017-02-02
AC-FUT-E017-02-02 | Period close cannot complete while material unexplained differences exceed policy. | Requirements:  | Tests: TC-E017-02-01;TC-E017-02-02","","TC-E017-02-01;TC-E017-02-02","Enterprise","FUT-E017-02"
"120","Story","Deploy regionally for data residency","As a Enterprise Security Officer, I want deploy regionally for data residency, so that immutable evidence, isolation certification and enterprise operational governance.","","SUB-E017","17","FUT-E017-03","sintius enterprise master-specification","Medium","To Do","not_started","0","AC-FUT-E017-03-01 | Tenant data, keys, backups and processing remain within the contracted region except approved metadata. | Requirements:  | Tests: TC-E017-03-01;TC-E017-03-02
AC-FUT-E017-03-02 | Regional failover honors residency, RPO/RTO and immutable audit requirements. | Requirements:  | Tests: TC-E017-03-01;TC-E017-03-02","","TC-E017-03-01;TC-E017-03-02","Enterprise","FUT-E017-03"
"121","Story","PRODUCT VISION: requirement set 01","As a Platform Product Owner, I want the product vision requirements delivered, so that the platform conforms to the traced master product specification.","","SUB-E001","1","US-MSR-001-01","sintius cross-horizon master-specification","Medium","To Do","not_started","0","AC-MSR-001-01-01 | Build the world's most intuitive and intelligent Subscription & Revenue Operating System. | Requirements: MSR-001-1CEE9C0C66 | Tests: TC-MSR-001-1CEE9C0C66
AC-MSR-001-01-02 | The platform must enable organizations to launch new monetization models quickly while providing subscribers with a frictionless experience for understanding, managing and paying for their subscriptions. | Requirements: MSR-001-CB93218431 | Tests: TC-MSR-001-CB93218431
AC-MSR-001-01-03 | The product should solve five fundamental problems. | Requirements: MSR-001-516C19774E | Tests: TC-MSR-001-516C19774E
AC-MSR-001-01-04 | Businesses should be able to create or change products, prices, bundles, billing rules and promotions without engineering deployments. | Requirements: MSR-001-ED245F4687 | Tests: TC-MSR-001-ED245F4687
AC-MSR-001-01-05 | The platform must support be captured, within product vision. | Requirements: MSR-001-FCDE5D65ED | Tests: TC-MSR-001-FCDE5D65ED
AC-MSR-001-01-06 | The platform must support be priced correctly, within product vision. | Requirements: MSR-001-B6FB2E8A67 | Tests: TC-MSR-001-B6FB2E8A67
AC-MSR-001-01-07 | The platform must support become billable, within product vision. | Requirements: MSR-001-02CAF499B2 | Tests: TC-MSR-001-02CAF499B2
AC-MSR-001-01-08 | The platform must support be invoiced, within product vision. | Requirements: MSR-001-CA9E84B396 | Tests: TC-MSR-001-CA9E84B396
AC-MSR-001-01-09 | The platform must support be collected, within product vision. | Requirements: MSR-001-1C3588D555 | Tests: TC-MSR-001-1C3588D555
AC-MSR-001-01-10 | The platform must support be reconciled, within product vision. | Requirements: MSR-001-AB2B5AF2EF | Tests: TC-MSR-001-AB2B5AF2EF","MSR-001-1CEE9C0C66;MSR-001-CB93218431;MSR-001-516C19774E;MSR-001-ED245F4687;MSR-001-FCDE5D65ED;MSR-001-B6FB2E8A67;MSR-001-02CAF499B2;MSR-001-CA9E84B396;MSR-001-1C3588D555;MSR-001-AB2B5AF2EF","TC-MSR-001-1CEE9C0C66;TC-MSR-001-CB93218431;TC-MSR-001-516C19774E;TC-MSR-001-ED245F4687;TC-MSR-001-FCDE5D65ED;TC-MSR-001-B6FB2E8A67;TC-MSR-001-02CAF499B2;TC-MSR-001-CA9E84B396;TC-MSR-001-1C3588D555;TC-MSR-001-AB2B5AF2EF","Cross-horizon","Master specification §1"
"122","Story","PRODUCT VISION: requirement set 02","As a Platform Product Owner, I want the product vision requirements delivered, so that the platform conforms to the traced master product specification.","","SUB-E001","1","US-MSR-001-02","sintius cross-horizon master-specification","Medium","To Do","not_started","0","AC-MSR-001-02-01 | The platform must support be recognized appropriately. within product vision. | Requirements: MSR-001-2A96C7CE2A | Tests: TC-MSR-001-2A96C7CE2A
AC-MSR-001-02-02 | Revenue leakage must be detectable automatically. | Requirements: MSR-001-73C51AA854 | Tests: TC-MSR-001-73C51AA854
AC-MSR-001-02-03 | The system should actively maximize the probability that an invoice gets paid. | Requirements: MSR-001-1A56A5EB69 | Tests: TC-MSR-001-1A56A5EB69
AC-MSR-001-02-04 | Product and implementation decisions must conform to this master-specification constraint: > Payment fails → retry card → send email → suspend account. | Requirements: MSR-001-1FE33AB9D5 | Tests: TC-MSR-001-1FE33AB9D5
AC-MSR-001-02-05 | The platform must support what they subscribed to, within product vision. | Requirements: MSR-001-4C44038DA9 | Tests: TC-MSR-001-4C44038DA9
AC-MSR-001-02-06 | The platform must support what they consumed, within product vision. | Requirements: MSR-001-3C022D47C0 | Tests: TC-MSR-001-3C022D47C0
AC-MSR-001-02-07 | The platform must support why they were charged, within product vision. | Requirements: MSR-001-FF08507AC1 | Tests: TC-MSR-001-FF08507AC1
AC-MSR-001-02-08 | The platform must support when payment is due, within product vision. | Requirements: MSR-001-3F9394EC45 | Tests: TC-MSR-001-3F9394EC45
AC-MSR-001-02-09 | The platform must support how they can pay, within product vision. | Requirements: MSR-001-8E475A1A8A | Tests: TC-MSR-001-8E475A1A8A
AC-MSR-001-02-10 | The platform must support what happens if they do not pay, within product vision. | Requirements: MSR-001-552347B19C | Tests: TC-MSR-001-552347B19C","MSR-001-2A96C7CE2A;MSR-001-73C51AA854;MSR-001-1A56A5EB69;MSR-001-1FE33AB9D5;MSR-001-4C44038DA9;MSR-001-3C022D47C0;MSR-001-FF08507AC1;MSR-001-3F9394EC45;MSR-001-8E475A1A8A;MSR-001-552347B19C","TC-MSR-001-2A96C7CE2A;TC-MSR-001-73C51AA854;TC-MSR-001-1A56A5EB69;TC-MSR-001-1FE33AB9D5;TC-MSR-001-4C44038DA9;TC-MSR-001-3C022D47C0;TC-MSR-001-FF08507AC1;TC-MSR-001-3F9394EC45;TC-MSR-001-8E475A1A8A;TC-MSR-001-552347B19C","Cross-horizon","Master specification §1"
"123","Story","PRODUCT VISION: requirement set 03","As a Platform Product Owner, I want the product vision requirements delivered, so that the platform conforms to the traced master product specification.","","SUB-E001","1","US-MSR-001-03","sintius cross-horizon master-specification","Medium","To Do","not_started","0","AC-MSR-001-03-01 | The platform must support how they can change their subscription. within product vision. | Requirements: MSR-001-77954770B9 | Tests: TC-MSR-001-77954770B9
AC-MSR-001-03-02 | Complicated subscription operations should become visual, configurable and explainable. | Requirements: MSR-001-42580D867B | Tests: TC-MSR-001-42580D867B","MSR-001-77954770B9;MSR-001-42580D867B","TC-MSR-001-77954770B9;TC-MSR-001-42580D867B","Cross-horizon","Master specification §1"
"124","Story","PRIMARY PRODUCT PRINCIPLE: requirement set 01","As a Platform Product Owner, I want the primary product principle requirements delivered, so that the platform conforms to the traced master product specification.","","SUB-E001","1","US-MSR-002-01","sintius cross-horizon master-specification","Medium","To Do","not_started","0","AC-MSR-002-01-01 | Represent every commercial relationship as an interconnected graph. | Requirements: MSR-002-9E3AA48BAE | Tests: TC-MSR-002-9E3AA48BAE
AC-MSR-002-01-02 | Product and implementation decisions must conform to this master-specification constraint: Customer → Account → Contract → Subscription → Product → Entitlement → Usage → Charge → Invoice → Payment → Settlement → Revenue Event → Ledger Entry. | Requirements: MSR-002-B7A6E8E227 | Tests: TC-MSR-002-B7A6E8E227
AC-MSR-002-01-03 | Payment → Invoice → Charge → Usage event → Subscription → Contract → Offer → Product. | Requirements: MSR-002-9F574C5E41 | Tests: TC-MSR-002-9F574C5E41
AC-MSR-002-01-04 | Product and implementation decisions must conform to this master-specification constraint: And vice versa. | Requirements: MSR-002-E09BDE25AB | Tests: TC-MSR-002-E09BDE25AB
AC-MSR-002-01-05 | This traceability must be native to the platform. | Requirements: MSR-002-B6E855FF6C | Tests: TC-MSR-002-B6E855FF6C","MSR-002-9E3AA48BAE;MSR-002-B7A6E8E227;MSR-002-9F574C5E41;MSR-002-E09BDE25AB;MSR-002-B6E855FF6C","TC-MSR-002-9E3AA48BAE;TC-MSR-002-B7A6E8E227;TC-MSR-002-9F574C5E41;TC-MSR-002-E09BDE25AB;TC-MSR-002-B6E855FF6C","Cross-horizon","Master specification §2"
"125","Story","TARGET CUSTOMERS: requirement set 01","As a Platform Product Owner, I want the target customers requirements delivered, so that the platform conforms to the traced master product specification.","","SUB-E001","1","US-MSR-003-01","sintius cross-horizon master-specification","Medium","To Do","not_started","0","AC-MSR-003-01-01 | The platform must support software subscriptions within target customers. | Requirements: MSR-003-5E375C2D6D | Tests: TC-MSR-003-5E375C2D6D
AC-MSR-003-01-02 | The platform must support cloud platforms within target customers. | Requirements: MSR-003-5EC2258BC2 | Tests: TC-MSR-003-5EC2258BC2
AC-MSR-003-01-03 | The platform must support API businesses within target customers. | Requirements: MSR-003-8792DDE408 | Tests: TC-MSR-003-8792DDE408
AC-MSR-003-01-04 | The platform must support developer platforms within target customers. | Requirements: MSR-003-2F39732EEF | Tests: TC-MSR-003-2F39732EEF
AC-MSR-003-01-05 | The platform must support AI-token services within target customers. | Requirements: MSR-003-FE9BD58D85 | Tests: TC-MSR-003-FE9BD58D85
AC-MSR-003-01-06 | The platform must support storage within target customers. | Requirements: MSR-003-833521C791 | Tests: TC-MSR-003-833521C791
AC-MSR-003-01-07 | The platform must support compute within target customers. | Requirements: MSR-003-2551EBE467 | Tests: TC-MSR-003-2551EBE467
AC-MSR-003-01-08 | The platform must support streaming within target customers. | Requirements: MSR-003-8103ABDA4D | Tests: TC-MSR-003-8103ABDA4D
AC-MSR-003-01-09 | The platform must support news within target customers. | Requirements: MSR-003-9F798F2706 | Tests: TC-MSR-003-9F798F2706
AC-MSR-003-01-10 | The platform must support gaming within target customers. | Requirements: MSR-003-F14DEBF19C | Tests: TC-MSR-003-F14DEBF19C","MSR-003-5E375C2D6D;MSR-003-5EC2258BC2;MSR-003-8792DDE408;MSR-003-2F39732EEF;MSR-003-FE9BD58D85;MSR-003-833521C791;MSR-003-2551EBE467;MSR-003-8103ABDA4D;MSR-003-9F798F2706;MSR-003-F14DEBF19C","TC-MSR-003-5E375C2D6D;TC-MSR-003-5EC2258BC2;TC-MSR-003-8792DDE408;TC-MSR-003-2F39732EEF;TC-MSR-003-FE9BD58D85;TC-MSR-003-833521C791;TC-MSR-003-2551EBE467;TC-MSR-003-8103ABDA4D;TC-MSR-003-9F798F2706;TC-MSR-003-F14DEBF19C","Cross-horizon","Master specification §3"
"126","Story","TARGET CUSTOMERS: requirement set 02","As a Platform Product Owner, I want the target customers requirements delivered, so that the platform conforms to the traced master product specification.","","SUB-E001","1","US-MSR-003-02","sintius cross-horizon master-specification","Medium","To Do","not_started","0","AC-MSR-003-02-01 | The platform must support creator subscriptions within target customers. | Requirements: MSR-003-755111D44C | Tests: TC-MSR-003-755111D44C
AC-MSR-003-02-02 | The platform must support mobile plans within target customers. | Requirements: MSR-003-EFFE4897F6 | Tests: TC-MSR-003-EFFE4897F6
AC-MSR-003-02-03 | The platform must support broadband within target customers. | Requirements: MSR-003-A9998D55DB | Tests: TC-MSR-003-A9998D55DB
AC-MSR-003-02-04 | The platform must support IoT within target customers. | Requirements: MSR-003-E509DD74F3 | Tests: TC-MSR-003-E509DD74F3
AC-MSR-003-02-05 | The platform must support usage-based telecommunications within target customers. | Requirements: MSR-003-44904C0BEF | Tests: TC-MSR-003-44904C0BEF
AC-MSR-003-02-06 | The platform must support electricity within target customers. | Requirements: MSR-003-62D5D69854 | Tests: TC-MSR-003-62D5D69854
AC-MSR-003-02-07 | The platform must support water within target customers. | Requirements: MSR-003-46417AB3E6 | Tests: TC-MSR-003-46417AB3E6
AC-MSR-003-02-08 | The platform must support EV charging within target customers. | Requirements: MSR-003-DF71012049 | Tests: TC-MSR-003-DF71012049
AC-MSR-003-02-09 | The platform must support distributed energy within target customers. | Requirements: MSR-003-6A6CE47473 | Tests: TC-MSR-003-6A6CE47473
AC-MSR-003-02-10 | The platform must support account fees within target customers. | Requirements: MSR-003-7A040DF487 | Tests: TC-MSR-003-7A040DF487","MSR-003-755111D44C;MSR-003-EFFE4897F6;MSR-003-A9998D55DB;MSR-003-E509DD74F3;MSR-003-44904C0BEF;MSR-003-62D5D69854;MSR-003-46417AB3E6;MSR-003-DF71012049;MSR-003-6A6CE47473;MSR-003-7A040DF487","TC-MSR-003-755111D44C;TC-MSR-003-EFFE4897F6;TC-MSR-003-A9998D55DB;TC-MSR-003-E509DD74F3;TC-MSR-003-44904C0BEF;TC-MSR-003-62D5D69854;TC-MSR-003-46417AB3E6;TC-MSR-003-DF71012049;TC-MSR-003-6A6CE47473;TC-MSR-003-7A040DF487","Cross-horizon","Master specification §3"
"127","Story","TARGET CUSTOMERS: requirement set 03","As a Platform Product Owner, I want the target customers requirements delivered, so that the platform conforms to the traced master product specification.","","SUB-E001","1","US-MSR-003-03","sintius cross-horizon master-specification","Medium","To Do","not_started","0","AC-MSR-003-03-01 | The platform must support premium memberships within target customers. | Requirements: MSR-003-FDC10A1DF5-01 | Tests: TC-MSR-003-FDC10A1DF5-01
AC-MSR-003-03-02 | The platform must support data services within target customers. | Requirements: MSR-003-5FB72F5FB0 | Tests: TC-MSR-003-5FB72F5FB0
AC-MSR-003-03-03 | The platform must support vehicle subscriptions within target customers. | Requirements: MSR-003-384668F69E | Tests: TC-MSR-003-384668F69E
AC-MSR-003-03-04 | The platform must support fleet services within target customers. | Requirements: MSR-003-075603F584 | Tests: TC-MSR-003-075603F584
AC-MSR-003-03-05 | The platform must support charging within target customers. | Requirements: MSR-003-45F0FF8C96 | Tests: TC-MSR-003-45F0FF8C96
AC-MSR-003-03-06 | The platform must support insurance add-ons within target customers. | Requirements: MSR-003-817394B2D7 | Tests: TC-MSR-003-817394B2D7
AC-MSR-003-03-07 | The platform must support Equipment-as-a-Service within target customers. | Requirements: MSR-003-98EA35C7B3 | Tests: TC-MSR-003-98EA35C7B3
AC-MSR-003-03-08 | The platform must support Machine-as-a-Service within target customers. | Requirements: MSR-003-ACD0119A1E | Tests: TC-MSR-003-ACD0119A1E
AC-MSR-003-03-09 | The platform must support outcome-based contracts within target customers. | Requirements: MSR-003-A4D1694035 | Tests: TC-MSR-003-A4D1694035
AC-MSR-003-03-10 | The platform must support predictive maintenance subscriptions within target customers. | Requirements: MSR-003-F6F45F3864 | Tests: TC-MSR-003-F6F45F3864","MSR-003-FDC10A1DF5-01;MSR-003-5FB72F5FB0;MSR-003-384668F69E;MSR-003-075603F584;MSR-003-45F0FF8C96;MSR-003-817394B2D7;MSR-003-98EA35C7B3;MSR-003-ACD0119A1E;MSR-003-A4D1694035;MSR-003-F6F45F3864","TC-MSR-003-FDC10A1DF5-01;TC-MSR-003-5FB72F5FB0;TC-MSR-003-384668F69E;TC-MSR-003-075603F584;TC-MSR-003-45F0FF8C96;TC-MSR-003-817394B2D7;TC-MSR-003-98EA35C7B3;TC-MSR-003-ACD0119A1E;TC-MSR-003-A4D1694035;TC-MSR-003-F6F45F3864","Cross-horizon","Master specification §3"
"128","Story","TARGET CUSTOMERS: requirement set 04","As a Platform Product Owner, I want the target customers requirements delivered, so that the platform conforms to the traced master product specification.","","SUB-E001","1","US-MSR-003-04","sintius cross-horizon master-specification","Medium","To Do","not_started","0","AC-MSR-003-04-01 | The platform must support memberships within target customers. | Requirements: MSR-003-85EAC6B014 | Tests: TC-MSR-003-85EAC6B014
AC-MSR-003-04-02 | The platform must support health clubs within target customers. | Requirements: MSR-003-2C088B781C | Tests: TC-MSR-003-2C088B781C
AC-MSR-003-04-03 | The platform must support education within target customers. | Requirements: MSR-003-D913DE2FA4 | Tests: TC-MSR-003-D913DE2FA4
AC-MSR-003-04-04 | The platform must support food delivery within target customers. | Requirements: MSR-003-296BCBD3B8 | Tests: TC-MSR-003-296BCBD3B8
AC-MSR-003-04-05 | The platform must support premium memberships within target customers. | Requirements: MSR-003-FDC10A1DF5-02 | Tests: TC-MSR-003-FDC10A1DF5-02","MSR-003-85EAC6B014;MSR-003-2C088B781C;MSR-003-D913DE2FA4;MSR-003-296BCBD3B8;MSR-003-FDC10A1DF5-02","TC-MSR-003-85EAC6B014;TC-MSR-003-2C088B781C;TC-MSR-003-D913DE2FA4;TC-MSR-003-296BCBD3B8;TC-MSR-003-FDC10A1DF5-02","Cross-horizon","Master specification §3"
"129","Story","BUSINESS MODELS: requirement set 01","As a Pricing Manager, I want the business models requirements delivered, so that the platform conforms to the traced master product specification.","","SUB-E005","5","US-MSR-004-01","sintius phase-1 master-specification","Medium","To Do","not_started","0","AC-MSR-004-01-01 | The pricing engine must be able to combine multiple pricing models within the same customer contract. | Requirements: MSR-004-E423D634B0 | Tests: TC-MSR-004-E423D634B0
AC-MSR-004-01-02 | The platform must support flat recurring price within business models. | Requirements: MSR-004-9DE795A633 | Tests: TC-MSR-004-9DE795A633
AC-MSR-004-01-03 | The platform must support one-time charge within business models. | Requirements: MSR-004-CF76BAC9A4 | Tests: TC-MSR-004-CF76BAC9A4
AC-MSR-004-01-04 | The platform must support per-seat within business models. | Requirements: MSR-004-3A1095ADDE | Tests: TC-MSR-004-3A1095ADDE
AC-MSR-004-01-05 | The platform must support per-device within business models. | Requirements: MSR-004-ACBA59E1BE | Tests: TC-MSR-004-ACBA59E1BE
AC-MSR-004-01-06 | The platform must support per-location within business models. | Requirements: MSR-004-CAD4D51F6A | Tests: TC-MSR-004-CAD4D51F6A
AC-MSR-004-01-07 | The platform must support per-user within business models. | Requirements: MSR-004-C6935E4D0F | Tests: TC-MSR-004-C6935E4D0F
AC-MSR-004-01-08 | The platform must support volume pricing within business models. | Requirements: MSR-004-33A4472736 | Tests: TC-MSR-004-33A4472736
AC-MSR-004-01-09 | The platform must support tiered pricing within business models. | Requirements: MSR-004-2B45065622 | Tests: TC-MSR-004-2B45065622
AC-MSR-004-01-10 | The platform must support graduated pricing within business models. | Requirements: MSR-004-E61B5CAD98 | Tests: TC-MSR-004-E61B5CAD98","MSR-004-E423D634B0;MSR-004-9DE795A633;MSR-004-CF76BAC9A4;MSR-004-3A1095ADDE;MSR-004-ACBA59E1BE;MSR-004-CAD4D51F6A;MSR-004-C6935E4D0F;MSR-004-33A4472736;MSR-004-2B45065622;MSR-004-E61B5CAD98","TC-MSR-004-E423D634B0;TC-MSR-004-9DE795A633;TC-MSR-004-CF76BAC9A4;TC-MSR-004-3A1095ADDE;TC-MSR-004-ACBA59E1BE;TC-MSR-004-CAD4D51F6A;TC-MSR-004-C6935E4D0F;TC-MSR-004-33A4472736;TC-MSR-004-2B45065622;TC-MSR-004-E61B5CAD98","Phase 1","Master specification §4"
"130","Story","BUSINESS MODELS: requirement set 02","As a Pricing Manager, I want the business models requirements delivered, so that the platform conforms to the traced master product specification.","","SUB-E005","5","US-MSR-004-02","sintius phase-1 master-specification","Medium","To Do","not_started","0","AC-MSR-004-02-01 | The platform must support package pricing within business models. | Requirements: MSR-004-737BFB5EB9 | Tests: TC-MSR-004-737BFB5EB9
AC-MSR-004-02-02 | The platform must support block pricing within business models. | Requirements: MSR-004-1A4CCB0BB8 | Tests: TC-MSR-004-1A4CCB0BB8
AC-MSR-004-02-03 | The platform must support usage pricing within business models. | Requirements: MSR-004-4769C16E6F | Tests: TC-MSR-004-4769C16E6F
AC-MSR-004-02-04 | The platform must support consumption pricing within business models. | Requirements: MSR-004-E70656FC5D | Tests: TC-MSR-004-E70656FC5D
AC-MSR-004-02-05 | The platform must support prepaid consumption within business models. | Requirements: MSR-004-016F63A3F4 | Tests: TC-MSR-004-016F63A3F4
AC-MSR-004-02-06 | The platform must support postpaid consumption within business models. | Requirements: MSR-004-CBCAA21956 | Tests: TC-MSR-004-CBCAA21956
AC-MSR-004-02-07 | The platform must support minimum commitment within business models. | Requirements: MSR-004-400BA3D2CD | Tests: TC-MSR-004-400BA3D2CD
AC-MSR-004-02-08 | The platform must support spend commitment within business models. | Requirements: MSR-004-DF196E3BA5 | Tests: TC-MSR-004-DF196E3BA5
AC-MSR-004-02-09 | The platform must support minimum + overage within business models. | Requirements: MSR-004-52D1E5C64E | Tests: TC-MSR-004-52D1E5C64E
AC-MSR-004-02-10 | The platform must support maximum caps within business models. | Requirements: MSR-004-25FCD6EF4D | Tests: TC-MSR-004-25FCD6EF4D","MSR-004-737BFB5EB9;MSR-004-1A4CCB0BB8;MSR-004-4769C16E6F;MSR-004-E70656FC5D;MSR-004-016F63A3F4;MSR-004-CBCAA21956;MSR-004-400BA3D2CD;MSR-004-DF196E3BA5;MSR-004-52D1E5C64E;MSR-004-25FCD6EF4D","TC-MSR-004-737BFB5EB9;TC-MSR-004-1A4CCB0BB8;TC-MSR-004-4769C16E6F;TC-MSR-004-E70656FC5D;TC-MSR-004-016F63A3F4;TC-MSR-004-CBCAA21956;TC-MSR-004-400BA3D2CD;TC-MSR-004-DF196E3BA5;TC-MSR-004-52D1E5C64E;TC-MSR-004-25FCD6EF4D","Phase 1","Master specification §4"
"131","Story","BUSINESS MODELS: requirement set 03","As a Pricing Manager, I want the business models requirements delivered, so that the platform conforms to the traced master product specification.","","SUB-E005","5","US-MSR-004-03","sintius phase-1 master-specification","Medium","To Do","not_started","0","AC-MSR-004-03-01 | The platform must support stair-step pricing within business models. | Requirements: MSR-004-3B4282ABCC | Tests: TC-MSR-004-3B4282ABCC
AC-MSR-004-03-02 | The platform must support progressive pricing within business models. | Requirements: MSR-004-E62CE3A72C | Tests: TC-MSR-004-E62CE3A72C
AC-MSR-004-03-03 | The platform must support matrix pricing within business models. | Requirements: MSR-004-9B06211565 | Tests: TC-MSR-004-9B06211565
AC-MSR-004-03-04 | The platform must support attribute-based pricing within business models. | Requirements: MSR-004-F6E465783D | Tests: TC-MSR-004-F6E465783D
AC-MSR-004-03-05 | The platform must support event-based pricing within business models. | Requirements: MSR-004-27886B7CCC | Tests: TC-MSR-004-27886B7CCC
AC-MSR-004-03-06 | The platform must support peak/off-peak pricing within business models. | Requirements: MSR-004-C8A54C2E4D | Tests: TC-MSR-004-C8A54C2E4D
AC-MSR-004-03-07 | The platform must support time-of-day pricing within business models. | Requirements: MSR-004-C221E3A072 | Tests: TC-MSR-004-C221E3A072
AC-MSR-004-03-08 | The platform must support seasonal pricing within business models. | Requirements: MSR-004-156A17E21D | Tests: TC-MSR-004-156A17E21D
AC-MSR-004-03-09 | The platform must support dynamic pricing within business models. | Requirements: MSR-004-62798110B9 | Tests: TC-MSR-004-62798110B9
AC-MSR-004-03-10 | The platform must support negotiated contract pricing within business models. | Requirements: MSR-004-B26A0659C9 | Tests: TC-MSR-004-B26A0659C9","MSR-004-3B4282ABCC;MSR-004-E62CE3A72C;MSR-004-9B06211565;MSR-004-F6E465783D;MSR-004-27886B7CCC;MSR-004-C8A54C2E4D;MSR-004-C221E3A072;MSR-004-156A17E21D;MSR-004-62798110B9;MSR-004-B26A0659C9","TC-MSR-004-3B4282ABCC;TC-MSR-004-E62CE3A72C;TC-MSR-004-9B06211565;TC-MSR-004-F6E465783D;TC-MSR-004-27886B7CCC;TC-MSR-004-C8A54C2E4D;TC-MSR-004-C221E3A072;TC-MSR-004-156A17E21D;TC-MSR-004-62798110B9;TC-MSR-004-B26A0659C9","Phase 1","Master specification §4"
"132","Story","BUSINESS MODELS: requirement set 04","As a Pricing Manager, I want the business models requirements delivered, so that the platform conforms to the traced master product specification.","","SUB-E005","5","US-MSR-004-04","sintius phase-1 master-specification","Medium","To Do","not_started","0","AC-MSR-004-04-01 | The platform must support freemium within business models. | Requirements: MSR-004-8CB33569AE | Tests: TC-MSR-004-8CB33569AE
AC-MSR-004-04-02 | The platform must support free trial within business models. | Requirements: MSR-004-49F627693F | Tests: TC-MSR-004-49F627693F
AC-MSR-004-04-03 | The platform must support paid trial within business models. | Requirements: MSR-004-7F5AB15A7E | Tests: TC-MSR-004-7F5AB15A7E
AC-MSR-004-04-04 | The platform must support promotional pricing within business models. | Requirements: MSR-004-317319B857 | Tests: TC-MSR-004-317319B857
AC-MSR-004-04-05 | The platform must support introductory pricing within business models. | Requirements: MSR-004-0EBF1F8F74 | Tests: TC-MSR-004-0EBF1F8F74
AC-MSR-004-04-06 | The platform must support loyalty pricing within business models. | Requirements: MSR-004-DC7E49B30E | Tests: TC-MSR-004-DC7E49B30E
AC-MSR-004-04-07 | The platform must support ramp pricing within business models. | Requirements: MSR-004-5BAF6CD146 | Tests: TC-MSR-004-5BAF6CD146
AC-MSR-004-04-08 | The platform must support index-linked pricing within business models. | Requirements: MSR-004-968C168CD4 | Tests: TC-MSR-004-968C168CD4
AC-MSR-004-04-09 | The platform must support inflation-linked increases within business models. | Requirements: MSR-004-F438B78BCE | Tests: TC-MSR-004-F438B78BCE
AC-MSR-004-04-10 | The platform must support outcome-based pricing within business models. | Requirements: MSR-004-4BE8F8BB47 | Tests: TC-MSR-004-4BE8F8BB47","MSR-004-8CB33569AE;MSR-004-49F627693F;MSR-004-7F5AB15A7E;MSR-004-317319B857;MSR-004-0EBF1F8F74;MSR-004-DC7E49B30E;MSR-004-5BAF6CD146;MSR-004-968C168CD4;MSR-004-F438B78BCE;MSR-004-4BE8F8BB47","TC-MSR-004-8CB33569AE;TC-MSR-004-49F627693F;TC-MSR-004-7F5AB15A7E;TC-MSR-004-317319B857;TC-MSR-004-0EBF1F8F74;TC-MSR-004-DC7E49B30E;TC-MSR-004-5BAF6CD146;TC-MSR-004-968C168CD4;TC-MSR-004-F438B78BCE;TC-MSR-004-4BE8F8BB47","Phase 1","Master specification §4"
"133","Story","BUSINESS MODELS: requirement set 05","As a Pricing Manager, I want the business models requirements delivered, so that the platform conforms to the traced master product specification.","","SUB-E005","5","US-MSR-004-05","sintius phase-1 master-specification","Medium","To Do","not_started","0","AC-MSR-004-05-01 | The platform must support milestone-based billing within business models. | Requirements: MSR-004-962D685DC9 | Tests: TC-MSR-004-962D685DC9
AC-MSR-004-05-02 | The platform must support percentage-of-value billing within business models. | Requirements: MSR-004-D1D4650BEF | Tests: TC-MSR-004-D1D4650BEF
AC-MSR-004-05-03 | The platform must support revenue-share within business models. | Requirements: MSR-004-B68ECB2C63 | Tests: TC-MSR-004-B68ECB2C63
AC-MSR-004-05-04 | The platform must support marketplace commission within business models. | Requirements: MSR-004-EAA0600F1C | Tests: TC-MSR-004-EAA0600F1C
AC-MSR-004-05-05 | The platform must support hybrid pricing within business models. | Requirements: MSR-004-A4B375BF8C | Tests: TC-MSR-004-A4B375BF8C
AC-MSR-004-05-06 | A single subscription must be capable of combining models. | Requirements: MSR-004-D6463F7AE2 | Tests: TC-MSR-004-D6463F7AE2
AC-MSR-004-05-07 | Product and implementation decisions must conform to this master-specification constraint: Enterprise AI Platform. | Requirements: MSR-004-C1873BC4FD | Tests: TC-MSR-004-C1873BC4FD
AC-MSR-004-05-08 | Product and implementation decisions must conform to this master-specification constraint: Base fee: $2,000/month. | Requirements: MSR-004-331FC27D1F | Tests: TC-MSR-004-331FC27D1F
AC-MSR-004-05-09 | The platform must support 100 included seats within business models. | Requirements: MSR-004-E0A9078357 | Tests: TC-MSR-004-E0A9078357
AC-MSR-004-05-10 | The platform must support $15/additional seat within business models. | Requirements: MSR-004-6D300CFD7A | Tests: TC-MSR-004-6D300CFD7A","MSR-004-962D685DC9;MSR-004-D1D4650BEF;MSR-004-B68ECB2C63;MSR-004-EAA0600F1C;MSR-004-A4B375BF8C;MSR-004-D6463F7AE2;MSR-004-C1873BC4FD;MSR-004-331FC27D1F;MSR-004-E0A9078357;MSR-004-6D300CFD7A","TC-MSR-004-962D685DC9;TC-MSR-004-D1D4650BEF;TC-MSR-004-B68ECB2C63;TC-MSR-004-EAA0600F1C;TC-MSR-004-A4B375BF8C;TC-MSR-004-D6463F7AE2;TC-MSR-004-C1873BC4FD;TC-MSR-004-331FC27D1F;TC-MSR-004-E0A9078357;TC-MSR-004-6D300CFD7A","Phase 1","Master specification §4"
"134","Story","BUSINESS MODELS: requirement set 06","As a Pricing Manager, I want the business models requirements delivered, so that the platform conforms to the traced master product specification.","","SUB-E005","5","US-MSR-004-06","sintius phase-1 master-specification","Medium","To Do","not_started","0","AC-MSR-004-06-01 | The platform must support first 10M tokens included within business models. | Requirements: MSR-004-B79CC9712F | Tests: TC-MSR-004-B79CC9712F
AC-MSR-004-06-02 | The platform must support $0.001 per additional token within business models. | Requirements: MSR-004-6C56089430 | Tests: TC-MSR-004-6C56089430
AC-MSR-004-06-03 | The platform must support premium support at 5% of monthly spend within business models. | Requirements: MSR-004-4CB64DC970 | Tests: TC-MSR-004-4CB64DC970
AC-MSR-004-06-04 | The platform must support minimum annual commitment of $36,000. within business models. | Requirements: MSR-004-1EFA7A1DD8 | Tests: TC-MSR-004-1EFA7A1DD8
AC-MSR-004-06-05 | This configuration must not require source-code changes. | Requirements: MSR-004-41D750ECAF | Tests: TC-MSR-004-41D750ECAF","MSR-004-B79CC9712F;MSR-004-6C56089430;MSR-004-4CB64DC970;MSR-004-1EFA7A1DD8;MSR-004-41D750ECAF","TC-MSR-004-B79CC9712F;TC-MSR-004-6C56089430;TC-MSR-004-4CB64DC970;TC-MSR-004-1EFA7A1DD8;TC-MSR-004-41D750ECAF","Phase 1","Master specification §4"
"135","Story","PRODUCT CATALOG: requirement set 01","As a Product Manager, I want the product catalog requirements delivered, so that the platform conforms to the traced master product specification.","","SUB-E004","4","US-MSR-005-01","sintius phase-1 master-specification","Medium","To Do","not_started","0","AC-MSR-005-01-01 | Implement a hierarchical versioned product catalog. | Requirements: MSR-005-6DA2E0B1CF | Tests: TC-MSR-005-6DA2E0B1CF
AC-MSR-005-01-02 | Portfolio → Product Family → Product → Product Version → Offer → Plan → Rate Card → Charge → Entitlement. | Requirements: MSR-005-4B74184A09 | Tests: TC-MSR-005-4B74184A09
AC-MSR-005-01-03 | The platform must support physical products within product catalog. | Requirements: MSR-005-525A49E850 | Tests: TC-MSR-005-525A49E850
AC-MSR-005-01-04 | The platform must support digital products within product catalog. | Requirements: MSR-005-0B32DAEC23 | Tests: TC-MSR-005-0B32DAEC23
AC-MSR-005-01-05 | The platform must support subscriptions within product catalog. | Requirements: MSR-005-4C8873A3CD | Tests: TC-MSR-005-4C8873A3CD
AC-MSR-005-01-06 | The platform must support services within product catalog. | Requirements: MSR-005-AA455F6807 | Tests: TC-MSR-005-AA455F6807
AC-MSR-005-01-07 | The platform must support bundles within product catalog. | Requirements: MSR-005-A1342C079C | Tests: TC-MSR-005-A1342C079C
AC-MSR-005-01-08 | The platform must support add-ons within product catalog. | Requirements: MSR-005-7E3D3FB0CE | Tests: TC-MSR-005-7E3D3FB0CE
AC-MSR-005-01-09 | The platform must support optional features within product catalog. | Requirements: MSR-005-76B2A3256A | Tests: TC-MSR-005-76B2A3256A
AC-MSR-005-01-10 | The platform must support mandatory features within product catalog. | Requirements: MSR-005-FDB1ECE98F | Tests: TC-MSR-005-FDB1ECE98F","MSR-005-6DA2E0B1CF;MSR-005-4B74184A09;MSR-005-525A49E850;MSR-005-0B32DAEC23;MSR-005-4C8873A3CD;MSR-005-AA455F6807;MSR-005-A1342C079C;MSR-005-7E3D3FB0CE;MSR-005-76B2A3256A;MSR-005-FDB1ECE98F","TC-MSR-005-6DA2E0B1CF;TC-MSR-005-4B74184A09;TC-MSR-005-525A49E850;TC-MSR-005-0B32DAEC23;TC-MSR-005-4C8873A3CD;TC-MSR-005-AA455F6807;TC-MSR-005-A1342C079C;TC-MSR-005-7E3D3FB0CE;TC-MSR-005-76B2A3256A;TC-MSR-005-FDB1ECE98F","Phase 1","Master specification §5"
"136","Story","PRODUCT CATALOG: requirement set 02","As a Product Manager, I want the product catalog requirements delivered, so that the platform conforms to the traced master product specification.","","SUB-E004","4","US-MSR-005-02","sintius phase-1 master-specification","Medium","To Do","not_started","0","AC-MSR-005-02-01 | The platform must support dependencies within product catalog. | Requirements: MSR-005-98146994B5 | Tests: TC-MSR-005-98146994B5
AC-MSR-005-02-02 | The platform must support mutually exclusive products within product catalog. | Requirements: MSR-005-51E65A7B42 | Tests: TC-MSR-005-51E65A7B42
AC-MSR-005-02-03 | The platform must support cross-product rules. within product catalog. | Requirements: MSR-005-76D07F44D2 | Tests: TC-MSR-005-76D07F44D2
AC-MSR-005-02-04 | The platform must support effective-from date within product catalog. | Requirements: MSR-005-6C87A5677D | Tests: TC-MSR-005-6C87A5677D
AC-MSR-005-02-05 | The platform must support effective-to date within product catalog. | Requirements: MSR-005-8A84F2A35E | Tests: TC-MSR-005-8A84F2A35E
AC-MSR-005-02-06 | The platform must support version within product catalog. | Requirements: MSR-005-FF2E3D93A7 | Tests: TC-MSR-005-FF2E3D93A7
AC-MSR-005-02-07 | The platform must support market within product catalog. | Requirements: MSR-005-F24136282B | Tests: TC-MSR-005-F24136282B
AC-MSR-005-02-08 | The platform must support currency within product catalog. | Requirements: MSR-005-7CAB80CD69 | Tests: TC-MSR-005-7CAB80CD69
AC-MSR-005-02-09 | The platform must support customer segment within product catalog. | Requirements: MSR-005-0AB40EDBA1 | Tests: TC-MSR-005-0AB40EDBA1
AC-MSR-005-02-10 | The platform must support channel within product catalog. | Requirements: MSR-005-731A39CFA0 | Tests: TC-MSR-005-731A39CFA0","MSR-005-98146994B5;MSR-005-51E65A7B42;MSR-005-76D07F44D2;MSR-005-6C87A5677D;MSR-005-8A84F2A35E;MSR-005-FF2E3D93A7;MSR-005-F24136282B;MSR-005-7CAB80CD69;MSR-005-0AB40EDBA1;MSR-005-731A39CFA0","TC-MSR-005-98146994B5;TC-MSR-005-51E65A7B42;TC-MSR-005-76D07F44D2;TC-MSR-005-6C87A5677D;TC-MSR-005-8A84F2A35E;TC-MSR-005-FF2E3D93A7;TC-MSR-005-F24136282B;TC-MSR-005-7CAB80CD69;TC-MSR-005-0AB40EDBA1;TC-MSR-005-731A39CFA0","Phase 1","Master specification §5"
"137","Story","PRODUCT CATALOG: requirement set 03","As a Product Manager, I want the product catalog requirements delivered, so that the platform conforms to the traced master product specification.","","SUB-E004","4","US-MSR-005-03","sintius phase-1 master-specification","Medium","To Do","not_started","0","AC-MSR-005-03-01 | The platform must support geography within product catalog. | Requirements: MSR-005-B3BC2A3784 | Tests: TC-MSR-005-B3BC2A3784
AC-MSR-005-03-02 | The platform must support tax category within product catalog. | Requirements: MSR-005-E6155F9EC1 | Tests: TC-MSR-005-E6155F9EC1
AC-MSR-005-03-03 | The platform must support accounting classification. within product catalog. | Requirements: MSR-005-28BC5FFA04 | Tests: TC-MSR-005-28BC5FFA04
AC-MSR-005-03-04 | Never mutate historical pricing. | Requirements: MSR-005-A877CB5DA2 | Tests: TC-MSR-005-A877CB5DA2
AC-MSR-005-03-05 | Product and implementation decisions must conform to this master-specification constraint: Create effective-dated versions instead. | Requirements: MSR-005-D0D21BB38D | Tests: TC-MSR-005-D0D21BB38D","MSR-005-B3BC2A3784;MSR-005-E6155F9EC1;MSR-005-28BC5FFA04;MSR-005-A877CB5DA2;MSR-005-D0D21BB38D","TC-MSR-005-B3BC2A3784;TC-MSR-005-E6155F9EC1;TC-MSR-005-28BC5FFA04;TC-MSR-005-A877CB5DA2;TC-MSR-005-D0D21BB38D","Phase 1","Master specification §5"
"138","Story","VISUAL PRICING DESIGNER: requirement set 01","As a Pricing Manager, I want the visual pricing designer requirements delivered, so that the platform conforms to the traced master product specification.","","SUB-E005","5","US-MSR-006-01","sintius phase-1 master-specification","Medium","To Do","not_started","0","AC-MSR-006-01-01 | Pricing configuration is one of the primary areas where this product must differentiate itself. | Requirements: MSR-006-211CAE24F9 | Tests: TC-MSR-006-211CAE24F9
AC-MSR-006-01-02 | Product and implementation decisions must conform to this master-specification constraint: Create a visual pricing canvas. | Requirements: MSR-006-73F640F339 | Tests: TC-MSR-006-73F640F339
AC-MSR-006-01-03 | Product and implementation decisions must conform to this master-specification constraint: Usage <= 1,000. | Requirements: MSR-006-B912D82B7E | Tests: TC-MSR-006-B912D82B7E
AC-MSR-006-01-04 | Product and implementation decisions must conform to this master-specification constraint: THEN. | Requirements: MSR-006-123E4AA55B-01 | Tests: TC-MSR-006-123E4AA55B-01
AC-MSR-006-01-05 | Product and implementation decisions must conform to this master-specification constraint: Price = ₹10/unit. | Requirements: MSR-006-F192FEDCA9 | Tests: TC-MSR-006-F192FEDCA9
AC-MSR-006-01-06 | Product and implementation decisions must conform to this master-specification constraint: ELSE IF. | Requirements: MSR-006-A73ED9B70A | Tests: TC-MSR-006-A73ED9B70A
AC-MSR-006-01-07 | Product and implementation decisions must conform to this master-specification constraint: Usage <= 10,000. | Requirements: MSR-006-F6E188EF8E | Tests: TC-MSR-006-F6E188EF8E
AC-MSR-006-01-08 | Product and implementation decisions must conform to this master-specification constraint: THEN. | Requirements: MSR-006-123E4AA55B-02 | Tests: TC-MSR-006-123E4AA55B-02
AC-MSR-006-01-09 | Product and implementation decisions must conform to this master-specification constraint: Price = ₹8/unit. | Requirements: MSR-006-B94C5F5816 | Tests: TC-MSR-006-B94C5F5816
AC-MSR-006-01-10 | Product and implementation decisions must conform to this master-specification constraint: ELSE. | Requirements: MSR-006-D60EF34CC8 | Tests: TC-MSR-006-D60EF34CC8","MSR-006-211CAE24F9;MSR-006-73F640F339;MSR-006-B912D82B7E;MSR-006-123E4AA55B-01;MSR-006-F192FEDCA9;MSR-006-A73ED9B70A;MSR-006-F6E188EF8E;MSR-006-123E4AA55B-02;MSR-006-B94C5F5816;MSR-006-D60EF34CC8","TC-MSR-006-211CAE24F9;TC-MSR-006-73F640F339;TC-MSR-006-B912D82B7E;TC-MSR-006-123E4AA55B-01;TC-MSR-006-F192FEDCA9;TC-MSR-006-A73ED9B70A;TC-MSR-006-F6E188EF8E;TC-MSR-006-123E4AA55B-02;TC-MSR-006-B94C5F5816;TC-MSR-006-D60EF34CC8","Phase 1","Master specification §6"
"139","Story","VISUAL PRICING DESIGNER: requirement set 02","As a Pricing Manager, I want the visual pricing designer requirements delivered, so that the platform conforms to the traced master product specification.","","SUB-E005","5","US-MSR-006-02","sintius phase-1 master-specification","Medium","To Do","not_started","0","AC-MSR-006-02-01 | Product and implementation decisions must conform to this master-specification constraint: Price = ₹6/unit. | Requirements: MSR-006-564EC4D309 | Tests: TC-MSR-006-564EC4D309
AC-MSR-006-02-02 | Product and implementation decisions must conform to this master-specification constraint: INPUT. | Requirements: MSR-006-A67A4A9DD0 | Tests: TC-MSR-006-A67A4A9DD0
AC-MSR-006-02-03 | Product and implementation decisions must conform to this master-specification constraint: → DIMENSION. | Requirements: MSR-006-47666782E4 | Tests: TC-MSR-006-47666782E4
AC-MSR-006-02-04 | Product and implementation decisions must conform to this master-specification constraint: → RULE. | Requirements: MSR-006-F3023CC0C1 | Tests: TC-MSR-006-F3023CC0C1
AC-MSR-006-02-05 | Product and implementation decisions must conform to this master-specification constraint: → RATE. | Requirements: MSR-006-19865B05D8 | Tests: TC-MSR-006-19865B05D8
AC-MSR-006-02-06 | Product and implementation decisions must conform to this master-specification constraint: → DISCOUNT. | Requirements: MSR-006-650C5735B7 | Tests: TC-MSR-006-650C5735B7
AC-MSR-006-02-07 | Product and implementation decisions must conform to this master-specification constraint: → CAP. | Requirements: MSR-006-3A9B5E97B6 | Tests: TC-MSR-006-3A9B5E97B6
AC-MSR-006-02-08 | Product and implementation decisions must conform to this master-specification constraint: → COMMITMENT. | Requirements: MSR-006-D5A899BADA | Tests: TC-MSR-006-D5A899BADA
AC-MSR-006-02-09 | Product and implementation decisions must conform to this master-specification constraint: → OUTPUT. | Requirements: MSR-006-F98AC3ADFE | Tests: TC-MSR-006-F98AC3ADFE
AC-MSR-006-02-10 | Allow users to test pricing scenarios before activation. | Requirements: MSR-006-E88C51E536 | Tests: TC-MSR-006-E88C51E536","MSR-006-564EC4D309;MSR-006-A67A4A9DD0;MSR-006-47666782E4;MSR-006-F3023CC0C1;MSR-006-19865B05D8;MSR-006-650C5735B7;MSR-006-3A9B5E97B6;MSR-006-D5A899BADA;MSR-006-F98AC3ADFE;MSR-006-E88C51E536","TC-MSR-006-564EC4D309;TC-MSR-006-A67A4A9DD0;TC-MSR-006-47666782E4;TC-MSR-006-F3023CC0C1;TC-MSR-006-19865B05D8;TC-MSR-006-650C5735B7;TC-MSR-006-3A9B5E97B6;TC-MSR-006-D5A899BADA;TC-MSR-006-F98AC3ADFE;TC-MSR-006-E88C51E536","Phase 1","Master specification §6"
"140","Story","VISUAL PRICING DESIGNER: requirement set 03","As a Pricing Manager, I want the visual pricing designer requirements delivered, so that the platform conforms to the traced master product specification.","","SUB-E005","5","US-MSR-006-03","sintius phase-1 master-specification","Medium","To Do","not_started","0","AC-MSR-006-03-01 | Product and implementation decisions must conform to this master-specification constraint: ""Show what this pricing model would have charged our last 10,000 customers. | Requirements: MSR-006-D1655DB336 | Tests: TC-MSR-006-D1655DB336
AC-MSR-006-03-02 | The platform must support revenue impact within visual pricing designer. | Requirements: MSR-006-09B6D1A70D | Tests: TC-MSR-006-09B6D1A70D
AC-MSR-006-03-03 | The platform must support ARPU change within visual pricing designer. | Requirements: MSR-006-71A2D0D0AD | Tests: TC-MSR-006-71A2D0D0AD
AC-MSR-006-03-04 | The platform must support margin impact within visual pricing designer. | Requirements: MSR-006-CD4D1F0EA7 | Tests: TC-MSR-006-CD4D1F0EA7
AC-MSR-006-03-05 | The platform must support customer winners/losers within visual pricing designer. | Requirements: MSR-006-EE133601AB | Tests: TC-MSR-006-EE133601AB
AC-MSR-006-03-06 | The platform must support churn-risk cohorts within visual pricing designer. | Requirements: MSR-006-FC0CC7C6F9 | Tests: TC-MSR-006-FC0CC7C6F9
AC-MSR-006-03-07 | The platform must support bill shock risk. within visual pricing designer. | Requirements: MSR-006-F775C03662 | Tests: TC-MSR-006-F775C03662","MSR-006-D1655DB336;MSR-006-09B6D1A70D;MSR-006-71A2D0D0AD;MSR-006-CD4D1F0EA7;MSR-006-EE133601AB;MSR-006-FC0CC7C6F9;MSR-006-F775C03662","TC-MSR-006-D1655DB336;TC-MSR-006-09B6D1A70D;TC-MSR-006-71A2D0D0AD;TC-MSR-006-CD4D1F0EA7;TC-MSR-006-EE133601AB;TC-MSR-006-FC0CC7C6F9;TC-MSR-006-F775C03662","Phase 1","Master specification §6"
"141","Story","PRICE EXPERIMENTATION: requirement set 01","As a Pricing Manager, I want the price experimentation requirements delivered, so that the platform conforms to the traced master product specification.","","SUB-E005","5","US-MSR-007-01","sintius phase-1 master-specification","Medium","To Do","not_started","0","AC-MSR-007-01-01 | The platform must support A/B pricing within price experimentation. | Requirements: MSR-007-E2586DE096 | Tests: TC-MSR-007-E2586DE096
AC-MSR-007-01-02 | The platform must support geography experiments within price experimentation. | Requirements: MSR-007-9EF8E2711A | Tests: TC-MSR-007-9EF8E2711A
AC-MSR-007-01-03 | The platform must support packaging experiments within price experimentation. | Requirements: MSR-007-25D45F6893 | Tests: TC-MSR-007-25D45F6893
AC-MSR-007-01-04 | The platform must support trial length experiments within price experimentation. | Requirements: MSR-007-9BF74930E6 | Tests: TC-MSR-007-9BF74930E6
AC-MSR-007-01-05 | The platform must support discount experiments within price experimentation. | Requirements: MSR-007-BF05AB181E | Tests: TC-MSR-007-BF05AB181E
AC-MSR-007-01-06 | The platform must support renewal pricing experiments. within price experimentation. | Requirements: MSR-007-5E4A8983C5 | Tests: TC-MSR-007-5E4A8983C5
AC-MSR-007-01-07 | Never retroactively modify contractual prices. | Requirements: MSR-007-FE0E3B5B9D | Tests: TC-MSR-007-FE0E3B5B9D
AC-MSR-007-01-08 | Cohort membership must be permanently auditable. | Requirements: MSR-007-14AF64D5DD | Tests: TC-MSR-007-14AF64D5DD","MSR-007-E2586DE096;MSR-007-9EF8E2711A;MSR-007-25D45F6893;MSR-007-9BF74930E6;MSR-007-BF05AB181E;MSR-007-5E4A8983C5;MSR-007-FE0E3B5B9D;MSR-007-14AF64D5DD","TC-MSR-007-E2586DE096;TC-MSR-007-9EF8E2711A;TC-MSR-007-25D45F6893;TC-MSR-007-9BF74930E6;TC-MSR-007-BF05AB181E;TC-MSR-007-5E4A8983C5;TC-MSR-007-FE0E3B5B9D;TC-MSR-007-14AF64D5DD","Phase 1","Master specification §7"
"142","Story","SUBSCRIPTION LIFECYCLE: requirement set 01","As a Subscription Administrator, I want the subscription lifecycle requirements delivered, so that the platform conforms to the traced master product specification.","","SUB-E006","6","US-MSR-008-01","sintius phase-1 master-specification","Medium","To Do","not_started","0","AC-MSR-008-01-01 | Create → Activate → Trial → Convert → Upgrade → Downgrade → Add Product → Remove Product → Increase Quantity → Reduce Quantity → Suspend → Pause → Resume → Renew → Extend → Terminate → Reinstate → Win Back. | Requirements: MSR-008-BAFF7F38FA | Tests: TC-MSR-008-BAFF7F38FA
AC-MSR-008-01-02 | The platform must support be effective-dated, within subscription lifecycle. | Requirements: MSR-008-51D0D64375 | Tests: TC-MSR-008-51D0D64375
AC-MSR-008-01-03 | The platform must support generate an event, within subscription lifecycle. | Requirements: MSR-008-3D44298606 | Tests: TC-MSR-008-3D44298606
AC-MSR-008-01-04 | The platform must support preserve history, within subscription lifecycle. | Requirements: MSR-008-01879C34FE | Tests: TC-MSR-008-01879C34FE
AC-MSR-008-01-05 | The platform must support evaluate billing impact, within subscription lifecycle. | Requirements: MSR-008-C473784786 | Tests: TC-MSR-008-C473784786
AC-MSR-008-01-06 | The platform must support evaluate entitlement impact, within subscription lifecycle. | Requirements: MSR-008-64A51D7331 | Tests: TC-MSR-008-64A51D7331
AC-MSR-008-01-07 | The platform must support determine proration, within subscription lifecycle. | Requirements: MSR-008-4AAC83496D | Tests: TC-MSR-008-4AAC83496D
AC-MSR-008-01-08 | The platform must support evaluate revenue recognition impact. within subscription lifecycle. | Requirements: MSR-008-E513778BE3 | Tests: TC-MSR-008-E513778BE3","MSR-008-BAFF7F38FA;MSR-008-51D0D64375;MSR-008-3D44298606;MSR-008-01879C34FE;MSR-008-C473784786;MSR-008-64A51D7331;MSR-008-4AAC83496D;MSR-008-E513778BE3","TC-MSR-008-BAFF7F38FA;TC-MSR-008-51D0D64375;TC-MSR-008-3D44298606;TC-MSR-008-01879C34FE;TC-MSR-008-C473784786;TC-MSR-008-64A51D7331;TC-MSR-008-4AAC83496D;TC-MSR-008-E513778BE3","Phase 1","Master specification §8"
"143","Story","CONTRACT MANAGEMENT: requirement set 01","As a Product Manager, I want the contract management requirements delivered, so that the platform conforms to the traced master product specification.","","SUB-E004","4","US-MSR-009-01","sintius phase-1 master-specification","Medium","To Do","not_started","0","AC-MSR-009-01-01 | Support formal enterprise subscription contracts. | Requirements: MSR-009-AC39D3BBB9 | Tests: TC-MSR-009-AC39D3BBB9
AC-MSR-009-01-02 | The platform must support contracting parties within contract management. | Requirements: MSR-009-660E135BEF | Tests: TC-MSR-009-660E135BEF
AC-MSR-009-01-03 | The platform must support contract number within contract management. | Requirements: MSR-009-CD9CE018B4 | Tests: TC-MSR-009-CD9CE018B4
AC-MSR-009-01-04 | The platform must support start/end date within contract management. | Requirements: MSR-009-FAF96B2A57 | Tests: TC-MSR-009-FAF96B2A57
AC-MSR-009-01-05 | The platform must support renewal policy within contract management. | Requirements: MSR-009-71DE48DD10 | Tests: TC-MSR-009-71DE48DD10
AC-MSR-009-01-06 | The platform must support notice period within contract management. | Requirements: MSR-009-CB28BAE69D | Tests: TC-MSR-009-CB28BAE69D
AC-MSR-009-01-07 | The platform must support minimum commitment within contract management. | Requirements: MSR-009-B7FC937392 | Tests: TC-MSR-009-B7FC937392
AC-MSR-009-01-08 | The platform must support payment terms within contract management. | Requirements: MSR-009-4E2530F941 | Tests: TC-MSR-009-4E2530F941
AC-MSR-009-01-09 | The platform must support negotiated pricing within contract management. | Requirements: MSR-009-0B5FB08DB6 | Tests: TC-MSR-009-0B5FB08DB6
AC-MSR-009-01-10 | The platform must support SLAs within contract management. | Requirements: MSR-009-B0E44A481B | Tests: TC-MSR-009-B0E44A481B","MSR-009-AC39D3BBB9;MSR-009-660E135BEF;MSR-009-CD9CE018B4;MSR-009-FAF96B2A57;MSR-009-71DE48DD10;MSR-009-CB28BAE69D;MSR-009-B7FC937392;MSR-009-4E2530F941;MSR-009-0B5FB08DB6;MSR-009-B0E44A481B","TC-MSR-009-AC39D3BBB9;TC-MSR-009-660E135BEF;TC-MSR-009-CD9CE018B4;TC-MSR-009-FAF96B2A57;TC-MSR-009-71DE48DD10;TC-MSR-009-CB28BAE69D;TC-MSR-009-B7FC937392;TC-MSR-009-4E2530F941;TC-MSR-009-0B5FB08DB6;TC-MSR-009-B0E44A481B","Phase 1","Master specification §9"
"144","Story","CONTRACT MANAGEMENT: requirement set 02","As a Product Manager, I want the contract management requirements delivered, so that the platform conforms to the traced master product specification.","","SUB-E004","4","US-MSR-009-02","sintius phase-1 master-specification","Medium","To Do","not_started","0","AC-MSR-009-02-01 | The platform must support amendment history within contract management. | Requirements: MSR-009-14E4802554 | Tests: TC-MSR-009-14E4802554
AC-MSR-009-02-02 | The platform must support cancellation terms within contract management. | Requirements: MSR-009-DDCD29C728 | Tests: TC-MSR-009-DDCD29C728
AC-MSR-009-02-03 | The platform must support indexation rules within contract management. | Requirements: MSR-009-E4BC62F620 | Tests: TC-MSR-009-E4BC62F620
AC-MSR-009-02-04 | The platform must support purchase-order information. within contract management. | Requirements: MSR-009-2F96F4033B | Tests: TC-MSR-009-2F96F4033B
AC-MSR-009-02-05 | Support contract amendments without destroying original history. | Requirements: MSR-009-60ED25FCB4 | Tests: TC-MSR-009-60ED25FCB4
AC-MSR-009-02-06 | The platform must support add product within contract management. | Requirements: MSR-009-BA80593BFF | Tests: TC-MSR-009-BA80593BFF
AC-MSR-009-02-07 | The platform must support extend term within contract management. | Requirements: MSR-009-A1314A6355 | Tests: TC-MSR-009-A1314A6355
AC-MSR-009-02-08 | The platform must support modify volume commitment within contract management. | Requirements: MSR-009-A5B57BD013 | Tests: TC-MSR-009-A5B57BD013
AC-MSR-009-02-09 | The platform must support ramp pricing within contract management. | Requirements: MSR-009-2F82921B0D | Tests: TC-MSR-009-2F82921B0D
AC-MSR-009-02-10 | The platform must support change billing frequency within contract management. | Requirements: MSR-009-FB003FAD06 | Tests: TC-MSR-009-FB003FAD06","MSR-009-14E4802554;MSR-009-DDCD29C728;MSR-009-E4BC62F620;MSR-009-2F96F4033B;MSR-009-60ED25FCB4;MSR-009-BA80593BFF;MSR-009-A1314A6355;MSR-009-A5B57BD013;MSR-009-2F82921B0D;MSR-009-FB003FAD06","TC-MSR-009-14E4802554;TC-MSR-009-DDCD29C728;TC-MSR-009-E4BC62F620;TC-MSR-009-2F96F4033B;TC-MSR-009-60ED25FCB4;TC-MSR-009-BA80593BFF;TC-MSR-009-A1314A6355;TC-MSR-009-A5B57BD013;TC-MSR-009-2F82921B0D;TC-MSR-009-FB003FAD06","Phase 1","Master specification §9"
"145","Story","CONTRACT MANAGEMENT: requirement set 03","As a Product Manager, I want the contract management requirements delivered, so that the platform conforms to the traced master product specification.","","SUB-E004","4","US-MSR-009-03","sintius phase-1 master-specification","Medium","To Do","not_started","0","AC-MSR-009-03-01 | The platform must support renegotiate price. within contract management. | Requirements: MSR-009-B8CAEBBFEA | Tests: TC-MSR-009-B8CAEBBFEA","MSR-009-B8CAEBBFEA","TC-MSR-009-B8CAEBBFEA","Phase 1","Master specification §9"
"146","Story","CPQ / QUOTE-TO-SUBSCRIBE: requirement set 01","As a Product Manager, I want the cpq / quote-to-subscribe requirements delivered, so that the platform conforms to the traced master product specification.","","SUB-E004","4","US-MSR-010-01","sintius phase-1 master-specification","Medium","To Do","not_started","0","AC-MSR-010-01-01 | Implement configurable quote management. | Requirements: MSR-010-B311A13332 | Tests: TC-MSR-010-B311A13332
AC-MSR-010-01-02 | Product and implementation decisions must conform to this master-specification constraint: Opportunity → Quote → Configure Product → Price → Discount → Approval → Contract → Subscription. | Requirements: MSR-010-C44E5F434D | Tests: TC-MSR-010-C44E5F434D
AC-MSR-010-01-03 | Provide guided selling. | Requirements: MSR-010-137A6ABD99 | Tests: TC-MSR-010-137A6ABD99
AC-MSR-010-01-04 | The platform must support ""What package should I sell this customer?"" within cpq / quote-to-subscribe. | Requirements: MSR-010-B9816267BC | Tests: TC-MSR-010-B9816267BC
AC-MSR-010-01-05 | The platform must support ""What discount can I provide without approval?"" within cpq / quote-to-subscribe. | Requirements: MSR-010-7148EAAC3E | Tests: TC-MSR-010-7148EAAC3E
AC-MSR-010-01-06 | The platform must support ""Which bundle produces the best value?"" within cpq / quote-to-subscribe. | Requirements: MSR-010-C0853F3921 | Tests: TC-MSR-010-C0853F3921
AC-MSR-010-01-07 | The platform must support Salesforce within cpq / quote-to-subscribe. | Requirements: MSR-010-7EC3C67B4A | Tests: TC-MSR-010-7EC3C67B4A
AC-MSR-010-01-08 | The platform must support Dynamics within cpq / quote-to-subscribe. | Requirements: MSR-010-3B4373FE49 | Tests: TC-MSR-010-3B4373FE49
AC-MSR-010-01-09 | The platform must support HubSpot within cpq / quote-to-subscribe. | Requirements: MSR-010-BE6E86DC82 | Tests: TC-MSR-010-BE6E86DC82
AC-MSR-010-01-10 | The platform must support SAP within cpq / quote-to-subscribe. | Requirements: MSR-010-7273007C0D | Tests: TC-MSR-010-7273007C0D","MSR-010-B311A13332;MSR-010-C44E5F434D;MSR-010-137A6ABD99;MSR-010-B9816267BC;MSR-010-7148EAAC3E;MSR-010-C0853F3921;MSR-010-7EC3C67B4A;MSR-010-3B4373FE49;MSR-010-BE6E86DC82;MSR-010-7273007C0D","TC-MSR-010-B311A13332;TC-MSR-010-C44E5F434D;TC-MSR-010-137A6ABD99;TC-MSR-010-B9816267BC;TC-MSR-010-7148EAAC3E;TC-MSR-010-C0853F3921;TC-MSR-010-7EC3C67B4A;TC-MSR-010-3B4373FE49;TC-MSR-010-BE6E86DC82;TC-MSR-010-7273007C0D","Phase 1","Master specification §10"
"147","Story","CPQ / QUOTE-TO-SUBSCRIBE: requirement set 02","As a Product Manager, I want the cpq / quote-to-subscribe requirements delivered, so that the platform conforms to the traced master product specification.","","SUB-E004","4","US-MSR-010-02","sintius phase-1 master-specification","Medium","To Do","not_started","0","AC-MSR-010-02-01 | The platform must support Oracle. within cpq / quote-to-subscribe. | Requirements: MSR-010-63C41C9CDB | Tests: TC-MSR-010-63C41C9CDB","MSR-010-63C41C9CDB","TC-MSR-010-63C41C9CDB","Phase 1","Master specification §10"
"148","Story","ENTITLEMENT MANAGEMENT: requirement set 01","As a Subscription Administrator, I want the entitlement management requirements delivered, so that the platform conforms to the traced master product specification.","","SUB-E006","6","US-MSR-011-01","sintius phase-1 master-specification","Medium","To Do","not_started","0","AC-MSR-011-01-01 | Billing and entitlement must be separate concepts. | Requirements: MSR-011-B650A94388 | Tests: TC-MSR-011-B650A94388
AC-MSR-011-01-02 | Product and implementation decisions must conform to this master-specification constraint: Subscription = Enterprise Plan. | Requirements: MSR-011-6F71971A30 | Tests: TC-MSR-011-6F71971A30
AC-MSR-011-01-03 | The platform must support 200 users within entitlement management. | Requirements: MSR-011-C83CDB879D | Tests: TC-MSR-011-C83CDB879D
AC-MSR-011-01-04 | The platform must support analytics enabled within entitlement management. | Requirements: MSR-011-B6B87F14C8 | Tests: TC-MSR-011-B6B87F14C8
AC-MSR-011-01-05 | The platform must support 5 TB storage within entitlement management. | Requirements: MSR-011-CD3E6D7493 | Tests: TC-MSR-011-CD3E6D7493
AC-MSR-011-01-06 | The platform must support premium support within entitlement management. | Requirements: MSR-011-454F29CDA7 | Tests: TC-MSR-011-454F29CDA7
AC-MSR-011-01-07 | The platform must support 20M monthly API calls. within entitlement management. | Requirements: MSR-011-4EBE8E3BFA | Tests: TC-MSR-011-4EBE8E3BFA
AC-MSR-011-01-08 | Expose entitlement APIs usable by downstream products. | Requirements: MSR-011-A039C48F2E | Tests: TC-MSR-011-A039C48F2E
AC-MSR-011-01-09 | Product and implementation decisions must conform to this master-specification constraint: GET /customer/{id}/entitlements. | Requirements: MSR-011-EA0C78F659 | Tests: TC-MSR-011-EA0C78F659
AC-MSR-011-01-10 | Product and implementation decisions must conform to this master-specification constraint: to determine what the customer may access. | Requirements: MSR-011-067B02E3A2 | Tests: TC-MSR-011-067B02E3A2","MSR-011-B650A94388;MSR-011-6F71971A30;MSR-011-C83CDB879D;MSR-011-B6B87F14C8;MSR-011-CD3E6D7493;MSR-011-454F29CDA7;MSR-011-4EBE8E3BFA;MSR-011-A039C48F2E;MSR-011-EA0C78F659;MSR-011-067B02E3A2","TC-MSR-011-B650A94388;TC-MSR-011-6F71971A30;TC-MSR-011-C83CDB879D;TC-MSR-011-B6B87F14C8;TC-MSR-011-CD3E6D7493;TC-MSR-011-454F29CDA7;TC-MSR-011-4EBE8E3BFA;TC-MSR-011-A039C48F2E;TC-MSR-011-EA0C78F659;TC-MSR-011-067B02E3A2","Phase 1","Master specification §11"
"149","Story","USAGE & METERING ENGINE: requirement set 01","As a Usage Operations Manager, I want the usage & metering engine requirements delivered, so that the platform conforms to the traced master product specification.","","SUB-E011","11","US-MSR-012-01","sintius phase-2 master-specification","Medium","To Do","not_started","0","AC-MSR-012-01-01 | Product and implementation decisions must conform to this master-specification constraint: Create a hyperscale event ingestion layer. | Requirements: MSR-012-D4C7038840 | Tests: TC-MSR-012-D4C7038840
AC-MSR-012-01-02 | The platform must support API_CALL within usage & metering engine. | Requirements: MSR-012-B291848AAE | Tests: TC-MSR-012-B291848AAE
AC-MSR-012-01-03 | The platform must support AI_TOKEN within usage & metering engine. | Requirements: MSR-012-FD9E79FDFB | Tests: TC-MSR-012-FD9E79FDFB
AC-MSR-012-01-04 | The platform must support STORAGE_GB_HOUR within usage & metering engine. | Requirements: MSR-012-2781CE0750 | Tests: TC-MSR-012-2781CE0750
AC-MSR-012-01-05 | The platform must support ENERGY_KWH within usage & metering engine. | Requirements: MSR-012-B6EDFEA4F6 | Tests: TC-MSR-012-B6EDFEA4F6
AC-MSR-012-01-06 | The platform must support MESSAGE_SENT within usage & metering engine. | Requirements: MSR-012-C3946AB7D6 | Tests: TC-MSR-012-C3946AB7D6
AC-MSR-012-01-07 | The platform must support TRANSACTION within usage & metering engine. | Requirements: MSR-012-5CD477B6DD | Tests: TC-MSR-012-5CD477B6DD
AC-MSR-012-01-08 | The platform must support STREAM_MINUTE within usage & metering engine. | Requirements: MSR-012-B3A2A8EDE8 | Tests: TC-MSR-012-B3A2A8EDE8
AC-MSR-012-01-09 | The platform must support ACTIVE_USER within usage & metering engine. | Requirements: MSR-012-C960B2EA3C | Tests: TC-MSR-012-C960B2EA3C
AC-MSR-012-01-10 | The platform must support DEVICE_HOUR. within usage & metering engine. | Requirements: MSR-012-0E0BADFBF0 | Tests: TC-MSR-012-0E0BADFBF0","MSR-012-D4C7038840;MSR-012-B291848AAE;MSR-012-FD9E79FDFB;MSR-012-2781CE0750;MSR-012-B6EDFEA4F6;MSR-012-C3946AB7D6;MSR-012-5CD477B6DD;MSR-012-B3A2A8EDE8;MSR-012-C960B2EA3C;MSR-012-0E0BADFBF0","TC-MSR-012-D4C7038840;TC-MSR-012-B291848AAE;TC-MSR-012-FD9E79FDFB;TC-MSR-012-2781CE0750;TC-MSR-012-B6EDFEA4F6;TC-MSR-012-C3946AB7D6;TC-MSR-012-5CD477B6DD;TC-MSR-012-B3A2A8EDE8;TC-MSR-012-C960B2EA3C;TC-MSR-012-0E0BADFBF0","Phase 2","Master specification §12"
"150","Story","USAGE & METERING ENGINE: requirement set 02","As a Usage Operations Manager, I want the usage & metering engine requirements delivered, so that the platform conforms to the traced master product specification.","","SUB-E011","11","US-MSR-012-02","sintius phase-2 master-specification","Medium","To Do","not_started","0","AC-MSR-012-02-01 | The platform must support event_id within usage & metering engine. | Requirements: MSR-012-73BF621820 | Tests: TC-MSR-012-73BF621820
AC-MSR-012-02-02 | The platform must support timestamp within usage & metering engine. | Requirements: MSR-012-8BD9E081B2 | Tests: TC-MSR-012-8BD9E081B2
AC-MSR-012-02-03 | The platform must support customer_id within usage & metering engine. | Requirements: MSR-012-8B6891DF1C | Tests: TC-MSR-012-8B6891DF1C
AC-MSR-012-02-04 | The platform must support subscription_id within usage & metering engine. | Requirements: MSR-012-BF87108002 | Tests: TC-MSR-012-BF87108002
AC-MSR-012-02-05 | The platform must support meter_id within usage & metering engine. | Requirements: MSR-012-34D7DB7C89 | Tests: TC-MSR-012-34D7DB7C89
AC-MSR-012-02-06 | The platform must support quantity within usage & metering engine. | Requirements: MSR-012-1DE042B24A | Tests: TC-MSR-012-1DE042B24A
AC-MSR-012-02-07 | The platform must support dimensions within usage & metering engine. | Requirements: MSR-012-D68F4C30BF | Tests: TC-MSR-012-D68F4C30BF
AC-MSR-012-02-08 | The platform must support source within usage & metering engine. | Requirements: MSR-012-271FE1BCC9 | Tests: TC-MSR-012-271FE1BCC9
AC-MSR-012-02-09 | The platform must support region within usage & metering engine. | Requirements: MSR-012-4C321E18DC | Tests: TC-MSR-012-4C321E18DC
AC-MSR-012-02-10 | The platform must support model within usage & metering engine. | Requirements: MSR-012-8776F69794 | Tests: TC-MSR-012-8776F69794","MSR-012-73BF621820;MSR-012-8BD9E081B2;MSR-012-8B6891DF1C;MSR-012-BF87108002;MSR-012-34D7DB7C89;MSR-012-1DE042B24A;MSR-012-D68F4C30BF;MSR-012-271FE1BCC9;MSR-012-4C321E18DC;MSR-012-8776F69794","TC-MSR-012-73BF621820;TC-MSR-012-8BD9E081B2;TC-MSR-012-8B6891DF1C;TC-MSR-012-BF87108002;TC-MSR-012-34D7DB7C89;TC-MSR-012-1DE042B24A;TC-MSR-012-D68F4C30BF;TC-MSR-012-271FE1BCC9;TC-MSR-012-4C321E18DC;TC-MSR-012-8776F69794","Phase 2","Master specification §12"
"151","Story","USAGE & METERING ENGINE: requirement set 03","As a Usage Operations Manager, I want the usage & metering engine requirements delivered, so that the platform conforms to the traced master product specification.","","SUB-E011","11","US-MSR-012-03","sintius phase-2 master-specification","Medium","To Do","not_started","0","AC-MSR-012-03-01 | The platform must support device within usage & metering engine. | Requirements: MSR-012-651E8132C5 | Tests: TC-MSR-012-651E8132C5
AC-MSR-012-03-02 | The platform must support product within usage & metering engine. | Requirements: MSR-012-97371D66B6 | Tests: TC-MSR-012-97371D66B6
AC-MSR-012-03-03 | The platform must support service tier. within usage & metering engine. | Requirements: MSR-012-DA38A4F5E1 | Tests: TC-MSR-012-DA38A4F5E1
AC-MSR-012-03-04 | The platform must support duplicates within usage & metering engine. | Requirements: MSR-012-BDB5EAA164 | Tests: TC-MSR-012-BDB5EAA164
AC-MSR-012-03-05 | The platform must support missing events within usage & metering engine. | Requirements: MSR-012-1A5D7F4743 | Tests: TC-MSR-012-1A5D7F4743
AC-MSR-012-03-06 | The platform must support late events within usage & metering engine. | Requirements: MSR-012-1E45058029 | Tests: TC-MSR-012-1E45058029
AC-MSR-012-03-07 | The platform must support malformed events within usage & metering engine. | Requirements: MSR-012-3A91BA33AB | Tests: TC-MSR-012-3A91BA33AB
AC-MSR-012-03-08 | The platform must support outliers. within usage & metering engine. | Requirements: MSR-012-E30D14C4C8 | Tests: TC-MSR-012-E30D14C4C8
AC-MSR-012-03-09 | Support event corrections without destroying audit history. | Requirements: MSR-012-F250A8CC80 | Tests: TC-MSR-012-F250A8CC80","MSR-012-651E8132C5;MSR-012-97371D66B6;MSR-012-DA38A4F5E1;MSR-012-BDB5EAA164;MSR-012-1A5D7F4743;MSR-012-1E45058029;MSR-012-3A91BA33AB;MSR-012-E30D14C4C8;MSR-012-F250A8CC80","TC-MSR-012-651E8132C5;TC-MSR-012-97371D66B6;TC-MSR-012-DA38A4F5E1;TC-MSR-012-BDB5EAA164;TC-MSR-012-1A5D7F4743;TC-MSR-012-1E45058029;TC-MSR-012-3A91BA33AB;TC-MSR-012-E30D14C4C8;TC-MSR-012-F250A8CC80","Phase 2","Master specification §12"
"152","Story","REAL-TIME RATING ENGINE: requirement set 01","As a Usage Operations Manager, I want the real-time rating engine requirements delivered, so that the platform conforms to the traced master product specification.","","SUB-E011","11","US-MSR-013-01","sintius phase-2 master-specification","Medium","To Do","not_started","0","AC-MSR-013-01-01 | Usage should optionally be priced immediately. | Requirements: MSR-013-A737DC7C57 | Tests: TC-MSR-013-A737DC7C57
AC-MSR-013-01-02 | Product and implementation decisions must conform to this master-specification constraint: Usage Event → Validate → Enrich → Aggregate → Apply Allowance → Rate → Discount → Tax Classification → Charge Event. | Requirements: MSR-013-534D697521 | Tests: TC-MSR-013-534D697521
AC-MSR-013-01-03 | Support millions of events per minute horizontally. | Requirements: MSR-013-88A68D5902 | Tests: TC-MSR-013-88A68D5902
AC-MSR-013-01-04 | The platform must support deterministic within real-time rating engine. | Requirements: MSR-013-8DE182F6EF | Tests: TC-MSR-013-8DE182F6EF
AC-MSR-013-01-05 | The platform must support idempotent within real-time rating engine. | Requirements: MSR-013-808F5B516A | Tests: TC-MSR-013-808F5B516A
AC-MSR-013-01-06 | The platform must support explainable within real-time rating engine. | Requirements: MSR-013-3021BACAF2 | Tests: TC-MSR-013-3021BACAF2
AC-MSR-013-01-07 | The platform must support replayable. within real-time rating engine. | Requirements: MSR-013-04C32ED2AD | Tests: TC-MSR-013-04C32ED2AD","MSR-013-A737DC7C57;MSR-013-534D697521;MSR-013-88A68D5902;MSR-013-8DE182F6EF;MSR-013-808F5B516A;MSR-013-3021BACAF2;MSR-013-04C32ED2AD","TC-MSR-013-A737DC7C57;TC-MSR-013-534D697521;TC-MSR-013-88A68D5902;TC-MSR-013-8DE182F6EF;TC-MSR-013-808F5B516A;TC-MSR-013-3021BACAF2;TC-MSR-013-04C32ED2AD","Phase 2","Master specification §13"
"153","Story","BILLING ENGINE: requirement set 01","As a Billing Administrator, I want the billing engine requirements delivered, so that the platform conforms to the traced master product specification.","","SUB-E007","7","US-MSR-014-01","sintius phase-2 master-specification","Medium","To Do","not_started","0","AC-MSR-014-01-01 | The platform must support anniversary billing within billing engine. | Requirements: MSR-014-C0058B4146 | Tests: TC-MSR-014-C0058B4146
AC-MSR-014-01-02 | The platform must support calendar billing within billing engine. | Requirements: MSR-014-2B92D7D740 | Tests: TC-MSR-014-2B92D7D740
AC-MSR-014-01-03 | The platform must support daily within billing engine. | Requirements: MSR-014-F8181BE634 | Tests: TC-MSR-014-F8181BE634
AC-MSR-014-01-04 | The platform must support weekly within billing engine. | Requirements: MSR-014-81B9BC1E8E | Tests: TC-MSR-014-81B9BC1E8E
AC-MSR-014-01-05 | The platform must support monthly within billing engine. | Requirements: MSR-014-B40A638965 | Tests: TC-MSR-014-B40A638965
AC-MSR-014-01-06 | The platform must support quarterly within billing engine. | Requirements: MSR-014-F2ED30C2B8 | Tests: TC-MSR-014-F2ED30C2B8
AC-MSR-014-01-07 | The platform must support semiannual within billing engine. | Requirements: MSR-014-1BF7DF7566 | Tests: TC-MSR-014-1BF7DF7566
AC-MSR-014-01-08 | The platform must support annual within billing engine. | Requirements: MSR-014-9E27A53F0F | Tests: TC-MSR-014-9E27A53F0F
AC-MSR-014-01-09 | The platform must support custom billing schedules within billing engine. | Requirements: MSR-014-3D5A483FE8 | Tests: TC-MSR-014-3D5A483FE8
AC-MSR-014-01-10 | The platform must support milestone billing within billing engine. | Requirements: MSR-014-E869D2067E | Tests: TC-MSR-014-E869D2067E","MSR-014-C0058B4146;MSR-014-2B92D7D740;MSR-014-F8181BE634;MSR-014-81B9BC1E8E;MSR-014-B40A638965;MSR-014-F2ED30C2B8;MSR-014-1BF7DF7566;MSR-014-9E27A53F0F;MSR-014-3D5A483FE8;MSR-014-E869D2067E","TC-MSR-014-C0058B4146;TC-MSR-014-2B92D7D740;TC-MSR-014-F8181BE634;TC-MSR-014-81B9BC1E8E;TC-MSR-014-B40A638965;TC-MSR-014-F2ED30C2B8;TC-MSR-014-1BF7DF7566;TC-MSR-014-9E27A53F0F;TC-MSR-014-3D5A483FE8;TC-MSR-014-E869D2067E","Phase 2","Master specification §14"
"154","Story","BILLING ENGINE: requirement set 02","As a Billing Administrator, I want the billing engine requirements delivered, so that the platform conforms to the traced master product specification.","","SUB-E007","7","US-MSR-014-02","sintius phase-2 master-specification","Medium","To Do","not_started","0","AC-MSR-014-02-01 | The platform must support event-triggered billing. within billing engine. | Requirements: MSR-014-C540C96E82 | Tests: TC-MSR-014-C540C96E82
AC-MSR-014-02-02 | The platform must support advance within billing engine. | Requirements: MSR-014-193A21B64C | Tests: TC-MSR-014-193A21B64C
AC-MSR-014-02-03 | The platform must support arrears within billing engine. | Requirements: MSR-014-4398502648 | Tests: TC-MSR-014-4398502648
AC-MSR-014-02-04 | The platform must support mixed mode. within billing engine. | Requirements: MSR-014-B981EE653F | Tests: TC-MSR-014-B981EE653F
AC-MSR-014-02-05 | The platform must support proration within billing engine. | Requirements: MSR-014-3E795349CB | Tests: TC-MSR-014-3E795349CB
AC-MSR-014-02-06 | The platform must support partial periods within billing engine. | Requirements: MSR-014-C4DDBE6528 | Tests: TC-MSR-014-C4DDBE6528
AC-MSR-014-02-07 | The platform must support adjustments within billing engine. | Requirements: MSR-014-3C9C7817E8 | Tests: TC-MSR-014-3C9C7817E8
AC-MSR-014-02-08 | The platform must support reversals within billing engine. | Requirements: MSR-014-538BA10FF9 | Tests: TC-MSR-014-538BA10FF9
AC-MSR-014-02-09 | The platform must support credits within billing engine. | Requirements: MSR-014-C1638BB678 | Tests: TC-MSR-014-C1638BB678
AC-MSR-014-02-10 | The platform must support refunds within billing engine. | Requirements: MSR-014-991DE183A4 | Tests: TC-MSR-014-991DE183A4","MSR-014-C540C96E82;MSR-014-193A21B64C;MSR-014-4398502648;MSR-014-B981EE653F;MSR-014-3E795349CB;MSR-014-C4DDBE6528;MSR-014-3C9C7817E8;MSR-014-538BA10FF9;MSR-014-C1638BB678;MSR-014-991DE183A4","TC-MSR-014-C540C96E82;TC-MSR-014-193A21B64C;TC-MSR-014-4398502648;TC-MSR-014-B981EE653F;TC-MSR-014-3E795349CB;TC-MSR-014-C4DDBE6528;TC-MSR-014-3C9C7817E8;TC-MSR-014-538BA10FF9;TC-MSR-014-C1638BB678;TC-MSR-014-991DE183A4","Phase 2","Master specification §14"
"155","Story","BILLING ENGINE: requirement set 03","As a Billing Administrator, I want the billing engine requirements delivered, so that the platform conforms to the traced master product specification.","","SUB-E007","7","US-MSR-014-03","sintius phase-2 master-specification","Medium","To Do","not_started","0","AC-MSR-014-03-01 | The platform must support write-offs within billing engine. | Requirements: MSR-014-DE33DAEC5B | Tests: TC-MSR-014-DE33DAEC5B
AC-MSR-014-03-02 | The platform must support deposits. within billing engine. | Requirements: MSR-014-053447F4A2 | Tests: TC-MSR-014-053447F4A2","MSR-014-DE33DAEC5B;MSR-014-053447F4A2","TC-MSR-014-DE33DAEC5B;TC-MSR-014-053447F4A2","Phase 2","Master specification §14"
"156","Story","BILL PREVIEW: requirement set 01","As a Billing Administrator, I want the bill preview requirements delivered, so that the platform conforms to the traced master product specification.","","SUB-E007","7","US-MSR-015-01","sintius phase-2 master-specification","Medium","To Do","not_started","0","AC-MSR-015-01-01 | Product and implementation decisions must conform to this master-specification constraint: Preview Invoice. | Requirements: MSR-015-9D5E2E5B12 | Tests: TC-MSR-015-9D5E2E5B12
AC-MSR-015-01-02 | Product and implementation decisions must conform to this master-specification constraint: Subscription → usage → pricing rule → discounts → credits → tax → invoice amount. | Requirements: MSR-015-44EB22C5F1 | Tests: TC-MSR-015-44EB22C5F1
AC-MSR-015-01-03 | Finance users must be able to inspect the calculation tree. | Requirements: MSR-015-4F9B3A6E45 | Tests: TC-MSR-015-4F9B3A6E45
AC-MSR-015-01-04 | Product and implementation decisions must conform to this master-specification constraint: ""Why is this charge ₹7,842? | Requirements: MSR-015-A46EDB45B7 | Tests: TC-MSR-015-A46EDB45B7
AC-MSR-015-01-05 | The system should provide a deterministic explanation rather than an AI hallucination. | Requirements: MSR-015-BB4FAFB48C | Tests: TC-MSR-015-BB4FAFB48C","MSR-015-9D5E2E5B12;MSR-015-44EB22C5F1;MSR-015-4F9B3A6E45;MSR-015-A46EDB45B7;MSR-015-BB4FAFB48C","TC-MSR-015-9D5E2E5B12;TC-MSR-015-44EB22C5F1;TC-MSR-015-4F9B3A6E45;TC-MSR-015-A46EDB45B7;TC-MSR-015-BB4FAFB48C","Phase 2","Master specification §15"
"157","Story","CONVERGENT INVOICING: requirement set 01","As a Accounts Receivable Manager, I want the convergent invoicing requirements delivered, so that the platform conforms to the traced master product specification.","","SUB-E008","8","US-MSR-016-01","sintius phase-2 master-specification","Medium","To Do","not_started","0","AC-MSR-016-01-01 | Multiple subscription or charge streams should be combinable. | Requirements: MSR-016-36738B61F7 | Tests: TC-MSR-016-36738B61F7
AC-MSR-016-01-02 | The platform must support Internet within convergent invoicing. | Requirements: MSR-016-24D9759E75 | Tests: TC-MSR-016-24D9759E75
AC-MSR-016-01-03 | The platform must support Cloud Storage within convergent invoicing. | Requirements: MSR-016-26BBE24E7B | Tests: TC-MSR-016-26BBE24E7B
AC-MSR-016-01-04 | The platform must support Mobile within convergent invoicing. | Requirements: MSR-016-96427455D0 | Tests: TC-MSR-016-96427455D0
AC-MSR-016-01-05 | The platform must support AI Services within convergent invoicing. | Requirements: MSR-016-E7E3F7D0FB | Tests: TC-MSR-016-E7E3F7D0FB
AC-MSR-016-01-06 | The platform must support Support within convergent invoicing. | Requirements: MSR-016-319E2007BA | Tests: TC-MSR-016-319E2007BA
AC-MSR-016-01-07 | The platform must support one invoice within convergent invoicing. | Requirements: MSR-016-81754AB1DB | Tests: TC-MSR-016-81754AB1DB
AC-MSR-016-01-08 | The platform must support or multiple invoices within convergent invoicing. | Requirements: MSR-016-7A0BF84B17 | Tests: TC-MSR-016-7A0BF84B17
AC-MSR-016-01-09 | Product and implementation decisions must conform to this master-specification constraint: based upon configurable invoice-grouping rules. | Requirements: MSR-016-22C75AE184 | Tests: TC-MSR-016-22C75AE184
AC-MSR-016-01-10 | The platform must support account within convergent invoicing. | Requirements: MSR-016-E619A3E945 | Tests: TC-MSR-016-E619A3E945","MSR-016-36738B61F7;MSR-016-24D9759E75;MSR-016-26BBE24E7B;MSR-016-96427455D0;MSR-016-E7E3F7D0FB;MSR-016-319E2007BA;MSR-016-81754AB1DB;MSR-016-7A0BF84B17;MSR-016-22C75AE184;MSR-016-E619A3E945","TC-MSR-016-36738B61F7;TC-MSR-016-24D9759E75;TC-MSR-016-26BBE24E7B;TC-MSR-016-96427455D0;TC-MSR-016-E7E3F7D0FB;TC-MSR-016-319E2007BA;TC-MSR-016-81754AB1DB;TC-MSR-016-7A0BF84B17;TC-MSR-016-22C75AE184;TC-MSR-016-E619A3E945","Phase 2","Master specification §16"
"158","Story","CONVERGENT INVOICING: requirement set 02","As a Accounts Receivable Manager, I want the convergent invoicing requirements delivered, so that the platform conforms to the traced master product specification.","","SUB-E008","8","US-MSR-016-02","sintius phase-2 master-specification","Medium","To Do","not_started","0","AC-MSR-016-02-01 | The platform must support legal entity within convergent invoicing. | Requirements: MSR-016-2C695FFB32 | Tests: TC-MSR-016-2C695FFB32
AC-MSR-016-02-02 | The platform must support currency within convergent invoicing. | Requirements: MSR-016-D5B38D3034 | Tests: TC-MSR-016-D5B38D3034
AC-MSR-016-02-03 | The platform must support business unit within convergent invoicing. | Requirements: MSR-016-D47E958FAF | Tests: TC-MSR-016-D47E958FAF
AC-MSR-016-02-04 | The platform must support contract within convergent invoicing. | Requirements: MSR-016-82A99D4928 | Tests: TC-MSR-016-82A99D4928
AC-MSR-016-02-05 | The platform must support product family. within convergent invoicing. | Requirements: MSR-016-33EC65460C | Tests: TC-MSR-016-33EC65460C","MSR-016-2C695FFB32;MSR-016-D5B38D3034;MSR-016-D47E958FAF;MSR-016-82A99D4928;MSR-016-33EC65460C","TC-MSR-016-2C695FFB32;TC-MSR-016-D5B38D3034;TC-MSR-016-D47E958FAF;TC-MSR-016-82A99D4928;TC-MSR-016-33EC65460C","Phase 2","Master specification §16"
"159","Story","INVOICE EXPERIENCE: requirement set 01","As a Accounts Receivable Manager, I want the invoice experience requirements delivered, so that the platform conforms to the traced master product specification.","","SUB-E008","8","US-MSR-017-01","sintius phase-2 master-specification","Medium","To Do","not_started","0","AC-MSR-017-01-01 | Invoices must be interactive rather than merely PDFs. | Requirements: MSR-017-585B499483 | Tests: TC-MSR-017-585B499483
AC-MSR-017-01-02 | The platform must support usage within invoice experience. | Requirements: MSR-017-36A0E55E6D | Tests: TC-MSR-017-36A0E55E6D
AC-MSR-017-01-03 | The platform must support applicable rate within invoice experience. | Requirements: MSR-017-123079CE06 | Tests: TC-MSR-017-123079CE06
AC-MSR-017-01-04 | The platform must support allowance within invoice experience. | Requirements: MSR-017-00C8FCD06A | Tests: TC-MSR-017-00C8FCD06A
AC-MSR-017-01-05 | The platform must support discounts within invoice experience. | Requirements: MSR-017-09A7C98651 | Tests: TC-MSR-017-09A7C98651
AC-MSR-017-01-06 | The platform must support credits within invoice experience. | Requirements: MSR-017-DFAC08CC95 | Tests: TC-MSR-017-DFAC08CC95
AC-MSR-017-01-07 | The platform must support tax. within invoice experience. | Requirements: MSR-017-DEA8CC77DB | Tests: TC-MSR-017-DEA8CC77DB
AC-MSR-017-01-08 | The platform must support PDF within invoice experience. | Requirements: MSR-017-2B9D662DE9 | Tests: TC-MSR-017-2B9D662DE9
AC-MSR-017-01-09 | The platform must support HTML within invoice experience. | Requirements: MSR-017-970000674A | Tests: TC-MSR-017-970000674A
AC-MSR-017-01-10 | The platform must support JSON within invoice experience. | Requirements: MSR-017-732B1BDDA7 | Tests: TC-MSR-017-732B1BDDA7","MSR-017-585B499483;MSR-017-36A0E55E6D;MSR-017-123079CE06;MSR-017-00C8FCD06A;MSR-017-09A7C98651;MSR-017-DFAC08CC95;MSR-017-DEA8CC77DB;MSR-017-2B9D662DE9;MSR-017-970000674A;MSR-017-732B1BDDA7","TC-MSR-017-585B499483;TC-MSR-017-36A0E55E6D;TC-MSR-017-123079CE06;TC-MSR-017-00C8FCD06A;TC-MSR-017-09A7C98651;TC-MSR-017-DFAC08CC95;TC-MSR-017-DEA8CC77DB;TC-MSR-017-2B9D662DE9;TC-MSR-017-970000674A;TC-MSR-017-732B1BDDA7","Phase 2","Master specification §17"
"160","Story","INVOICE EXPERIENCE: requirement set 02","As a Accounts Receivable Manager, I want the invoice experience requirements delivered, so that the platform conforms to the traced master product specification.","","SUB-E008","8","US-MSR-017-02","sintius phase-2 master-specification","Medium","To Do","not_started","0","AC-MSR-017-02-01 | The platform must support XML within invoice experience. | Requirements: MSR-017-1BA052DC3E | Tests: TC-MSR-017-1BA052DC3E
AC-MSR-017-02-02 | The platform must support UBL/e-invoice formats. within invoice experience. | Requirements: MSR-017-20002899E4 | Tests: TC-MSR-017-20002899E4
AC-MSR-017-02-03 | Allow customizable invoice templates. | Requirements: MSR-017-A5E57795B7 | Tests: TC-MSR-017-A5E57795B7","MSR-017-1BA052DC3E;MSR-017-20002899E4;MSR-017-A5E57795B7","TC-MSR-017-1BA052DC3E;TC-MSR-017-20002899E4;TC-MSR-017-A5E57795B7","Phase 2","Master specification §17"
"161","Story","ACCOUNTS RECEIVABLE: requirement set 01","As a Accounts Receivable Manager, I want the accounts receivable requirements delivered, so that the platform conforms to the traced master product specification.","","SUB-E008","8","US-MSR-018-01","sintius phase-2 master-specification","Medium","To Do","not_started","0","AC-MSR-018-01-01 | Implement a full subledger. | Requirements: MSR-018-A3E6209143 | Tests: TC-MSR-018-A3E6209143
AC-MSR-018-01-02 | The platform must support invoices within accounts receivable. | Requirements: MSR-018-7419AD14EB | Tests: TC-MSR-018-7419AD14EB
AC-MSR-018-01-03 | The platform must support debit notes within accounts receivable. | Requirements: MSR-018-163BE9485C | Tests: TC-MSR-018-163BE9485C
AC-MSR-018-01-04 | The platform must support credit notes within accounts receivable. | Requirements: MSR-018-7FBDBFB295 | Tests: TC-MSR-018-7FBDBFB295
AC-MSR-018-01-05 | The platform must support unapplied cash within accounts receivable. | Requirements: MSR-018-417B860176 | Tests: TC-MSR-018-417B860176
AC-MSR-018-01-06 | The platform must support partial payments within accounts receivable. | Requirements: MSR-018-369882D8C6 | Tests: TC-MSR-018-369882D8C6
AC-MSR-018-01-07 | The platform must support overpayments within accounts receivable. | Requirements: MSR-018-212245A3BA | Tests: TC-MSR-018-212245A3BA
AC-MSR-018-01-08 | The platform must support deposits within accounts receivable. | Requirements: MSR-018-19182CFBEF | Tests: TC-MSR-018-19182CFBEF
AC-MSR-018-01-09 | The platform must support payment plans within accounts receivable. | Requirements: MSR-018-AA0D9A5A5D | Tests: TC-MSR-018-AA0D9A5A5D
AC-MSR-018-01-10 | The platform must support write-offs within accounts receivable. | Requirements: MSR-018-8206FE7581 | Tests: TC-MSR-018-8206FE7581","MSR-018-A3E6209143;MSR-018-7419AD14EB;MSR-018-163BE9485C;MSR-018-7FBDBFB295;MSR-018-417B860176;MSR-018-369882D8C6;MSR-018-212245A3BA;MSR-018-19182CFBEF;MSR-018-AA0D9A5A5D;MSR-018-8206FE7581","TC-MSR-018-A3E6209143;TC-MSR-018-7419AD14EB;TC-MSR-018-163BE9485C;TC-MSR-018-7FBDBFB295;TC-MSR-018-417B860176;TC-MSR-018-369882D8C6;TC-MSR-018-212245A3BA;TC-MSR-018-19182CFBEF;TC-MSR-018-AA0D9A5A5D;TC-MSR-018-8206FE7581","Phase 2","Master specification §18"
"162","Story","ACCOUNTS RECEIVABLE: requirement set 02","As a Accounts Receivable Manager, I want the accounts receivable requirements delivered, so that the platform conforms to the traced master product specification.","","SUB-E008","8","US-MSR-018-02","sintius phase-2 master-specification","Medium","To Do","not_started","0","AC-MSR-018-02-01 | The platform must support disputes within accounts receivable. | Requirements: MSR-018-DEDA9593FC | Tests: TC-MSR-018-DEDA9593FC
AC-MSR-018-02-02 | The platform must support refunds. within accounts receivable. | Requirements: MSR-018-C0F8CDAE02 | Tests: TC-MSR-018-C0F8CDAE02
AC-MSR-018-02-03 | Maintain customer account balance in near real-time. | Requirements: MSR-018-5C21FCA0E6 | Tests: TC-MSR-018-5C21FCA0E6","MSR-018-DEDA9593FC;MSR-018-C0F8CDAE02;MSR-018-5C21FCA0E6","TC-MSR-018-DEDA9593FC;TC-MSR-018-C0F8CDAE02;TC-MSR-018-5C21FCA0E6","Phase 2","Master specification §18"
"163","Story","PAYMENT ORCHESTRATION: requirement set 01","As a Payments Operations Manager, I want the payment orchestration requirements delivered, so that the platform conforms to the traced master product specification.","","SUB-E009","9","US-MSR-019-01","sintius phase-3 master-specification","Medium","To Do","not_started","0","AC-MSR-019-01-01 | Do not tightly couple the system to one payment processor. | Requirements: MSR-019-BAAEF5A3CD | Tests: TC-MSR-019-BAAEF5A3CD
AC-MSR-019-01-02 | Product and implementation decisions must conform to this master-specification constraint: Create a Payment Orchestration Layer. | Requirements: MSR-019-3C2FD809D2 | Tests: TC-MSR-019-3C2FD809D2
AC-MSR-019-01-03 | Product and implementation decisions must conform to this master-specification constraint: Subscription Platform → Payment Orchestrator → Gateway A / Gateway B / Gateway C / Bank / Wallet / UPI. | Requirements: MSR-019-5BF5837CD1 | Tests: TC-MSR-019-5BF5837CD1
AC-MSR-019-01-04 | The platform must support geography within payment orchestration. | Requirements: MSR-019-C2993A1580 | Tests: TC-MSR-019-C2993A1580
AC-MSR-019-01-05 | The platform must support currency within payment orchestration. | Requirements: MSR-019-B14C6B5BBF | Tests: TC-MSR-019-B14C6B5BBF
AC-MSR-019-01-06 | The platform must support amount within payment orchestration. | Requirements: MSR-019-28B622C013 | Tests: TC-MSR-019-28B622C013
AC-MSR-019-01-07 | The platform must support acceptance rate within payment orchestration. | Requirements: MSR-019-E3900A8452 | Tests: TC-MSR-019-E3900A8452
AC-MSR-019-01-08 | The platform must support gateway health within payment orchestration. | Requirements: MSR-019-D7F21F42B1 | Tests: TC-MSR-019-D7F21F42B1
AC-MSR-019-01-09 | The platform must support transaction cost within payment orchestration. | Requirements: MSR-019-DF6888D6F6 | Tests: TC-MSR-019-DF6888D6F6
AC-MSR-019-01-10 | The platform must support fraud risk within payment orchestration. | Requirements: MSR-019-AE88290705 | Tests: TC-MSR-019-AE88290705","MSR-019-BAAEF5A3CD;MSR-019-3C2FD809D2;MSR-019-5BF5837CD1;MSR-019-C2993A1580;MSR-019-B14C6B5BBF;MSR-019-28B622C013;MSR-019-E3900A8452;MSR-019-D7F21F42B1;MSR-019-DF6888D6F6;MSR-019-AE88290705","TC-MSR-019-BAAEF5A3CD;TC-MSR-019-3C2FD809D2;TC-MSR-019-5BF5837CD1;TC-MSR-019-C2993A1580;TC-MSR-019-B14C6B5BBF;TC-MSR-019-28B622C013;TC-MSR-019-E3900A8452;TC-MSR-019-D7F21F42B1;TC-MSR-019-DF6888D6F6;TC-MSR-019-AE88290705","Phase 3","Master specification §19"
"164","Story","PAYMENT ORCHESTRATION: requirement set 02","As a Payments Operations Manager, I want the payment orchestration requirements delivered, so that the platform conforms to the traced master product specification.","","SUB-E009","9","US-MSR-019-02","sintius phase-3 master-specification","Medium","To Do","not_started","0","AC-MSR-019-02-01 | The platform must support payment method. within payment orchestration. | Requirements: MSR-019-9B53F09BBD | Tests: TC-MSR-019-9B53F09BBD","MSR-019-9B53F09BBD","TC-MSR-019-9B53F09BBD","Phase 3","Master specification §19"
"165","Story","PAYMENT METHODS: requirement set 01","As a Payments Operations Manager, I want the payment methods requirements delivered, so that the platform conforms to the traced master product specification.","","SUB-E009","9","US-MSR-020-01","sintius phase-3 master-specification","Medium","To Do","not_started","0","AC-MSR-020-01-01 | Design global payment-method support. | Requirements: MSR-020-56AECFE7CC | Tests: TC-MSR-020-56AECFE7CC
AC-MSR-020-01-02 | The platform must support Cards within payment methods. | Requirements: MSR-020-9D97E85D07 | Tests: TC-MSR-020-9D97E85D07
AC-MSR-020-01-03 | The platform must support Bank transfer within payment methods. | Requirements: MSR-020-5ACAEBCFDB | Tests: TC-MSR-020-5ACAEBCFDB
AC-MSR-020-01-04 | The platform must support ACH within payment methods. | Requirements: MSR-020-9650A1F4A4 | Tests: TC-MSR-020-9650A1F4A4
AC-MSR-020-01-05 | The platform must support SEPA Direct Debit within payment methods. | Requirements: MSR-020-8F9AA32D67 | Tests: TC-MSR-020-8F9AA32D67
AC-MSR-020-01-06 | The platform must support BACS within payment methods. | Requirements: MSR-020-0C0A69B3F2 | Tests: TC-MSR-020-0C0A69B3F2
AC-MSR-020-01-07 | The platform must support UPI within payment methods. | Requirements: MSR-020-A02D3FE246 | Tests: TC-MSR-020-A02D3FE246
AC-MSR-020-01-08 | The platform must support UPI AutoPay within payment methods. | Requirements: MSR-020-510AF7C34C | Tests: TC-MSR-020-510AF7C34C
AC-MSR-020-01-09 | The platform must support Net Banking within payment methods. | Requirements: MSR-020-53463CF44D | Tests: TC-MSR-020-53463CF44D
AC-MSR-020-01-10 | The platform must support Wallets within payment methods. | Requirements: MSR-020-AC9FE09182 | Tests: TC-MSR-020-AC9FE09182","MSR-020-56AECFE7CC;MSR-020-9D97E85D07;MSR-020-5ACAEBCFDB;MSR-020-9650A1F4A4;MSR-020-8F9AA32D67;MSR-020-0C0A69B3F2;MSR-020-A02D3FE246;MSR-020-510AF7C34C;MSR-020-53463CF44D;MSR-020-AC9FE09182","TC-MSR-020-56AECFE7CC;TC-MSR-020-9D97E85D07;TC-MSR-020-5ACAEBCFDB;TC-MSR-020-9650A1F4A4;TC-MSR-020-8F9AA32D67;TC-MSR-020-0C0A69B3F2;TC-MSR-020-A02D3FE246;TC-MSR-020-510AF7C34C;TC-MSR-020-53463CF44D;TC-MSR-020-AC9FE09182","Phase 3","Master specification §20"
"166","Story","PAYMENT METHODS: requirement set 02","As a Payments Operations Manager, I want the payment methods requirements delivered, so that the platform conforms to the traced master product specification.","","SUB-E009","9","US-MSR-020-02","sintius phase-3 master-specification","Medium","To Do","not_started","0","AC-MSR-020-02-01 | The platform must support Apple Pay within payment methods. | Requirements: MSR-020-B53709FB00 | Tests: TC-MSR-020-B53709FB00
AC-MSR-020-02-02 | The platform must support Google Pay within payment methods. | Requirements: MSR-020-8133A4E710 | Tests: TC-MSR-020-8133A4E710
AC-MSR-020-02-03 | The platform must support PayPal within payment methods. | Requirements: MSR-020-7E0D2958C5 | Tests: TC-MSR-020-7E0D2958C5
AC-MSR-020-02-04 | The platform must support BNPL within payment methods. | Requirements: MSR-020-E54F07E06C | Tests: TC-MSR-020-E54F07E06C
AC-MSR-020-02-05 | The platform must support Direct debit within payment methods. | Requirements: MSR-020-42C8C0ABCC | Tests: TC-MSR-020-42C8C0ABCC
AC-MSR-020-02-06 | The platform must support Virtual accounts within payment methods. | Requirements: MSR-020-E5082A0A68 | Tests: TC-MSR-020-E5082A0A68
AC-MSR-020-02-07 | The platform must support Wire transfer within payment methods. | Requirements: MSR-020-8CE1E868DA | Tests: TC-MSR-020-8CE1E868DA
AC-MSR-020-02-08 | The platform must support Cash collection partners within payment methods. | Requirements: MSR-020-F8F98A43F5 | Tests: TC-MSR-020-F8F98A43F5
AC-MSR-020-02-09 | The platform must support Cheque within payment methods. | Requirements: MSR-020-10AD7F8A6F | Tests: TC-MSR-020-10AD7F8A6F
AC-MSR-020-02-10 | The platform must support Purchase-order settlement. within payment methods. | Requirements: MSR-020-49131C311A | Tests: TC-MSR-020-49131C311A","MSR-020-B53709FB00;MSR-020-8133A4E710;MSR-020-7E0D2958C5;MSR-020-E54F07E06C;MSR-020-42C8C0ABCC;MSR-020-E5082A0A68;MSR-020-8CE1E868DA;MSR-020-F8F98A43F5;MSR-020-10AD7F8A6F;MSR-020-49131C311A","TC-MSR-020-B53709FB00;TC-MSR-020-8133A4E710;TC-MSR-020-7E0D2958C5;TC-MSR-020-E54F07E06C;TC-MSR-020-42C8C0ABCC;TC-MSR-020-E5082A0A68;TC-MSR-020-8CE1E868DA;TC-MSR-020-F8F98A43F5;TC-MSR-020-10AD7F8A6F;TC-MSR-020-49131C311A","Phase 3","Master specification §20"
"167","Story","PAYMENT METHODS: requirement set 03","As a Payments Operations Manager, I want the payment methods requirements delivered, so that the platform conforms to the traced master product specification.","","SUB-E009","9","US-MSR-020-03","sintius phase-3 master-specification","Medium","To Do","not_started","0","AC-MSR-020-03-01 | Payment-method support must be connector-driven. | Requirements: MSR-020-877B90E196 | Tests: TC-MSR-020-877B90E196","MSR-020-877B90E196","TC-MSR-020-877B90E196","Phase 3","Master specification §20"
"168","Story","SMART PAYMENT ROUTING: requirement set 01","As a Payments Operations Manager, I want the smart payment routing requirements delivered, so that the platform conforms to the traced master product specification.","","SUB-E009","9","US-MSR-021-01","sintius phase-3 master-specification","Medium","To Do","not_started","0","AC-MSR-021-01-01 | Product and implementation decisions must conform to this master-specification constraint: Optimize payment routing. | Requirements: MSR-021-D762883AAA | Tests: TC-MSR-021-D762883AAA
AC-MSR-021-01-02 | Product and implementation decisions must conform to this master-specification constraint: Customer located in India INR transaction UPI mandate available. | Requirements: MSR-021-25150610AC | Tests: TC-MSR-021-25150610AC
AC-MSR-021-01-03 | Product and implementation decisions must conform to this master-specification constraint: → UPI. | Requirements: MSR-021-5AA1EF1E2A | Tests: TC-MSR-021-5AA1EF1E2A
AC-MSR-021-01-04 | Product and implementation decisions must conform to this master-specification constraint: European customer. | Requirements: MSR-021-609805FD78 | Tests: TC-MSR-021-609805FD78
AC-MSR-021-01-05 | Product and implementation decisions must conform to this master-specification constraint: → SEPA. | Requirements: MSR-021-37BC54E1A0 | Tests: TC-MSR-021-37BC54E1A0
AC-MSR-021-01-06 | Product and implementation decisions must conform to this master-specification constraint: Card transaction rejected at Gateway A. | Requirements: MSR-021-A6EF79EDFD | Tests: TC-MSR-021-A6EF79EDFD
AC-MSR-021-01-07 | Product and implementation decisions must conform to this master-specification constraint: → evaluate whether retry through Gateway B is permitted and sensible. | Requirements: MSR-021-DF828D6E9D | Tests: TC-MSR-021-DF828D6E9D
AC-MSR-021-01-08 | Product and implementation decisions must conform to this master-specification constraint: Keep routing policy configurable. | Requirements: MSR-021-4DA9CCA68E | Tests: TC-MSR-021-4DA9CCA68E","MSR-021-D762883AAA;MSR-021-25150610AC;MSR-021-5AA1EF1E2A;MSR-021-609805FD78;MSR-021-37BC54E1A0;MSR-021-A6EF79EDFD;MSR-021-DF828D6E9D;MSR-021-4DA9CCA68E","TC-MSR-021-D762883AAA;TC-MSR-021-25150610AC;TC-MSR-021-5AA1EF1E2A;TC-MSR-021-609805FD78;TC-MSR-021-37BC54E1A0;TC-MSR-021-A6EF79EDFD;TC-MSR-021-DF828D6E9D;TC-MSR-021-4DA9CCA68E","Phase 3","Master specification §21"
"169","Story","PAYMENT SUCCESS ENGINE: requirement set 01","As a Payments Operations Manager, I want the payment success engine requirements delivered, so that the platform conforms to the traced master product specification.","","SUB-E009","9","US-MSR-022-01","sintius phase-3 master-specification","Medium","To Do","not_started","0","AC-MSR-022-01-01 | Build a machine-learning-supported Payment Success Engine. | Requirements: MSR-022-6FD61D8CF9 | Tests: TC-MSR-022-6FD61D8CF9
AC-MSR-022-01-02 | Product and implementation decisions must conform to this master-specification constraint: P(payment success | customer, payment method, gateway, timestamp, history). | Requirements: MSR-022-374AF218E0 | Tests: TC-MSR-022-374AF218E0
AC-MSR-022-01-03 | The platform must support retry time within payment success engine. | Requirements: MSR-022-0000A15B10 | Tests: TC-MSR-022-0000A15B10
AC-MSR-022-01-04 | The platform must support retry mechanism within payment success engine. | Requirements: MSR-022-7BA9F938B5 | Tests: TC-MSR-022-7BA9F938B5
AC-MSR-022-01-05 | The platform must support preferred gateway within payment success engine. | Requirements: MSR-022-4B3F10026E | Tests: TC-MSR-022-4B3F10026E
AC-MSR-022-01-06 | The platform must support communication timing within payment success engine. | Requirements: MSR-022-1D20D88561 | Tests: TC-MSR-022-1D20D88561
AC-MSR-022-01-07 | The platform must support payment method recommendation. within payment success engine. | Requirements: MSR-022-39555E76D8 | Tests: TC-MSR-022-39555E76D8
AC-MSR-022-01-08 | Provide deterministic fallback rules whenever AI is unavailable. | Requirements: MSR-022-7557602808 | Tests: TC-MSR-022-7557602808","MSR-022-6FD61D8CF9;MSR-022-374AF218E0;MSR-022-0000A15B10;MSR-022-7BA9F938B5;MSR-022-4B3F10026E;MSR-022-1D20D88561;MSR-022-39555E76D8;MSR-022-7557602808","TC-MSR-022-6FD61D8CF9;TC-MSR-022-374AF218E0;TC-MSR-022-0000A15B10;TC-MSR-022-7BA9F938B5;TC-MSR-022-4B3F10026E;TC-MSR-022-1D20D88561;TC-MSR-022-39555E76D8;TC-MSR-022-7557602808","Phase 3","Master specification §22"
"170","Story","COLLECTIONS INTELLIGENCE: requirement set 01","As a Collections Manager, I want the collections intelligence requirements delivered, so that the platform conforms to the traced master product specification.","","SUB-E012","12","US-MSR-023-01","sintius phase-4 master-specification","Medium","To Do","not_started","0","AC-MSR-023-01-01 | Product and implementation decisions must conform to this master-specification constraint: Create a Collection Risk Score. | Requirements: MSR-023-065755B973 | Tests: TC-MSR-023-065755B973
AC-MSR-023-01-02 | Product and implementation decisions must conform to this master-specification constraint: Predict likelihood of late or failed payment. | Requirements: MSR-023-427CB660B2 | Tests: TC-MSR-023-427CB660B2
AC-MSR-023-01-03 | The platform must support historical payment behavior within collections intelligence. | Requirements: MSR-023-83D75F1366 | Tests: TC-MSR-023-83D75F1366
AC-MSR-023-01-04 | The platform must support payment-method expiry within collections intelligence. | Requirements: MSR-023-29FF29D442 | Tests: TC-MSR-023-29FF29D442
AC-MSR-023-01-05 | The platform must support failed authorization history within collections intelligence. | Requirements: MSR-023-9F8C0A74C7 | Tests: TC-MSR-023-9F8C0A74C7
AC-MSR-023-01-06 | The platform must support invoice size deviation within collections intelligence. | Requirements: MSR-023-2F14404C82 | Tests: TC-MSR-023-2F14404C82
AC-MSR-023-01-07 | The platform must support contract value within collections intelligence. | Requirements: MSR-023-E7529B7ADD | Tests: TC-MSR-023-E7529B7ADD
AC-MSR-023-01-08 | The platform must support payment method within collections intelligence. | Requirements: MSR-023-AA28569099 | Tests: TC-MSR-023-AA28569099
AC-MSR-023-01-09 | The platform must support country within collections intelligence. | Requirements: MSR-023-3E5750AFAA | Tests: TC-MSR-023-3E5750AFAA
AC-MSR-023-01-10 | The platform must support payment-day behavior within collections intelligence. | Requirements: MSR-023-F91FAB5A12 | Tests: TC-MSR-023-F91FAB5A12","MSR-023-065755B973;MSR-023-427CB660B2;MSR-023-83D75F1366;MSR-023-29FF29D442;MSR-023-9F8C0A74C7;MSR-023-2F14404C82;MSR-023-E7529B7ADD;MSR-023-AA28569099;MSR-023-3E5750AFAA;MSR-023-F91FAB5A12","TC-MSR-023-065755B973;TC-MSR-023-427CB660B2;TC-MSR-023-83D75F1366;TC-MSR-023-29FF29D442;TC-MSR-023-9F8C0A74C7;TC-MSR-023-2F14404C82;TC-MSR-023-E7529B7ADD;TC-MSR-023-AA28569099;TC-MSR-023-3E5750AFAA;TC-MSR-023-F91FAB5A12","Phase 4","Master specification §23"
"171","Story","COLLECTIONS INTELLIGENCE: requirement set 02","As a Collections Manager, I want the collections intelligence requirements delivered, so that the platform conforms to the traced master product specification.","","SUB-E012","12","US-MSR-023-02","sintius phase-4 master-specification","Medium","To Do","not_started","0","AC-MSR-023-02-01 | The platform must support payment promise history within collections intelligence. | Requirements: MSR-023-BD09D6A624 | Tests: TC-MSR-023-BD09D6A624
AC-MSR-023-02-02 | The platform must support dispute behavior. within collections intelligence. | Requirements: MSR-023-05F650A3AD | Tests: TC-MSR-023-05F650A3AD
AC-MSR-023-02-03 | Product and implementation decisions must conform to this master-specification constraint: Payment Risk: LOW / MEDIUM / HIGH. | Requirements: MSR-023-3FB8B28C23 | Tests: TC-MSR-023-3FB8B28C23
AC-MSR-023-02-04 | Product and implementation decisions must conform to this master-specification constraint: with explainable contributing factors. | Requirements: MSR-023-5E7E3BE45A | Tests: TC-MSR-023-5E7E3BE45A
AC-MSR-023-02-05 | Never use sensitive protected attributes. | Requirements: MSR-023-6F379D3F49 | Tests: TC-MSR-023-6F379D3F49","MSR-023-BD09D6A624;MSR-023-05F650A3AD;MSR-023-3FB8B28C23;MSR-023-5E7E3BE45A;MSR-023-6F379D3F49","TC-MSR-023-BD09D6A624;TC-MSR-023-05F650A3AD;TC-MSR-023-3FB8B28C23;TC-MSR-023-5E7E3BE45A;TC-MSR-023-6F379D3F49","Phase 4","Master specification §23"
"172","Story","PRE-DUE COLLECTIONS: requirement set 01","As a Collections Manager, I want the pre-due collections requirements delivered, so that the platform conforms to the traced master product specification.","","SUB-E012","12","US-MSR-024-01","sintius phase-4 master-specification","Medium","To Do","not_started","0","AC-MSR-024-01-01 | Product and implementation decisions must conform to this master-specification constraint: Invoice due September 30. | Requirements: MSR-024-97040C157B | Tests: TC-MSR-024-97040C157B
AC-MSR-024-01-02 | Product and implementation decisions must conform to this master-specification constraint: System predicts high likelihood of failure. | Requirements: MSR-024-46A0D50387 | Tests: TC-MSR-024-46A0D50387
AC-MSR-024-01-03 | Product and implementation decisions must conform to this master-specification constraint: September 23: ""Your payment method expires this month. | Requirements: MSR-024-83821D6F5C | Tests: TC-MSR-024-83821D6F5C
AC-MSR-024-01-04 | Product and implementation decisions must conform to this master-specification constraint: September 26: ""Your upcoming invoice is ₹18,400. | Requirements: MSR-024-70BDB33BA2 | Tests: TC-MSR-024-70BDB33BA2
AC-MSR-024-01-05 | Product and implementation decisions must conform to this master-specification constraint: September 29: ""Payment is due tomorrow. | Requirements: MSR-024-B728CE7CCF | Tests: TC-MSR-024-B728CE7CCF
AC-MSR-024-01-06 | Product and implementation decisions must conform to this master-specification constraint: Confirm payment method. | Requirements: MSR-024-D0A4146BA6 | Tests: TC-MSR-024-D0A4146BA6
AC-MSR-024-01-07 | Product and implementation decisions must conform to this master-specification constraint: September 30: Attempt collection at historically successful time. | Requirements: MSR-024-3DD5435BDB | Tests: TC-MSR-024-3DD5435BDB","MSR-024-97040C157B;MSR-024-46A0D50387;MSR-024-83821D6F5C;MSR-024-70BDB33BA2;MSR-024-B728CE7CCF;MSR-024-D0A4146BA6;MSR-024-3DD5435BDB","TC-MSR-024-97040C157B;TC-MSR-024-46A0D50387;TC-MSR-024-83821D6F5C;TC-MSR-024-70BDB33BA2;TC-MSR-024-B728CE7CCF;TC-MSR-024-D0A4146BA6;TC-MSR-024-3DD5435BDB","Phase 4","Master specification §24"
"173","Story","OMNICHANNEL COLLECTIONS: requirement set 01","As a Collections Manager, I want the omnichannel collections requirements delivered, so that the platform conforms to the traced master product specification.","","SUB-E012","12","US-MSR-025-01","sintius phase-4 master-specification","Medium","To Do","not_started","0","AC-MSR-025-01-01 | The platform must support email within omnichannel collections. | Requirements: MSR-025-28A0FB29FE | Tests: TC-MSR-025-28A0FB29FE
AC-MSR-025-01-02 | The platform must support SMS within omnichannel collections. | Requirements: MSR-025-2B575452F0 | Tests: TC-MSR-025-2B575452F0
AC-MSR-025-01-03 | The platform must support WhatsApp within omnichannel collections. | Requirements: MSR-025-2E51A7596B | Tests: TC-MSR-025-2E51A7596B
AC-MSR-025-01-04 | The platform must support mobile push within omnichannel collections. | Requirements: MSR-025-0AE540AE05 | Tests: TC-MSR-025-0AE540AE05
AC-MSR-025-01-05 | The platform must support in-app within omnichannel collections. | Requirements: MSR-025-A62EEFB49E | Tests: TC-MSR-025-A62EEFB49E
AC-MSR-025-01-06 | The platform must support customer portal within omnichannel collections. | Requirements: MSR-025-B4D63C1797 | Tests: TC-MSR-025-B4D63C1797
AC-MSR-025-01-07 | The platform must support chatbot within omnichannel collections. | Requirements: MSR-025-C02B24E26D | Tests: TC-MSR-025-C02B24E26D
AC-MSR-025-01-08 | The platform must support account-manager task. within omnichannel collections. | Requirements: MSR-025-BAB17A0CE2 | Tests: TC-MSR-025-BAB17A0CE2
AC-MSR-025-01-09 | Product and implementation decisions must conform to this master-specification constraint: Payment Due ↓ Has autopay? | Requirements: MSR-025-A4F41E39EB | Tests: TC-MSR-025-A4F41E39EB
AC-MSR-025-01-10 | Product and implementation decisions must conform to this master-specification constraint: YES → schedule collection NO → send reminder ↓ Payment successful? | Requirements: MSR-025-84BA541174 | Tests: TC-MSR-025-84BA541174","MSR-025-28A0FB29FE;MSR-025-2B575452F0;MSR-025-2E51A7596B;MSR-025-0AE540AE05;MSR-025-A62EEFB49E;MSR-025-B4D63C1797;MSR-025-C02B24E26D;MSR-025-BAB17A0CE2;MSR-025-A4F41E39EB;MSR-025-84BA541174","TC-MSR-025-28A0FB29FE;TC-MSR-025-2B575452F0;TC-MSR-025-2E51A7596B;TC-MSR-025-0AE540AE05;TC-MSR-025-A62EEFB49E;TC-MSR-025-B4D63C1797;TC-MSR-025-C02B24E26D;TC-MSR-025-BAB17A0CE2;TC-MSR-025-A4F41E39EB;TC-MSR-025-84BA541174","Phase 4","Master specification §25"
"174","Story","OMNICHANNEL COLLECTIONS: requirement set 02","As a Collections Manager, I want the omnichannel collections requirements delivered, so that the platform conforms to the traced master product specification.","","SUB-E012","12","US-MSR-025-02","sintius phase-4 master-specification","Medium","To Do","not_started","0","AC-MSR-025-02-01 | Product and implementation decisions must conform to this master-specification constraint: YES → receipt NO ↓ Risk score? | Requirements: MSR-025-AFF4ADCBD9 | Tests: TC-MSR-025-AFF4ADCBD9
AC-MSR-025-02-02 | Product and implementation decisions must conform to this master-specification constraint: HIGH → alternative payment recommendation MEDIUM → retry LOW → standard reminder. | Requirements: MSR-025-87B3BFAA09 | Tests: TC-MSR-025-87B3BFAA09
AC-MSR-025-02-03 | Product and implementation decisions must conform to this master-specification constraint: Make workflows configurable through a visual designer. | Requirements: MSR-025-C51A5CEE15 | Tests: TC-MSR-025-C51A5CEE15","MSR-025-AFF4ADCBD9;MSR-025-87B3BFAA09;MSR-025-C51A5CEE15","TC-MSR-025-AFF4ADCBD9;TC-MSR-025-87B3BFAA09;TC-MSR-025-C51A5CEE15","Phase 4","Master specification §25"
"175","Story","PAYMENT LINKS: requirement set 01","As a Payments Operations Manager, I want the payment links requirements delivered, so that the platform conforms to the traced master product specification.","","SUB-E009","9","US-MSR-026-01","sintius phase-4 master-specification","Medium","To Do","not_started","0","AC-MSR-026-01-01 | Generate secure, expiring payment links. | Requirements: MSR-026-725522D8FC | Tests: TC-MSR-026-725522D8FC
AC-MSR-026-01-02 | The subscriber should be able to complete payment with minimal steps. | Requirements: MSR-026-73C40DD16A | Tests: TC-MSR-026-73C40DD16A
AC-MSR-026-01-03 | No login should be mandatory when security policy permits payment through a signed link. | Requirements: MSR-026-1E706F4AB3 | Tests: TC-MSR-026-1E706F4AB3","MSR-026-725522D8FC;MSR-026-73C40DD16A;MSR-026-1E706F4AB3","TC-MSR-026-725522D8FC;TC-MSR-026-73C40DD16A;TC-MSR-026-1E706F4AB3","Phase 4","Master specification §26"
"176","Story","ONE-CLICK PAYMENT EXPERIENCE: requirement set 01","As a Payments Operations Manager, I want the one-click payment experience requirements delivered, so that the platform conforms to the traced master product specification.","","SUB-E009","9","US-MSR-027-01","sintius phase-4 master-specification","Medium","To Do","not_started","0","AC-MSR-027-01-01 | Product and implementation decisions must conform to this master-specification constraint: ""Your subscription payment of ₹1,499 is due tomorrow. | Requirements: MSR-027-4A18B60237 | Tests: TC-MSR-027-4A18B60237
AC-MSR-027-01-02 | Product and implementation decisions must conform to this master-specification constraint: [Pay ₹1,499]. | Requirements: MSR-027-8E10466F27 | Tests: TC-MSR-027-8E10466F27
AC-MSR-027-01-03 | Product and implementation decisions must conform to this master-specification constraint: [Change payment method]. | Requirements: MSR-027-29AFEF0A3B | Tests: TC-MSR-027-29AFEF0A3B
AC-MSR-027-01-04 | Product and implementation decisions must conform to this master-specification constraint: [Need help]. | Requirements: MSR-027-2545F11DE7 | Tests: TC-MSR-027-2545F11DE7
AC-MSR-027-01-05 | Do not deliberately introduce friction. | Requirements: MSR-027-FEA3B83897 | Tests: TC-MSR-027-FEA3B83897","MSR-027-4A18B60237;MSR-027-8E10466F27;MSR-027-29AFEF0A3B;MSR-027-2545F11DE7;MSR-027-FEA3B83897","TC-MSR-027-4A18B60237;TC-MSR-027-8E10466F27;TC-MSR-027-29AFEF0A3B;TC-MSR-027-2545F11DE7;TC-MSR-027-FEA3B83897","Phase 4","Master specification §27"
"177","Story","SUBSCRIBER PAYMENT INBOX: requirement set 01","As a Payments Operations Manager, I want the subscriber payment inbox requirements delivered, so that the platform conforms to the traced master product specification.","","SUB-E009","9","US-MSR-028-01","sintius phase-4 master-specification","Medium","To Do","not_started","0","AC-MSR-028-01-01 | Product and implementation decisions must conform to this master-specification constraint: Create a unified subscriber billing inbox. | Requirements: MSR-028-36F9568795 | Tests: TC-MSR-028-36F9568795
AC-MSR-028-01-02 | The platform must support Upcoming amount and due date within subscriber payment inbox. | Requirements: MSR-028-D080E2AE5E | Tests: TC-MSR-028-D080E2AE5E
AC-MSR-028-01-03 | The platform must support Overdue balances within subscriber payment inbox. | Requirements: MSR-028-BA88FA1C4B | Tests: TC-MSR-028-BA88FA1C4B
AC-MSR-028-01-04 | The platform must support Credits within subscriber payment inbox. | Requirements: MSR-028-38CB6C83C8 | Tests: TC-MSR-028-38CB6C83C8
AC-MSR-028-01-05 | The platform must support Autopay status within subscriber payment inbox. | Requirements: MSR-028-223D862F94 | Tests: TC-MSR-028-223D862F94
AC-MSR-028-01-06 | The platform must support Payment method. within subscriber payment inbox. | Requirements: MSR-028-ACCDB29857 | Tests: TC-MSR-028-ACCDB29857
AC-MSR-028-01-07 | Allow subscribers to pay multiple invoices together where supported. | Requirements: MSR-028-B0180F8CA9 | Tests: TC-MSR-028-B0180F8CA9","MSR-028-36F9568795;MSR-028-D080E2AE5E;MSR-028-BA88FA1C4B;MSR-028-38CB6C83C8;MSR-028-223D862F94;MSR-028-ACCDB29857;MSR-028-B0180F8CA9","TC-MSR-028-36F9568795;TC-MSR-028-D080E2AE5E;TC-MSR-028-BA88FA1C4B;TC-MSR-028-38CB6C83C8;TC-MSR-028-223D862F94;TC-MSR-028-ACCDB29857;TC-MSR-028-B0180F8CA9","Phase 4","Master specification §28"
"178","Story","PAYMENT CALENDAR: requirement set 01","As a Payments Operations Manager, I want the payment calendar requirements delivered, so that the platform conforms to the traced master product specification.","","SUB-E009","9","US-MSR-029-01","sintius phase-4 master-specification","Medium","To Do","not_started","0","AC-MSR-029-01-01 | The platform must support upcoming charges within payment calendar. | Requirements: MSR-029-D7CCB5D497 | Tests: TC-MSR-029-D7CCB5D497
AC-MSR-029-01-02 | The platform must support expected invoice amounts within payment calendar. | Requirements: MSR-029-C2B7501DBE | Tests: TC-MSR-029-C2B7501DBE
AC-MSR-029-01-03 | The platform must support renewals within payment calendar. | Requirements: MSR-029-A62EE66731 | Tests: TC-MSR-029-A62EE66731
AC-MSR-029-01-04 | The platform must support trial endings within payment calendar. | Requirements: MSR-029-F8AEC59BE7 | Tests: TC-MSR-029-F8AEC59BE7
AC-MSR-029-01-05 | The platform must support promotional expiries within payment calendar. | Requirements: MSR-029-D9EF907ED9 | Tests: TC-MSR-029-D9EF907ED9
AC-MSR-029-01-06 | The platform must support scheduled price changes. within payment calendar. | Requirements: MSR-029-33A4E0E050 | Tests: TC-MSR-029-33A4E0E050
AC-MSR-029-01-07 | Product and implementation decisions must conform to this master-specification constraint: This reduces surprise and bill shock. | Requirements: MSR-029-BC9C6C284D | Tests: TC-MSR-029-BC9C6C284D","MSR-029-D7CCB5D497;MSR-029-C2B7501DBE;MSR-029-A62EE66731;MSR-029-F8AEC59BE7;MSR-029-D9EF907ED9;MSR-029-33A4E0E050;MSR-029-BC9C6C284D","TC-MSR-029-D7CCB5D497;TC-MSR-029-C2B7501DBE;TC-MSR-029-A62EE66731;TC-MSR-029-F8AEC59BE7;TC-MSR-029-D9EF907ED9;TC-MSR-029-33A4E0E050;TC-MSR-029-BC9C6C284D","Phase 4","Master specification §29"
"179","Story","BILL SHOCK PREVENTION: requirement set 01","As a Payments Operations Manager, I want the bill shock prevention requirements delivered, so that the platform conforms to the traced master product specification.","","SUB-E009","9","US-MSR-030-01","sintius phase-4 master-specification","Medium","To Do","not_started","0","AC-MSR-030-01-01 | Product and implementation decisions must conform to this master-specification constraint: Continuously monitor expected consumption. | Requirements: MSR-030-8AAED3E670 | Tests: TC-MSR-030-8AAED3E670
AC-MSR-030-01-02 | Product and implementation decisions must conform to this master-specification constraint: ""You have consumed 85% of your monthly API allocation. | Requirements: MSR-030-922BE8C47A | Tests: TC-MSR-030-922BE8C47A
AC-MSR-030-01-03 | Product and implementation decisions must conform to this master-specification constraint: ""At your current usage rate your bill may reach approximately ₹14,300 versus your normal ₹8,000. | Requirements: MSR-030-947712D975 | Tests: TC-MSR-030-947712D975
AC-MSR-030-01-04 | The platform must support Upgrade plan within bill shock prevention. | Requirements: MSR-030-9FC48C27F0 | Tests: TC-MSR-030-9FC48C27F0
AC-MSR-030-01-05 | The platform must support Set usage limit within bill shock prevention. | Requirements: MSR-030-F4BC078E8B | Tests: TC-MSR-030-F4BC078E8B
AC-MSR-030-01-06 | The platform must support Alert at threshold within bill shock prevention. | Requirements: MSR-030-FF7CA7B8EF | Tests: TC-MSR-030-FF7CA7B8EF
AC-MSR-030-01-07 | The platform must support Continue within bill shock prevention. | Requirements: MSR-030-D88C131B17 | Tests: TC-MSR-030-D88C131B17
AC-MSR-030-01-08 | This should be a core customer-trust capability. | Requirements: MSR-030-63621C3E95 | Tests: TC-MSR-030-63621C3E95","MSR-030-8AAED3E670;MSR-030-922BE8C47A;MSR-030-947712D975;MSR-030-9FC48C27F0;MSR-030-F4BC078E8B;MSR-030-FF7CA7B8EF;MSR-030-D88C131B17;MSR-030-63621C3E95","TC-MSR-030-8AAED3E670;TC-MSR-030-922BE8C47A;TC-MSR-030-947712D975;TC-MSR-030-9FC48C27F0;TC-MSR-030-F4BC078E8B;TC-MSR-030-FF7CA7B8EF;TC-MSR-030-D88C131B17;TC-MSR-030-63621C3E95","Phase 4","Master specification §30"
"180","Story","FLEXIBLE PAYMENT ARRANGEMENTS: requirement set 01","As a Subscriber, I want the flexible payment arrangements requirements delivered, so that the platform conforms to the traced master product specification.","","SUB-E010","10","US-MSR-031-01","sintius phase-4 master-specification","Medium","To Do","not_started","0","AC-MSR-031-01-01 | The platform must support request extension within flexible payment arrangements. | Requirements: MSR-031-6E8B8C331F | Tests: TC-MSR-031-6E8B8C331F
AC-MSR-031-01-02 | The platform must support split invoice within flexible payment arrangements. | Requirements: MSR-031-3AFFA0C634 | Tests: TC-MSR-031-3AFFA0C634
AC-MSR-031-01-03 | The platform must support establish installment plan within flexible payment arrangements. | Requirements: MSR-031-8636B883EA | Tests: TC-MSR-031-8636B883EA
AC-MSR-031-01-04 | The platform must support change billing day within flexible payment arrangements. | Requirements: MSR-031-B4A881B3E4 | Tests: TC-MSR-031-B4A881B3E4
AC-MSR-031-01-05 | The platform must support select alternative payment method within flexible payment arrangements. | Requirements: MSR-031-8C1ABA933A | Tests: TC-MSR-031-8C1ABA933A
AC-MSR-031-01-06 | The platform must support use wallet balance within flexible payment arrangements. | Requirements: MSR-031-1FB9BF569C | Tests: TC-MSR-031-1FB9BF569C
AC-MSR-031-01-07 | The platform must support redeem credits. within flexible payment arrangements. | Requirements: MSR-031-020D54A12C | Tests: TC-MSR-031-020D54A12C
AC-MSR-031-01-08 | Product and implementation decisions must conform to this master-specification constraint: Merchant defines eligibility rules. | Requirements: MSR-031-E2A47CF493 | Tests: TC-MSR-031-E2A47CF493
AC-MSR-031-01-09 | AI can recommend but may not independently approve exceptions outside policy. | Requirements: MSR-031-1E585F3359 | Tests: TC-MSR-031-1E585F3359","MSR-031-6E8B8C331F;MSR-031-3AFFA0C634;MSR-031-8636B883EA;MSR-031-B4A881B3E4;MSR-031-8C1ABA933A;MSR-031-1FB9BF569C;MSR-031-020D54A12C;MSR-031-E2A47CF493;MSR-031-1E585F3359","TC-MSR-031-6E8B8C331F;TC-MSR-031-3AFFA0C634;TC-MSR-031-8636B883EA;TC-MSR-031-B4A881B3E4;TC-MSR-031-8C1ABA933A;TC-MSR-031-1FB9BF569C;TC-MSR-031-020D54A12C;TC-MSR-031-E2A47CF493;TC-MSR-031-1E585F3359","Phase 4","Master specification §31"
"181","Story","CUSTOMER SELF-SERVICE PORTAL: requirement set 01","As a Subscriber, I want the customer self-service portal requirements delivered, so that the platform conforms to the traced master product specification.","","SUB-E010","10","US-MSR-032-01","sintius phase-4 master-specification","Medium","To Do","not_started","0","AC-MSR-032-01-01 | The portal must feel closer to a polished consumer fintech product than enterprise billing software. | Requirements: MSR-032-3B64A5D20E | Tests: TC-MSR-032-3B64A5D20E
AC-MSR-032-01-02 | Home Subscriptions Usage Bills Payments Payment Methods Orders Credits Support. | Requirements: MSR-032-3C1BA92033 | Tests: TC-MSR-032-3C1BA92033
AC-MSR-032-01-03 | The platform must support upgrade within customer self-service portal. | Requirements: MSR-032-113D468856 | Tests: TC-MSR-032-113D468856
AC-MSR-032-01-04 | The platform must support downgrade within customer self-service portal. | Requirements: MSR-032-D20A64C179 | Tests: TC-MSR-032-D20A64C179
AC-MSR-032-01-05 | The platform must support pause within customer self-service portal. | Requirements: MSR-032-6D2A4336B1 | Tests: TC-MSR-032-6D2A4336B1
AC-MSR-032-01-06 | The platform must support resume within customer self-service portal. | Requirements: MSR-032-BD5830A440 | Tests: TC-MSR-032-BD5830A440
AC-MSR-032-01-07 | The platform must support add seats within customer self-service portal. | Requirements: MSR-032-AC5FF0145A | Tests: TC-MSR-032-AC5FF0145A
AC-MSR-032-01-08 | The platform must support remove seats within customer self-service portal. | Requirements: MSR-032-C8D197000B | Tests: TC-MSR-032-C8D197000B
AC-MSR-032-01-09 | The platform must support buy add-ons within customer self-service portal. | Requirements: MSR-032-B7F0A9BBD7 | Tests: TC-MSR-032-B7F0A9BBD7
AC-MSR-032-01-10 | The platform must support cancel within customer self-service portal. | Requirements: MSR-032-E1C234EDF2 | Tests: TC-MSR-032-E1C234EDF2","MSR-032-3B64A5D20E;MSR-032-3C1BA92033;MSR-032-113D468856;MSR-032-D20A64C179;MSR-032-6D2A4336B1;MSR-032-BD5830A440;MSR-032-AC5FF0145A;MSR-032-C8D197000B;MSR-032-B7F0A9BBD7;MSR-032-E1C234EDF2","TC-MSR-032-3B64A5D20E;TC-MSR-032-3C1BA92033;TC-MSR-032-113D468856;TC-MSR-032-D20A64C179;TC-MSR-032-6D2A4336B1;TC-MSR-032-BD5830A440;TC-MSR-032-AC5FF0145A;TC-MSR-032-C8D197000B;TC-MSR-032-B7F0A9BBD7;TC-MSR-032-E1C234EDF2","Phase 4","Master specification §32"
"182","Story","CUSTOMER SELF-SERVICE PORTAL: requirement set 02","As a Subscriber, I want the customer self-service portal requirements delivered, so that the platform conforms to the traced master product specification.","","SUB-E010","10","US-MSR-032-02","sintius phase-4 master-specification","Medium","To Do","not_started","0","AC-MSR-032-02-01 | The platform must support renew within customer self-service portal. | Requirements: MSR-032-FF8A1032F0 | Tests: TC-MSR-032-FF8A1032F0
AC-MSR-032-02-02 | The platform must support change billing frequency within customer self-service portal. | Requirements: MSR-032-13734A4B10 | Tests: TC-MSR-032-13734A4B10
AC-MSR-032-02-03 | The platform must support update payment methods within customer self-service portal. | Requirements: MSR-032-B9F848201B | Tests: TC-MSR-032-B9F848201B
AC-MSR-032-02-04 | The platform must support download invoices within customer self-service portal. | Requirements: MSR-032-90F733BBA0 | Tests: TC-MSR-032-90F733BBA0
AC-MSR-032-02-05 | The platform must support inspect usage within customer self-service portal. | Requirements: MSR-032-57FB109DB9 | Tests: TC-MSR-032-57FB109DB9
AC-MSR-032-02-06 | The platform must support pay balances within customer self-service portal. | Requirements: MSR-032-76214E6E76 | Tests: TC-MSR-032-76214E6E76
AC-MSR-032-02-07 | The platform must support configure alerts. within customer self-service portal. | Requirements: MSR-032-85DEAF8C0C | Tests: TC-MSR-032-85DEAF8C0C","MSR-032-FF8A1032F0;MSR-032-13734A4B10;MSR-032-B9F848201B;MSR-032-90F733BBA0;MSR-032-57FB109DB9;MSR-032-76214E6E76;MSR-032-85DEAF8C0C","TC-MSR-032-FF8A1032F0;TC-MSR-032-13734A4B10;TC-MSR-032-B9F848201B;TC-MSR-032-90F733BBA0;TC-MSR-032-57FB109DB9;TC-MSR-032-76214E6E76;TC-MSR-032-85DEAF8C0C","Phase 4","Master specification §32"
"183","Story","EXPLAINABLE BILLING: requirement set 01","As a Subscriber, I want the explainable billing requirements delivered, so that the platform conforms to the traced master product specification.","","SUB-E010","10","US-MSR-033-01","sintius phase-4 master-specification","Medium","To Do","not_started","0","AC-MSR-033-01-01 | Product and implementation decisions must conform to this master-specification constraint: ""Why is my bill higher than last month? | Requirements: MSR-033-B18E960E00 | Tests: TC-MSR-033-B18E960E00
AC-MSR-033-01-02 | System should ground its response in actual bill data. | Requirements: MSR-033-12753F02CA | Tests: TC-MSR-033-12753F02CA
AC-MSR-033-01-03 | Product and implementation decisions must conform to this master-specification constraint: ""Your September bill increased by ₹1,240. | Requirements: MSR-033-9AFA7B8283 | Tests: TC-MSR-033-9AFA7B8283
AC-MSR-033-01-04 | Product and implementation decisions must conform to this master-specification constraint: ₹920 resulted from 460 additional premium API requests and ₹320 resulted from adding two seats on September 12. | Requirements: MSR-033-08C3ED34AF | Tests: TC-MSR-033-08C3ED34AF
AC-MSR-033-01-05 | Every explanation should reference actual underlying transaction records. | Requirements: MSR-033-20871FBF73 | Tests: TC-MSR-033-20871FBF73","MSR-033-B18E960E00;MSR-033-12753F02CA;MSR-033-9AFA7B8283;MSR-033-08C3ED34AF;MSR-033-20871FBF73","TC-MSR-033-B18E960E00;TC-MSR-033-12753F02CA;TC-MSR-033-9AFA7B8283;TC-MSR-033-08C3ED34AF;TC-MSR-033-20871FBF73","Phase 4","Master specification §33"
"184","Story","CUSTOMER-SPECIFIC PERSONALIZATION: requirement set 01","As a Subscriber, I want the customer-specific personalization requirements delivered, so that the platform conforms to the traced master product specification.","","SUB-E010","10","US-MSR-034-01","sintius phase-4 master-specification","Medium","To Do","not_started","0","AC-MSR-034-01-01 | The platform must support account type within customer-specific personalization. | Requirements: MSR-034-EC586350C2 | Tests: TC-MSR-034-EC586350C2
AC-MSR-034-01-02 | The platform must support subscribed products within customer-specific personalization. | Requirements: MSR-034-AF04961727 | Tests: TC-MSR-034-AF04961727
AC-MSR-034-01-03 | The platform must support geography within customer-specific personalization. | Requirements: MSR-034-3FA88DC831 | Tests: TC-MSR-034-3FA88DC831
AC-MSR-034-01-04 | The platform must support lifecycle state within customer-specific personalization. | Requirements: MSR-034-077A5F5005 | Tests: TC-MSR-034-077A5F5005
AC-MSR-034-01-05 | The platform must support payment status. within customer-specific personalization. | Requirements: MSR-034-9FE048F8B3 | Tests: TC-MSR-034-9FE048F8B3
AC-MSR-034-01-06 | Do not dark-pattern subscribers into retaining subscriptions. | Requirements: MSR-034-0704FC55DA | Tests: TC-MSR-034-0704FC55DA
AC-MSR-034-01-07 | Cancellation should be transparent. | Requirements: MSR-034-996E2065F8 | Tests: TC-MSR-034-996E2065F8
AC-MSR-034-01-08 | Product and implementation decisions must conform to this master-specification constraint: Retention offers may be presented when merchant policy allows. | Requirements: MSR-034-5AE1C0BE8F | Tests: TC-MSR-034-5AE1C0BE8F","MSR-034-EC586350C2;MSR-034-AF04961727;MSR-034-3FA88DC831;MSR-034-077A5F5005;MSR-034-9FE048F8B3;MSR-034-0704FC55DA;MSR-034-996E2065F8;MSR-034-5AE1C0BE8F","TC-MSR-034-EC586350C2;TC-MSR-034-AF04961727;TC-MSR-034-3FA88DC831;TC-MSR-034-077A5F5005;TC-MSR-034-9FE048F8B3;TC-MSR-034-0704FC55DA;TC-MSR-034-996E2065F8;TC-MSR-034-5AE1C0BE8F","Phase 4","Master specification §34"
"185","Story","CHURN MANAGEMENT: requirement set 01","As a Subscriber, I want the churn management requirements delivered, so that the platform conforms to the traced master product specification.","","SUB-E010","10","US-MSR-035-01","sintius phase-4 master-specification","Medium","To Do","not_started","0","AC-MSR-035-01-01 | Implement voluntary and involuntary churn separately. | Requirements: MSR-035-C8A0069816 | Tests: TC-MSR-035-C8A0069816
AC-MSR-035-01-02 | Product and implementation decisions must conform to this master-specification constraint: Payment failure. | Requirements: MSR-035-441BCF2FFB | Tests: TC-MSR-035-441BCF2FFB
AC-MSR-035-01-03 | The platform must support pre-due reminders within churn management. | Requirements: MSR-035-D4E69C8510 | Tests: TC-MSR-035-D4E69C8510
AC-MSR-035-01-04 | The platform must support account updater within churn management. | Requirements: MSR-035-9DF8AE559E | Tests: TC-MSR-035-9DF8AE559E
AC-MSR-035-01-05 | The platform must support intelligent retries within churn management. | Requirements: MSR-035-92125E3BB1 | Tests: TC-MSR-035-92125E3BB1
AC-MSR-035-01-06 | The platform must support alternate rails within churn management. | Requirements: MSR-035-B68E6DC96F | Tests: TC-MSR-035-B68E6DC96F
AC-MSR-035-01-07 | The platform must support payment links within churn management. | Requirements: MSR-035-FB771978F1 | Tests: TC-MSR-035-FB771978F1
AC-MSR-035-01-08 | The platform must support collections workflows. within churn management. | Requirements: MSR-035-C15DD6E66E | Tests: TC-MSR-035-C15DD6E66E
AC-MSR-035-01-09 | Product and implementation decisions must conform to this master-specification constraint: Customer cancellation intent. | Requirements: MSR-035-9851F176B8 | Tests: TC-MSR-035-9851F176B8
AC-MSR-035-01-10 | The platform must support pause within churn management. | Requirements: MSR-035-5D752F0EF2 | Tests: TC-MSR-035-5D752F0EF2","MSR-035-C8A0069816;MSR-035-441BCF2FFB;MSR-035-D4E69C8510;MSR-035-9DF8AE559E;MSR-035-92125E3BB1;MSR-035-B68E6DC96F;MSR-035-FB771978F1;MSR-035-C15DD6E66E;MSR-035-9851F176B8;MSR-035-5D752F0EF2","TC-MSR-035-C8A0069816;TC-MSR-035-441BCF2FFB;TC-MSR-035-D4E69C8510;TC-MSR-035-9DF8AE559E;TC-MSR-035-92125E3BB1;TC-MSR-035-B68E6DC96F;TC-MSR-035-FB771978F1;TC-MSR-035-C15DD6E66E;TC-MSR-035-9851F176B8;TC-MSR-035-5D752F0EF2","Phase 4","Master specification §35"
"186","Story","CHURN MANAGEMENT: requirement set 02","As a Subscriber, I want the churn management requirements delivered, so that the platform conforms to the traced master product specification.","","SUB-E010","10","US-MSR-035-02","sintius phase-4 master-specification","Medium","To Do","not_started","0","AC-MSR-035-02-01 | The platform must support downgrade within churn management. | Requirements: MSR-035-009887BA06 | Tests: TC-MSR-035-009887BA06
AC-MSR-035-02-02 | The platform must support alternate package within churn management. | Requirements: MSR-035-D79AAC9079 | Tests: TC-MSR-035-D79AAC9079
AC-MSR-035-02-03 | The platform must support temporary discount. within churn management. | Requirements: MSR-035-8151C1728E | Tests: TC-MSR-035-8151C1728E
AC-MSR-035-02-04 | Product and implementation decisions must conform to this master-specification constraint: Respect immediate cancellation where contract and law permit it. | Requirements: MSR-035-970D8DD89D | Tests: TC-MSR-035-970D8DD89D","MSR-035-009887BA06;MSR-035-D79AAC9079;MSR-035-8151C1728E;MSR-035-970D8DD89D","TC-MSR-035-009887BA06;TC-MSR-035-D79AAC9079;TC-MSR-035-8151C1728E;TC-MSR-035-970D8DD89D","Phase 4","Master specification §35"
"187","Story","PROMOTIONS ENGINE: requirement set 01","As a Pricing Manager, I want the promotions engine requirements delivered, so that the platform conforms to the traced master product specification.","","SUB-E005","5","US-MSR-036-01","sintius phase-1 master-specification","Medium","To Do","not_started","0","AC-MSR-036-01-01 | The platform must support coupons within promotions engine. | Requirements: MSR-036-2C4E83FECD | Tests: TC-MSR-036-2C4E83FECD
AC-MSR-036-01-02 | The platform must support referral codes within promotions engine. | Requirements: MSR-036-F016EABBED | Tests: TC-MSR-036-F016EABBED
AC-MSR-036-01-03 | The platform must support loyalty programs within promotions engine. | Requirements: MSR-036-87BB356E8A | Tests: TC-MSR-036-87BB356E8A
AC-MSR-036-01-04 | The platform must support credits within promotions engine. | Requirements: MSR-036-6942B089B2 | Tests: TC-MSR-036-6942B089B2
AC-MSR-036-01-05 | The platform must support introductory offers within promotions engine. | Requirements: MSR-036-948C021203 | Tests: TC-MSR-036-948C021203
AC-MSR-036-01-06 | The platform must support bundles within promotions engine. | Requirements: MSR-036-2C7A7184B8 | Tests: TC-MSR-036-2C7A7184B8
AC-MSR-036-01-07 | The platform must support free months within promotions engine. | Requirements: MSR-036-069032BD37 | Tests: TC-MSR-036-069032BD37
AC-MSR-036-01-08 | The platform must support percentage discount within promotions engine. | Requirements: MSR-036-12BB99171F | Tests: TC-MSR-036-12BB99171F
AC-MSR-036-01-09 | The platform must support fixed discounts. within promotions engine. | Requirements: MSR-036-24AEF25E68 | Tests: TC-MSR-036-24AEF25E68
AC-MSR-036-01-10 | The platform must support market within promotions engine. | Requirements: MSR-036-5C124AD033 | Tests: TC-MSR-036-5C124AD033","MSR-036-2C4E83FECD;MSR-036-F016EABBED;MSR-036-87BB356E8A;MSR-036-6942B089B2;MSR-036-948C021203;MSR-036-2C7A7184B8;MSR-036-069032BD37;MSR-036-12BB99171F;MSR-036-24AEF25E68;MSR-036-5C124AD033","TC-MSR-036-2C4E83FECD;TC-MSR-036-F016EABBED;TC-MSR-036-87BB356E8A;TC-MSR-036-6942B089B2;TC-MSR-036-948C021203;TC-MSR-036-2C7A7184B8;TC-MSR-036-069032BD37;TC-MSR-036-12BB99171F;TC-MSR-036-24AEF25E68;TC-MSR-036-5C124AD033","Phase 1","Master specification §36"
"188","Story","PROMOTIONS ENGINE: requirement set 02","As a Pricing Manager, I want the promotions engine requirements delivered, so that the platform conforms to the traced master product specification.","","SUB-E005","5","US-MSR-036-02","sintius phase-1 master-specification","Medium","To Do","not_started","0","AC-MSR-036-02-01 | The platform must support channel within promotions engine. | Requirements: MSR-036-684BB0AEF0 | Tests: TC-MSR-036-684BB0AEF0
AC-MSR-036-02-02 | The platform must support customer type within promotions engine. | Requirements: MSR-036-B78FDC42D4 | Tests: TC-MSR-036-B78FDC42D4
AC-MSR-036-02-03 | The platform must support product within promotions engine. | Requirements: MSR-036-58B32B2B63 | Tests: TC-MSR-036-58B32B2B63
AC-MSR-036-02-04 | The platform must support date within promotions engine. | Requirements: MSR-036-20481038FC | Tests: TC-MSR-036-20481038FC
AC-MSR-036-02-05 | The platform must support cohort within promotions engine. | Requirements: MSR-036-8481F068E4 | Tests: TC-MSR-036-8481F068E4
AC-MSR-036-02-06 | The platform must support usage within promotions engine. | Requirements: MSR-036-ED0F0E1493 | Tests: TC-MSR-036-ED0F0E1493
AC-MSR-036-02-07 | The platform must support contract. within promotions engine. | Requirements: MSR-036-50ECCC28A0 | Tests: TC-MSR-036-50ECCC28A0","MSR-036-684BB0AEF0;MSR-036-B78FDC42D4;MSR-036-58B32B2B63;MSR-036-20481038FC;MSR-036-8481F068E4;MSR-036-ED0F0E1493;MSR-036-50ECCC28A0","TC-MSR-036-684BB0AEF0;TC-MSR-036-B78FDC42D4;TC-MSR-036-58B32B2B63;TC-MSR-036-20481038FC;TC-MSR-036-8481F068E4;TC-MSR-036-ED0F0E1493;TC-MSR-036-50ECCC28A0","Phase 1","Master specification §36"
"189","Story","TAX ENGINE: requirement set 01","As a Integration Administrator, I want the tax engine requirements delivered, so that the platform conforms to the traced master product specification.","","SUB-E016","16","US-MSR-037-01","sintius release-2 master-specification","Medium","To Do","not_started","0","AC-MSR-037-01-01 | Product and implementation decisions must conform to this master-specification constraint: Design provider-neutral taxation. | Requirements: MSR-037-F9B4B00952 | Tests: TC-MSR-037-F9B4B00952
AC-MSR-037-01-02 | The platform must support Avalara within tax engine. | Requirements: MSR-037-66677BE8BD | Tests: TC-MSR-037-66677BE8BD
AC-MSR-037-01-03 | The platform must support Vertex within tax engine. | Requirements: MSR-037-53AE4D42CE | Tests: TC-MSR-037-53AE4D42CE
AC-MSR-037-01-04 | The platform must support TaxJar within tax engine. | Requirements: MSR-037-C0B90F021F | Tests: TC-MSR-037-C0B90F021F
AC-MSR-037-01-05 | The platform must support SAP tax services within tax engine. | Requirements: MSR-037-0A7114A9AE | Tests: TC-MSR-037-0A7114A9AE
AC-MSR-037-01-06 | The platform must support regional tax services. within tax engine. | Requirements: MSR-037-3C1186CAAA | Tests: TC-MSR-037-3C1186CAAA
AC-MSR-037-01-07 | The platform must support VAT within tax engine. | Requirements: MSR-037-F3F3910EB3 | Tests: TC-MSR-037-F3F3910EB3
AC-MSR-037-01-08 | The platform must support GST within tax engine. | Requirements: MSR-037-69C600C412 | Tests: TC-MSR-037-69C600C412
AC-MSR-037-01-09 | The platform must support sales tax within tax engine. | Requirements: MSR-037-5A71252950 | Tests: TC-MSR-037-5A71252950
AC-MSR-037-01-10 | The platform must support withholding tax within tax engine. | Requirements: MSR-037-B61F963BA9 | Tests: TC-MSR-037-B61F963BA9","MSR-037-F9B4B00952;MSR-037-66677BE8BD;MSR-037-53AE4D42CE;MSR-037-C0B90F021F;MSR-037-0A7114A9AE;MSR-037-3C1186CAAA;MSR-037-F3F3910EB3;MSR-037-69C600C412;MSR-037-5A71252950;MSR-037-B61F963BA9","TC-MSR-037-F9B4B00952;TC-MSR-037-66677BE8BD;TC-MSR-037-53AE4D42CE;TC-MSR-037-C0B90F021F;TC-MSR-037-0A7114A9AE;TC-MSR-037-3C1186CAAA;TC-MSR-037-F3F3910EB3;TC-MSR-037-69C600C412;TC-MSR-037-5A71252950;TC-MSR-037-B61F963BA9","Release 2","Master specification §37"
"190","Story","TAX ENGINE: requirement set 02","As a Integration Administrator, I want the tax engine requirements delivered, so that the platform conforms to the traced master product specification.","","SUB-E016","16","US-MSR-037-02","sintius release-2 master-specification","Medium","To Do","not_started","0","AC-MSR-037-02-01 | The platform must support reverse charge within tax engine. | Requirements: MSR-037-8445420014 | Tests: TC-MSR-037-8445420014
AC-MSR-037-02-02 | The platform must support tax exemptions. within tax engine. | Requirements: MSR-037-EAA1DCD754 | Tests: TC-MSR-037-EAA1DCD754
AC-MSR-037-02-03 | Product and implementation decisions must conform to this master-specification constraint: Determine tax based upon jurisdiction and configurable merchant rules. | Requirements: MSR-037-9305DE98F0 | Tests: TC-MSR-037-9305DE98F0","MSR-037-8445420014;MSR-037-EAA1DCD754;MSR-037-9305DE98F0","TC-MSR-037-8445420014;TC-MSR-037-EAA1DCD754;TC-MSR-037-9305DE98F0","Release 2","Master specification §37"
"191","Story","MULTI-CURRENCY: requirement set 01","As a Billing Administrator, I want the multi-currency requirements delivered, so that the platform conforms to the traced master product specification.","","SUB-E007","7","US-MSR-038-01","sintius release-2 master-specification","Medium","To Do","not_started","0","AC-MSR-038-01-01 | The platform must support transaction currency within multi-currency. | Requirements: MSR-038-4E8FF534B9 | Tests: TC-MSR-038-4E8FF534B9
AC-MSR-038-01-02 | The platform must support billing currency within multi-currency. | Requirements: MSR-038-6A8911288B | Tests: TC-MSR-038-6A8911288B
AC-MSR-038-01-03 | The platform must support settlement currency within multi-currency. | Requirements: MSR-038-7520FB029F | Tests: TC-MSR-038-7520FB029F
AC-MSR-038-01-04 | The platform must support reporting currency. within multi-currency. | Requirements: MSR-038-72EE15E4FF | Tests: TC-MSR-038-72EE15E4FF
AC-MSR-038-01-05 | Maintain FX-rate source and timestamp. | Requirements: MSR-038-87E648A119 | Tests: TC-MSR-038-87E648A119
AC-MSR-038-01-06 | Never overwrite historical FX calculations. | Requirements: MSR-038-B673BC417A | Tests: TC-MSR-038-B673BC417A","MSR-038-4E8FF534B9;MSR-038-6A8911288B;MSR-038-7520FB029F;MSR-038-72EE15E4FF;MSR-038-87E648A119;MSR-038-B673BC417A","TC-MSR-038-4E8FF534B9;TC-MSR-038-6A8911288B;TC-MSR-038-7520FB029F;TC-MSR-038-72EE15E4FF;TC-MSR-038-87E648A119;TC-MSR-038-B673BC417A","Release 2","Master specification §38"
"192","Story","MULTI-ENTITY: requirement set 01","As a Finance Controller, I want the multi-entity requirements delivered, so that the platform conforms to the traced master product specification.","","SUB-E017","17","US-MSR-039-01","sintius release-2 master-specification","Medium","To Do","not_started","0","AC-MSR-039-01-01 | Support businesses operating across legal entities. | Requirements: MSR-039-B976A05E5A | Tests: TC-MSR-039-B976A05E5A
AC-MSR-039-01-02 | The platform must support tax registrations within multi-entity. | Requirements: MSR-039-010EEC1E0E | Tests: TC-MSR-039-010EEC1E0E
AC-MSR-039-01-03 | The platform must support invoice numbering within multi-entity. | Requirements: MSR-039-8207639CCE | Tests: TC-MSR-039-8207639CCE
AC-MSR-039-01-04 | The platform must support bank accounts within multi-entity. | Requirements: MSR-039-F62F1DC5E2 | Tests: TC-MSR-039-F62F1DC5E2
AC-MSR-039-01-05 | The platform must support gateways within multi-entity. | Requirements: MSR-039-B526FF9C18 | Tests: TC-MSR-039-B526FF9C18
AC-MSR-039-01-06 | The platform must support accounting integrations. within multi-entity. | Requirements: MSR-039-705EC4A226 | Tests: TC-MSR-039-705EC4A226","MSR-039-B976A05E5A;MSR-039-010EEC1E0E;MSR-039-8207639CCE;MSR-039-F62F1DC5E2;MSR-039-B526FF9C18;MSR-039-705EC4A226","TC-MSR-039-B976A05E5A;TC-MSR-039-010EEC1E0E;TC-MSR-039-8207639CCE;TC-MSR-039-F62F1DC5E2;TC-MSR-039-B526FF9C18;TC-MSR-039-705EC4A226","Release 2","Master specification §39"
"193","Story","MARKETPLACE SUPPORT: requirement set 01","As a Finance Controller, I want the marketplace support requirements delivered, so that the platform conforms to the traced master product specification.","","SUB-E017","17","US-MSR-040-01","sintius release-2 master-specification","Medium","To Do","not_started","0","AC-MSR-040-01-01 | Product and implementation decisions must conform to this master-specification constraint: Customer → Marketplace → Seller → Subscription. | Requirements: MSR-040-45373CAA03 | Tests: TC-MSR-040-45373CAA03
AC-MSR-040-01-02 | The platform must support commissions within marketplace support. | Requirements: MSR-040-C39627CBC3 | Tests: TC-MSR-040-C39627CBC3
AC-MSR-040-01-03 | The platform must support platform fees within marketplace support. | Requirements: MSR-040-09454F466A | Tests: TC-MSR-040-09454F466A
AC-MSR-040-01-04 | The platform must support seller settlement within marketplace support. | Requirements: MSR-040-FC170451F8 | Tests: TC-MSR-040-FC170451F8
AC-MSR-040-01-05 | The platform must support refunds within marketplace support. | Requirements: MSR-040-C53E1DF76F | Tests: TC-MSR-040-C53E1DF76F
AC-MSR-040-01-06 | The platform must support split payments within marketplace support. | Requirements: MSR-040-B7070D96B0 | Tests: TC-MSR-040-B7070D96B0
AC-MSR-040-01-07 | The platform must support seller statements within marketplace support. | Requirements: MSR-040-80FB46D08C | Tests: TC-MSR-040-80FB46D08C
AC-MSR-040-01-08 | The platform must support reconciliation. within marketplace support. | Requirements: MSR-040-22E83911E5 | Tests: TC-MSR-040-22E83911E5","MSR-040-45373CAA03;MSR-040-C39627CBC3;MSR-040-09454F466A;MSR-040-FC170451F8;MSR-040-C53E1DF76F;MSR-040-B7070D96B0;MSR-040-80FB46D08C;MSR-040-22E83911E5","TC-MSR-040-45373CAA03;TC-MSR-040-C39627CBC3;TC-MSR-040-09454F466A;TC-MSR-040-FC170451F8;TC-MSR-040-C53E1DF76F;TC-MSR-040-B7070D96B0;TC-MSR-040-80FB46D08C;TC-MSR-040-22E83911E5","Release 2","Master specification §40"
"194","Story","REVENUE RECOGNITION: requirement set 01","As a Finance Controller, I want the revenue recognition requirements delivered, so that the platform conforms to the traced master product specification.","","SUB-E017","17","US-MSR-041-01","sintius release-2 master-specification","Medium","To Do","not_started","0","AC-MSR-041-01-01 | Product and implementation decisions must conform to this master-specification constraint: Create a revenue subledger capable of supporting relevant accounting requirements including configurable recognition schedules. | Requirements: MSR-041-3974D08EAC | Tests: TC-MSR-041-3974D08EAC
AC-MSR-041-01-02 | Product and implementation decisions must conform to this master-specification constraint: Billing. | Requirements: MSR-041-2950C7915F | Tests: TC-MSR-041-2950C7915F
AC-MSR-041-01-03 | Product and implementation decisions must conform to this master-specification constraint: from. | Requirements: MSR-041-9A22A12115 | Tests: TC-MSR-041-9A22A12115
AC-MSR-041-01-04 | Product and implementation decisions must conform to this master-specification constraint: Revenue Recognition. | Requirements: MSR-041-B9CB5E7E68 | Tests: TC-MSR-041-B9CB5E7E68
AC-MSR-041-01-05 | The platform must support contract modifications within revenue recognition. | Requirements: MSR-041-A235518EA6 | Tests: TC-MSR-041-A235518EA6
AC-MSR-041-01-06 | The platform must support credits within revenue recognition. | Requirements: MSR-041-CF07241965 | Tests: TC-MSR-041-CF07241965
AC-MSR-041-01-07 | The platform must support refunds within revenue recognition. | Requirements: MSR-041-51FB6AFEDC | Tests: TC-MSR-041-51FB6AFEDC
AC-MSR-041-01-08 | The platform must support allocation rules within revenue recognition. | Requirements: MSR-041-30B1C8785F | Tests: TC-MSR-041-30B1C8785F
AC-MSR-041-01-09 | The platform must support deferred revenue. within revenue recognition. | Requirements: MSR-041-729AD6B3DE | Tests: TC-MSR-041-729AD6B3DE
AC-MSR-041-01-10 | Maintain immutable auditability. | Requirements: MSR-041-EC42712B08 | Tests: TC-MSR-041-EC42712B08","MSR-041-3974D08EAC;MSR-041-2950C7915F;MSR-041-9A22A12115;MSR-041-B9CB5E7E68;MSR-041-A235518EA6;MSR-041-CF07241965;MSR-041-51FB6AFEDC;MSR-041-30B1C8785F;MSR-041-729AD6B3DE;MSR-041-EC42712B08","TC-MSR-041-3974D08EAC;TC-MSR-041-2950C7915F;TC-MSR-041-9A22A12115;TC-MSR-041-B9CB5E7E68;TC-MSR-041-A235518EA6;TC-MSR-041-CF07241965;TC-MSR-041-51FB6AFEDC;TC-MSR-041-30B1C8785F;TC-MSR-041-729AD6B3DE;TC-MSR-041-EC42712B08","Release 2","Master specification §41"
"195","Story","FINANCE INTEGRATION: requirement set 01","As a Integration Administrator, I want the finance integration requirements delivered, so that the platform conforms to the traced master product specification.","","SUB-E016","16","US-MSR-042-01","sintius release-2 master-specification","Medium","To Do","not_started","0","AC-MSR-042-01-01 | The platform must support SAP S/4HANA within finance integration. | Requirements: MSR-042-7B614DAC2B | Tests: TC-MSR-042-7B614DAC2B
AC-MSR-042-01-02 | The platform must support SAP ECC within finance integration. | Requirements: MSR-042-3FD52725FE | Tests: TC-MSR-042-3FD52725FE
AC-MSR-042-01-03 | The platform must support Oracle Fusion within finance integration. | Requirements: MSR-042-DA35119CD7 | Tests: TC-MSR-042-DA35119CD7
AC-MSR-042-01-04 | The platform must support Oracle EBS within finance integration. | Requirements: MSR-042-47E9CDDF6D | Tests: TC-MSR-042-47E9CDDF6D
AC-MSR-042-01-05 | The platform must support NetSuite within finance integration. | Requirements: MSR-042-91BC22AD48 | Tests: TC-MSR-042-91BC22AD48
AC-MSR-042-01-06 | The platform must support Dynamics 365 Finance within finance integration. | Requirements: MSR-042-8C34486759 | Tests: TC-MSR-042-8C34486759
AC-MSR-042-01-07 | The platform must support QuickBooks within finance integration. | Requirements: MSR-042-943A41B471 | Tests: TC-MSR-042-943A41B471
AC-MSR-042-01-08 | The platform must support Xero within finance integration. | Requirements: MSR-042-E9894C0822 | Tests: TC-MSR-042-E9894C0822
AC-MSR-042-01-09 | The platform must support generic accounting systems. within finance integration. | Requirements: MSR-042-2F65A51EAC | Tests: TC-MSR-042-2F65A51EAC
AC-MSR-042-01-10 | Provide journal-level integration APIs. | Requirements: MSR-042-11ECDABCF1 | Tests: TC-MSR-042-11ECDABCF1","MSR-042-7B614DAC2B;MSR-042-3FD52725FE;MSR-042-DA35119CD7;MSR-042-47E9CDDF6D;MSR-042-91BC22AD48;MSR-042-8C34486759;MSR-042-943A41B471;MSR-042-E9894C0822;MSR-042-2F65A51EAC;MSR-042-11ECDABCF1","TC-MSR-042-7B614DAC2B;TC-MSR-042-3FD52725FE;TC-MSR-042-DA35119CD7;TC-MSR-042-47E9CDDF6D;TC-MSR-042-91BC22AD48;TC-MSR-042-8C34486759;TC-MSR-042-943A41B471;TC-MSR-042-E9894C0822;TC-MSR-042-2F65A51EAC;TC-MSR-042-11ECDABCF1","Release 2","Master specification §42"
"196","Story","FINANCE INTEGRATION: requirement set 02","As a Integration Administrator, I want the finance integration requirements delivered, so that the platform conforms to the traced master product specification.","","SUB-E016","16","US-MSR-042-02","sintius release-2 master-specification","Medium","To Do","not_started","0","AC-MSR-042-02-01 | The platform must support Accounts Receivable within finance integration. | Requirements: MSR-042-9CB411C717 | Tests: TC-MSR-042-9CB411C717
AC-MSR-042-02-02 | The platform must support Revenue within finance integration. | Requirements: MSR-042-17A49D04CD | Tests: TC-MSR-042-17A49D04CD
AC-MSR-042-02-03 | The platform must support Deferred Revenue within finance integration. | Requirements: MSR-042-7C47EED3C7 | Tests: TC-MSR-042-7C47EED3C7
AC-MSR-042-02-04 | The platform must support Cash within finance integration. | Requirements: MSR-042-55690AD8B6 | Tests: TC-MSR-042-55690AD8B6
AC-MSR-042-02-05 | The platform must support Tax within finance integration. | Requirements: MSR-042-F62450ACFF | Tests: TC-MSR-042-F62450ACFF
AC-MSR-042-02-06 | The platform must support Gateway Fees within finance integration. | Requirements: MSR-042-556D629CF9 | Tests: TC-MSR-042-556D629CF9
AC-MSR-042-02-07 | The platform must support Refunds within finance integration. | Requirements: MSR-042-D1C71EE0E7 | Tests: TC-MSR-042-D1C71EE0E7
AC-MSR-042-02-08 | The platform must support Write-offs. within finance integration. | Requirements: MSR-042-6BCB4C4A80 | Tests: TC-MSR-042-6BCB4C4A80","MSR-042-9CB411C717;MSR-042-17A49D04CD;MSR-042-7C47EED3C7;MSR-042-55690AD8B6;MSR-042-F62450ACFF;MSR-042-556D629CF9;MSR-042-D1C71EE0E7;MSR-042-6BCB4C4A80","TC-MSR-042-9CB411C717;TC-MSR-042-17A49D04CD;TC-MSR-042-7C47EED3C7;TC-MSR-042-55690AD8B6;TC-MSR-042-F62450ACFF;TC-MSR-042-556D629CF9;TC-MSR-042-D1C71EE0E7;TC-MSR-042-6BCB4C4A80","Release 2","Master specification §42"
"197","Story","RECONCILIATION ENGINE: requirement set 01","As a Finance Controller, I want the reconciliation engine requirements delivered, so that the platform conforms to the traced master product specification.","","SUB-E017","17","US-MSR-043-01","sintius release-2 master-specification","Medium","To Do","not_started","0","AC-MSR-043-01-01 | Product and implementation decisions must conform to this master-specification constraint: Invoice ↔ Payment ↔ Gateway Transaction ↔ Processor Settlement ↔ Bank Deposit ↔ General Ledger. | Requirements: MSR-043-240E391B55 | Tests: TC-MSR-043-240E391B55
AC-MSR-043-01-02 | Product and implementation decisions must conform to this master-specification constraint: Flag discrepancies. | Requirements: MSR-043-AC60EC6094 | Tests: TC-MSR-043-AC60EC6094","MSR-043-240E391B55;MSR-043-AC60EC6094","TC-MSR-043-240E391B55;TC-MSR-043-AC60EC6094","Release 2","Master specification §43"
"198","Story","REVENUE LEAKAGE DETECTION: requirement set 01","As a Revenue Operations Manager, I want the revenue leakage detection requirements delivered, so that the platform conforms to the traced master product specification.","","SUB-E015","15","US-MSR-044-01","sintius release-2 master-specification","Medium","To Do","not_started","0","AC-MSR-044-01-01 | The platform must support Usage without charge within revenue leakage detection. | Requirements: MSR-044-3FF6EB7B4A | Tests: TC-MSR-044-3FF6EB7B4A
AC-MSR-044-01-02 | The platform must support Entitlement without active subscription within revenue leakage detection. | Requirements: MSR-044-723B9FE958 | Tests: TC-MSR-044-723B9FE958
AC-MSR-044-01-03 | The platform must support Subscription without invoice within revenue leakage detection. | Requirements: MSR-044-36F975984A | Tests: TC-MSR-044-36F975984A
AC-MSR-044-01-04 | The platform must support Invoice without payment attempt within revenue leakage detection. | Requirements: MSR-044-91C2129DA4 | Tests: TC-MSR-044-91C2129DA4
AC-MSR-044-01-05 | The platform must support Payment without reconciliation within revenue leakage detection. | Requirements: MSR-044-9CCE6A5C16 | Tests: TC-MSR-044-9CCE6A5C16
AC-MSR-044-01-06 | The platform must support Incorrect price within revenue leakage detection. | Requirements: MSR-044-9FB5F615FB | Tests: TC-MSR-044-9FB5F615FB
AC-MSR-044-01-07 | The platform must support Unexpected discount within revenue leakage detection. | Requirements: MSR-044-026205BC00 | Tests: TC-MSR-044-026205BC00
AC-MSR-044-01-08 | The platform must support Expired promotion still active within revenue leakage detection. | Requirements: MSR-044-FC29ADDA6C | Tests: TC-MSR-044-FC29ADDA6C
AC-MSR-044-01-09 | The platform must support Missing usage feed within revenue leakage detection. | Requirements: MSR-044-4D594FFACA | Tests: TC-MSR-044-4D594FFACA
AC-MSR-044-01-10 | The platform must support Incorrect tax within revenue leakage detection. | Requirements: MSR-044-4FC561342A | Tests: TC-MSR-044-4FC561342A","MSR-044-3FF6EB7B4A;MSR-044-723B9FE958;MSR-044-36F975984A;MSR-044-91C2129DA4;MSR-044-9CCE6A5C16;MSR-044-9FB5F615FB;MSR-044-026205BC00;MSR-044-FC29ADDA6C;MSR-044-4D594FFACA;MSR-044-4FC561342A","TC-MSR-044-3FF6EB7B4A;TC-MSR-044-723B9FE958;TC-MSR-044-36F975984A;TC-MSR-044-91C2129DA4;TC-MSR-044-9CCE6A5C16;TC-MSR-044-9FB5F615FB;TC-MSR-044-026205BC00;TC-MSR-044-FC29ADDA6C;TC-MSR-044-4D594FFACA;TC-MSR-044-4FC561342A","Release 2","Master specification §44"
"199","Story","REVENUE LEAKAGE DETECTION: requirement set 02","As a Revenue Operations Manager, I want the revenue leakage detection requirements delivered, so that the platform conforms to the traced master product specification.","","SUB-E015","15","US-MSR-044-02","sintius release-2 master-specification","Medium","To Do","not_started","0","AC-MSR-044-02-01 | The platform must support Duplicate charge within revenue leakage detection. | Requirements: MSR-044-A4B75960AD | Tests: TC-MSR-044-A4B75960AD
AC-MSR-044-02-02 | The platform must support Unbilled contract commitment. within revenue leakage detection. | Requirements: MSR-044-079D3987EF | Tests: TC-MSR-044-079D3987EF
AC-MSR-044-02-03 | Every detection must include supporting evidence. | Requirements: MSR-044-A5A8EFCE37 | Tests: TC-MSR-044-A5A8EFCE37","MSR-044-A4B75960AD;MSR-044-079D3987EF;MSR-044-A5A8EFCE37","TC-MSR-044-A4B75960AD;TC-MSR-044-079D3987EF;TC-MSR-044-A5A8EFCE37","Release 2","Master specification §44"
"200","Story","DISPUTE MANAGEMENT: requirement set 01","As a Collections Manager, I want the dispute management requirements delivered, so that the platform conforms to the traced master product specification.","","SUB-E012","12","US-MSR-045-01","sintius phase-4 master-specification","Medium","To Do","not_started","0","AC-MSR-045-01-01 | The platform must support invoice within dispute management. | Requirements: MSR-045-61161DA6A2 | Tests: TC-MSR-045-61161DA6A2
AC-MSR-045-01-02 | The platform must support charge within dispute management. | Requirements: MSR-045-7427DCBCD2 | Tests: TC-MSR-045-7427DCBCD2
AC-MSR-045-01-03 | The platform must support usage within dispute management. | Requirements: MSR-045-3DD4C0FC3F | Tests: TC-MSR-045-3DD4C0FC3F
AC-MSR-045-01-04 | The platform must support tax within dispute management. | Requirements: MSR-045-32B802C778 | Tests: TC-MSR-045-32B802C778
AC-MSR-045-01-05 | The platform must support payment. within dispute management. | Requirements: MSR-045-8E239DE4C4 | Tests: TC-MSR-045-8E239DE4C4
AC-MSR-045-01-06 | Product and implementation decisions must conform to this master-specification constraint: Raised → Triaged → Investigated → Accepted / Rejected → Credit / Correction → Closed. | Requirements: MSR-045-F99DD3C961 | Tests: TC-MSR-045-F99DD3C961
AC-MSR-045-01-07 | Maintain SLA and audit trail. | Requirements: MSR-045-946788C39E | Tests: TC-MSR-045-946788C39E","MSR-045-61161DA6A2;MSR-045-7427DCBCD2;MSR-045-3DD4C0FC3F;MSR-045-32B802C778;MSR-045-8E239DE4C4;MSR-045-F99DD3C961;MSR-045-946788C39E","TC-MSR-045-61161DA6A2;TC-MSR-045-7427DCBCD2;TC-MSR-045-3DD4C0FC3F;TC-MSR-045-32B802C778;TC-MSR-045-8E239DE4C4;TC-MSR-045-F99DD3C961;TC-MSR-045-946788C39E","Phase 4","Master specification §45"
"201","Story","REFUND MANAGEMENT: requirement set 01","As a Payments Operations Manager, I want the refund management requirements delivered, so that the platform conforms to the traced master product specification.","","SUB-E009","9","US-MSR-046-01","sintius phase-3 master-specification","Medium","To Do","not_started","0","AC-MSR-046-01-01 | The platform must support full refund within refund management. | Requirements: MSR-046-833329A411 | Tests: TC-MSR-046-833329A411
AC-MSR-046-01-02 | The platform must support partial refund within refund management. | Requirements: MSR-046-77F7137CC0 | Tests: TC-MSR-046-77F7137CC0
AC-MSR-046-01-03 | The platform must support credit balance within refund management. | Requirements: MSR-046-2762F167CD | Tests: TC-MSR-046-2762F167CD
AC-MSR-046-01-04 | The platform must support future invoice credit. within refund management. | Requirements: MSR-046-75BD94F255 | Tests: TC-MSR-046-75BD94F255
AC-MSR-046-01-05 | The platform must support payment processor within refund management. | Requirements: MSR-046-24CF982960 | Tests: TC-MSR-046-24CF982960
AC-MSR-046-01-06 | The platform must support original transaction within refund management. | Requirements: MSR-046-7622BEB5E1 | Tests: TC-MSR-046-7622BEB5E1
AC-MSR-046-01-07 | The platform must support refundable amount within refund management. | Requirements: MSR-046-0D3F8869DB | Tests: TC-MSR-046-0D3F8869DB
AC-MSR-046-01-08 | The platform must support tax implications within refund management. | Requirements: MSR-046-542C3E4114 | Tests: TC-MSR-046-542C3E4114
AC-MSR-046-01-09 | The platform must support accounting implications. within refund management. | Requirements: MSR-046-97E83B42BF | Tests: TC-MSR-046-97E83B42BF","MSR-046-833329A411;MSR-046-77F7137CC0;MSR-046-2762F167CD;MSR-046-75BD94F255;MSR-046-24CF982960;MSR-046-7622BEB5E1;MSR-046-0D3F8869DB;MSR-046-542C3E4114;MSR-046-97E83B42BF","TC-MSR-046-833329A411;TC-MSR-046-77F7137CC0;TC-MSR-046-2762F167CD;TC-MSR-046-75BD94F255;TC-MSR-046-24CF982960;TC-MSR-046-7622BEB5E1;TC-MSR-046-0D3F8869DB;TC-MSR-046-542C3E4114;TC-MSR-046-97E83B42BF","Phase 3","Master specification §46"
"202","Story","AI REVENUE COPILOT: requirement set 01","As a Revenue Operations Manager, I want the ai revenue copilot requirements delivered, so that the platform conforms to the traced master product specification.","","SUB-E015","15","US-MSR-047-01","sintius phase-5 master-specification","Medium","To Do","not_started","0","AC-MSR-047-01-01 | Product and implementation decisions must conform to this master-specification constraint: Create a grounded AI assistant across the platform. | Requirements: MSR-047-59B4A08B9E | Tests: TC-MSR-047-59B4A08B9E
AC-MSR-047-01-02 | The platform must support ""Why did MRR drop last month?"" within ai revenue copilot. | Requirements: MSR-047-C5AE3C7664 | Tests: TC-MSR-047-C5AE3C7664
AC-MSR-047-01-03 | The platform must support ""Which subscribers are at risk of payment failure?"" within ai revenue copilot. | Requirements: MSR-047-DF495F08FC | Tests: TC-MSR-047-DF495F08FC
AC-MSR-047-01-04 | The platform must support ""Show subscriptions renewing next month above $100K."" within ai revenue copilot. | Requirements: MSR-047-FF201D7E8B | Tests: TC-MSR-047-FF201D7E8B
AC-MSR-047-01-05 | The platform must support ""Why wasn't Acme Corp invoiced?"" within ai revenue copilot. | Requirements: MSR-047-3EF411C8DA | Tests: TC-MSR-047-3EF411C8DA
AC-MSR-047-01-06 | The platform must support ""Create a pricing plan with $99 base plus $0.02 per API call beyond 50,000."" within ai revenue copilot. | Requirements: MSR-047-56F400E41C | Tests: TC-MSR-047-56F400E41C
AC-MSR-047-01-07 | The platform must support ""Simulate the impact of a 7% annual price increase."" within ai revenue copilot. | Requirements: MSR-047-2F4D417171 | Tests: TC-MSR-047-2F4D417171
AC-MSR-047-01-08 | The platform must support ""Which payment gateway has the lowest success rate in India?"" within ai revenue copilot. | Requirements: MSR-047-00B5CF6246 | Tests: TC-MSR-047-00B5CF6246
AC-MSR-047-01-09 | Product and implementation decisions must conform to this master-specification constraint: AI may prepare changes. | Requirements: MSR-047-43F961ACF6 | Tests: TC-MSR-047-43F961ACF6
AC-MSR-047-01-10 | It must not autonomously make financially material production configuration changes without policy-authorized approval. | Requirements: MSR-047-7616050F4E | Tests: TC-MSR-047-7616050F4E","MSR-047-59B4A08B9E;MSR-047-C5AE3C7664;MSR-047-DF495F08FC;MSR-047-FF201D7E8B;MSR-047-3EF411C8DA;MSR-047-56F400E41C;MSR-047-2F4D417171;MSR-047-00B5CF6246;MSR-047-43F961ACF6;MSR-047-7616050F4E","TC-MSR-047-59B4A08B9E;TC-MSR-047-C5AE3C7664;TC-MSR-047-DF495F08FC;TC-MSR-047-FF201D7E8B;TC-MSR-047-3EF411C8DA;TC-MSR-047-56F400E41C;TC-MSR-047-2F4D417171;TC-MSR-047-00B5CF6246;TC-MSR-047-43F961ACF6;TC-MSR-047-7616050F4E","Phase 5","Master specification §47"
"203","Story","NATURAL-LANGUAGE CONFIGURATION: requirement set 01","As a Revenue Operations Manager, I want the natural-language configuration requirements delivered, so that the platform conforms to the traced master product specification.","","SUB-E015","15","US-MSR-048-01","sintius phase-5 master-specification","Medium","To Do","not_started","0","AC-MSR-048-01-01 | ""Create a new Professional Plan at ₹2,499/month with 10 users included and ₹199 for every additional user. | Requirements: MSR-048-98715F7608 | Tests: TC-MSR-048-98715F7608
AC-MSR-048-01-02 | Product and implementation decisions must conform to this master-specification constraint: System generates configuration draft. | Requirements: MSR-048-A4D1E7202C | Tests: TC-MSR-048-A4D1E7202C
AC-MSR-048-01-03 | Display resulting rule. | Requirements: MSR-048-93527FBB9D | Tests: TC-MSR-048-93527FBB9D
AC-MSR-048-01-04 | Product and implementation decisions must conform to this master-specification constraint: User reviews. | Requirements: MSR-048-C262F1AEDA | Tests: TC-MSR-048-C262F1AEDA
AC-MSR-048-01-05 | Product and implementation decisions must conform to this master-specification constraint: User activates. | Requirements: MSR-048-96DDE73606 | Tests: TC-MSR-048-96DDE73606
AC-MSR-048-01-06 | AI-generated configurations must go through the same validations as manually created configurations. | Requirements: MSR-048-A4A05C8D29 | Tests: TC-MSR-048-A4A05C8D29","MSR-048-98715F7608;MSR-048-A4D1E7202C;MSR-048-93527FBB9D;MSR-048-C262F1AEDA;MSR-048-96DDE73606;MSR-048-A4A05C8D29","TC-MSR-048-98715F7608;TC-MSR-048-A4D1E7202C;TC-MSR-048-93527FBB9D;TC-MSR-048-C262F1AEDA;TC-MSR-048-96DDE73606;TC-MSR-048-A4A05C8D29","Phase 5","Master specification §48"
"204","Story","AUTONOMOUS REVENUE OPERATIONS: requirement set 01","As a Revenue Operations Manager, I want the autonomous revenue operations requirements delivered, so that the platform conforms to the traced master product specification.","","SUB-E015","15","US-MSR-049-01","sintius phase-5 master-specification","Medium","To Do","not_started","0","AC-MSR-049-01-01 | Implement bounded AI agents. | Requirements: MSR-049-F9BD6B5032 | Tests: TC-MSR-049-F9BD6B5032
AC-MSR-049-01-02 | The platform must support Collections Agent within autonomous revenue operations. | Requirements: MSR-049-335DB52526 | Tests: TC-MSR-049-335DB52526
AC-MSR-049-01-03 | The platform must support Leakage Agent within autonomous revenue operations. | Requirements: MSR-049-7880C3D9F0 | Tests: TC-MSR-049-7880C3D9F0
AC-MSR-049-01-04 | The platform must support Reconciliation Agent within autonomous revenue operations. | Requirements: MSR-049-A4F0075ABD | Tests: TC-MSR-049-A4F0075ABD
AC-MSR-049-01-05 | The platform must support Pricing Analyst Agent within autonomous revenue operations. | Requirements: MSR-049-06CD0CCEA5 | Tests: TC-MSR-049-06CD0CCEA5
AC-MSR-049-01-06 | The platform must support Customer Care Agent. within autonomous revenue operations. | Requirements: MSR-049-41F60A763A | Tests: TC-MSR-049-41F60A763A
AC-MSR-049-01-07 | All agent actions must be auditable. | Requirements: MSR-049-84BEA19AC0 | Tests: TC-MSR-049-84BEA19AC0","MSR-049-F9BD6B5032;MSR-049-335DB52526;MSR-049-7880C3D9F0;MSR-049-A4F0075ABD;MSR-049-06CD0CCEA5;MSR-049-41F60A763A;MSR-049-84BEA19AC0","TC-MSR-049-F9BD6B5032;TC-MSR-049-335DB52526;TC-MSR-049-7880C3D9F0;TC-MSR-049-A4F0075ABD;TC-MSR-049-06CD0CCEA5;TC-MSR-049-41F60A763A;TC-MSR-049-84BEA19AC0","Phase 5","Master specification §49"
"205","Story","BUSINESS RULES ENGINE: requirement set 01","As a Pricing Manager, I want the business rules engine requirements delivered, so that the platform conforms to the traced master product specification.","","SUB-E005","5","US-MSR-050-01","sintius phase-5 master-specification","Medium","To Do","not_started","0","AC-MSR-050-01-01 | Provide a general rule framework. | Requirements: MSR-050-CD0BB020BF | Tests: TC-MSR-050-CD0BB020BF
AC-MSR-050-01-02 | Product and implementation decisions must conform to this master-specification constraint: WHEN. | Requirements: MSR-050-55BB119A86 | Tests: TC-MSR-050-55BB119A86
AC-MSR-050-01-03 | Product and implementation decisions must conform to this master-specification constraint: invoice. | Requirements: MSR-050-B36C0D2CE5 | Tests: TC-MSR-050-B36C0D2CE5
AC-MSR-050-01-04 | Product and implementation decisions must conform to this master-specification constraint: amount > ₹100,000. | Requirements: MSR-050-6DF319D309 | Tests: TC-MSR-050-6DF319D309
AC-MSR-050-01-05 | Product and implementation decisions must conform to this master-specification constraint: AND. | Requirements: MSR-050-9854133D69-01 | Tests: TC-MSR-050-9854133D69-01
AC-MSR-050-01-06 | Product and implementation decisions must conform to this master-specification constraint: customer. | Requirements: MSR-050-0A3EE37DB6 | Tests: TC-MSR-050-0A3EE37DB6
AC-MSR-050-01-07 | Product and implementation decisions must conform to this master-specification constraint: segment = Enterprise. | Requirements: MSR-050-519F3B9583 | Tests: TC-MSR-050-519F3B9583
AC-MSR-050-01-08 | Product and implementation decisions must conform to this master-specification constraint: AND. | Requirements: MSR-050-9854133D69-02 | Tests: TC-MSR-050-9854133D69-02
AC-MSR-050-01-09 | Product and implementation decisions must conform to this master-specification constraint: payment_status = Failed. | Requirements: MSR-050-FA6573EF10 | Tests: TC-MSR-050-FA6573EF10
AC-MSR-050-01-10 | Product and implementation decisions must conform to this master-specification constraint: THEN. | Requirements: MSR-050-1C4DD3577A | Tests: TC-MSR-050-1C4DD3577A","MSR-050-CD0BB020BF;MSR-050-55BB119A86;MSR-050-B36C0D2CE5;MSR-050-6DF319D309;MSR-050-9854133D69-01;MSR-050-0A3EE37DB6;MSR-050-519F3B9583;MSR-050-9854133D69-02;MSR-050-FA6573EF10;MSR-050-1C4DD3577A","TC-MSR-050-CD0BB020BF;TC-MSR-050-55BB119A86;TC-MSR-050-B36C0D2CE5;TC-MSR-050-6DF319D309;TC-MSR-050-9854133D69-01;TC-MSR-050-0A3EE37DB6;TC-MSR-050-519F3B9583;TC-MSR-050-9854133D69-02;TC-MSR-050-FA6573EF10;TC-MSR-050-1C4DD3577A","Phase 5","Master specification §50"
"206","Story","BUSINESS RULES ENGINE: requirement set 02","As a Pricing Manager, I want the business rules engine requirements delivered, so that the platform conforms to the traced master product specification.","","SUB-E005","5","US-MSR-050-02","sintius phase-5 master-specification","Medium","To Do","not_started","0","AC-MSR-050-02-01 | Product and implementation decisions must conform to this master-specification constraint: assign Account Manager. | Requirements: MSR-050-EDEB8554EB | Tests: TC-MSR-050-EDEB8554EB
AC-MSR-050-02-02 | Product and implementation decisions must conform to this master-specification constraint: AND. | Requirements: MSR-050-9854133D69-03 | Tests: TC-MSR-050-9854133D69-03
AC-MSR-050-02-03 | Product and implementation decisions must conform to this master-specification constraint: send WhatsApp alert. | Requirements: MSR-050-534CA8C625 | Tests: TC-MSR-050-534CA8C625
AC-MSR-050-02-04 | Product and implementation decisions must conform to this master-specification constraint: AND. | Requirements: MSR-050-9854133D69-04 | Tests: TC-MSR-050-9854133D69-04
AC-MSR-050-02-05 | do not suspend service for 7 days. | Requirements: MSR-050-C4F765A80F | Tests: TC-MSR-050-C4F765A80F
AC-MSR-050-02-06 | Provide visual rule builder and advanced expression mode. | Requirements: MSR-050-5FE58721C4 | Tests: TC-MSR-050-5FE58721C4","MSR-050-EDEB8554EB;MSR-050-9854133D69-03;MSR-050-534CA8C625;MSR-050-9854133D69-04;MSR-050-C4F765A80F;MSR-050-5FE58721C4","TC-MSR-050-EDEB8554EB;TC-MSR-050-9854133D69-03;TC-MSR-050-534CA8C625;TC-MSR-050-9854133D69-04;TC-MSR-050-C4F765A80F;TC-MSR-050-5FE58721C4","Phase 5","Master specification §50"
"207","Story","WORKFLOW ENGINE: requirement set 01","As a Integration Administrator, I want the workflow engine requirements delivered, so that the platform conforms to the traced master product specification.","","SUB-E016","16","US-MSR-051-01","sintius phase-5 master-specification","Medium","To Do","not_started","0","AC-MSR-051-01-01 | Events should drive workflows. | Requirements: MSR-051-ADCBE787A6 | Tests: TC-MSR-051-ADCBE787A6
AC-MSR-051-01-02 | The platform must support subscription.created within workflow engine. | Requirements: MSR-051-B613D1EBBA | Tests: TC-MSR-051-B613D1EBBA
AC-MSR-051-01-03 | The platform must support subscription.renewed within workflow engine. | Requirements: MSR-051-65FECDB36E | Tests: TC-MSR-051-65FECDB36E
AC-MSR-051-01-04 | The platform must support usage.received within workflow engine. | Requirements: MSR-051-FFD464B017 | Tests: TC-MSR-051-FFD464B017
AC-MSR-051-01-05 | The platform must support invoice.generated within workflow engine. | Requirements: MSR-051-D5794FA912 | Tests: TC-MSR-051-D5794FA912
AC-MSR-051-01-06 | The platform must support invoice.due within workflow engine. | Requirements: MSR-051-022D9E76DA | Tests: TC-MSR-051-022D9E76DA
AC-MSR-051-01-07 | The platform must support payment.failed within workflow engine. | Requirements: MSR-051-19728FE469 | Tests: TC-MSR-051-19728FE469
AC-MSR-051-01-08 | The platform must support payment.received within workflow engine. | Requirements: MSR-051-4BA7A4829D | Tests: TC-MSR-051-4BA7A4829D
AC-MSR-051-01-09 | The platform must support contract.expiring. within workflow engine. | Requirements: MSR-051-5302BC363E | Tests: TC-MSR-051-5302BC363E
AC-MSR-051-01-10 | Product and implementation decisions must conform to this master-specification constraint: Trigger → Condition → Action → Wait → Branch → Approval → Integration. | Requirements: MSR-051-5797200825 | Tests: TC-MSR-051-5797200825","MSR-051-ADCBE787A6;MSR-051-B613D1EBBA;MSR-051-65FECDB36E;MSR-051-FFD464B017;MSR-051-D5794FA912;MSR-051-022D9E76DA;MSR-051-19728FE469;MSR-051-4BA7A4829D;MSR-051-5302BC363E;MSR-051-5797200825","TC-MSR-051-ADCBE787A6;TC-MSR-051-B613D1EBBA;TC-MSR-051-65FECDB36E;TC-MSR-051-FFD464B017;TC-MSR-051-D5794FA912;TC-MSR-051-022D9E76DA;TC-MSR-051-19728FE469;TC-MSR-051-4BA7A4829D;TC-MSR-051-5302BC363E;TC-MSR-051-5797200825","Phase 5","Master specification §51"
"208","Story","NO-CODE CUSTOMIZATION: requirement set 01","As a Integration Administrator, I want the no-code customization requirements delivered, so that the platform conforms to the traced master product specification.","","SUB-E016","16","US-MSR-052-01","sintius phase-5 master-specification","Medium","To Do","not_started","0","AC-MSR-052-01-01 | The platform must support objects within no-code customization. | Requirements: MSR-052-1B6EAAAC37 | Tests: TC-MSR-052-1B6EAAAC37
AC-MSR-052-01-02 | The platform must support fields within no-code customization. | Requirements: MSR-052-30753A6113 | Tests: TC-MSR-052-30753A6113
AC-MSR-052-01-03 | The platform must support forms within no-code customization. | Requirements: MSR-052-A9A91C2DA9 | Tests: TC-MSR-052-A9A91C2DA9
AC-MSR-052-01-04 | The platform must support layouts within no-code customization. | Requirements: MSR-052-B08C10FAF3 | Tests: TC-MSR-052-B08C10FAF3
AC-MSR-052-01-05 | The platform must support validation rules within no-code customization. | Requirements: MSR-052-BE5161AFA6 | Tests: TC-MSR-052-BE5161AFA6
AC-MSR-052-01-06 | The platform must support business rules within no-code customization. | Requirements: MSR-052-0D18CFA813 | Tests: TC-MSR-052-0D18CFA813
AC-MSR-052-01-07 | The platform must support workflows within no-code customization. | Requirements: MSR-052-F1771B16F1 | Tests: TC-MSR-052-F1771B16F1
AC-MSR-052-01-08 | The platform must support notifications within no-code customization. | Requirements: MSR-052-2BC70554C0 | Tests: TC-MSR-052-2BC70554C0
AC-MSR-052-01-09 | The platform must support roles within no-code customization. | Requirements: MSR-052-8E8D974CB7 | Tests: TC-MSR-052-8E8D974CB7
AC-MSR-052-01-10 | The platform must support dashboards. within no-code customization. | Requirements: MSR-052-141C97A2B5 | Tests: TC-MSR-052-141C97A2B5","MSR-052-1B6EAAAC37;MSR-052-30753A6113;MSR-052-A9A91C2DA9;MSR-052-B08C10FAF3;MSR-052-BE5161AFA6;MSR-052-0D18CFA813;MSR-052-F1771B16F1;MSR-052-2BC70554C0;MSR-052-8E8D974CB7;MSR-052-141C97A2B5","TC-MSR-052-1B6EAAAC37;TC-MSR-052-30753A6113;TC-MSR-052-A9A91C2DA9;TC-MSR-052-B08C10FAF3;TC-MSR-052-BE5161AFA6;TC-MSR-052-0D18CFA813;TC-MSR-052-F1771B16F1;TC-MSR-052-2BC70554C0;TC-MSR-052-8E8D974CB7;TC-MSR-052-141C97A2B5","Phase 5","Master specification §52"
"209","Story","NO-CODE CUSTOMIZATION: requirement set 02","As a Integration Administrator, I want the no-code customization requirements delivered, so that the platform conforms to the traced master product specification.","","SUB-E016","16","US-MSR-052-02","sintius phase-5 master-specification","Medium","To Do","not_started","0","AC-MSR-052-02-01 | Product and implementation decisions must conform to this master-specification constraint: Avoid requiring custom source-code forks. | Requirements: MSR-052-BE0B84FCB2 | Tests: TC-MSR-052-BE0B84FCB2","MSR-052-BE0B84FCB2","TC-MSR-052-BE0B84FCB2","Phase 5","Master specification §52"
"210","Story","LOW-CODE EXTENSIBILITY: requirement set 01","As a Integration Administrator, I want the low-code extensibility requirements delivered, so that the platform conforms to the traced master product specification.","","SUB-E016","16","US-MSR-053-01","sintius phase-5 master-specification","Medium","To Do","not_started","0","AC-MSR-053-01-01 | Provide sandboxed extension framework. | Requirements: MSR-053-330CF3E989 | Tests: TC-MSR-053-330CF3E989
AC-MSR-053-01-02 | The platform must support serverless functions within low-code extensibility. | Requirements: MSR-053-B18CBACF6F | Tests: TC-MSR-053-B18CBACF6F
AC-MSR-053-01-03 | The platform must support custom calculators within low-code extensibility. | Requirements: MSR-053-3A69EB06C4 | Tests: TC-MSR-053-3A69EB06C4
AC-MSR-053-01-04 | The platform must support custom UI widgets within low-code extensibility. | Requirements: MSR-053-EB346396FA | Tests: TC-MSR-053-EB346396FA
AC-MSR-053-01-05 | The platform must support workflow extensions within low-code extensibility. | Requirements: MSR-053-45610F2EBE | Tests: TC-MSR-053-45610F2EBE
AC-MSR-053-01-06 | The platform must support external service connectors. within low-code extensibility. | Requirements: MSR-053-59D4D07F72 | Tests: TC-MSR-053-59D4D07F72
AC-MSR-053-01-07 | The platform must support versioning within low-code extensibility. | Requirements: MSR-053-5893EF2114 | Tests: TC-MSR-053-5893EF2114
AC-MSR-053-01-08 | The platform must support permissions within low-code extensibility. | Requirements: MSR-053-2332A7DC8D | Tests: TC-MSR-053-2332A7DC8D
AC-MSR-053-01-09 | The platform must support observability within low-code extensibility. | Requirements: MSR-053-E0C8CD31DC | Tests: TC-MSR-053-E0C8CD31DC
AC-MSR-053-01-10 | The platform must support rollback. within low-code extensibility. | Requirements: MSR-053-191C2A31B8 | Tests: TC-MSR-053-191C2A31B8","MSR-053-330CF3E989;MSR-053-B18CBACF6F;MSR-053-3A69EB06C4;MSR-053-EB346396FA;MSR-053-45610F2EBE;MSR-053-59D4D07F72;MSR-053-5893EF2114;MSR-053-2332A7DC8D;MSR-053-E0C8CD31DC;MSR-053-191C2A31B8","TC-MSR-053-330CF3E989;TC-MSR-053-B18CBACF6F;TC-MSR-053-3A69EB06C4;TC-MSR-053-EB346396FA;TC-MSR-053-45610F2EBE;TC-MSR-053-59D4D07F72;TC-MSR-053-5893EF2114;TC-MSR-053-2332A7DC8D;TC-MSR-053-E0C8CD31DC;TC-MSR-053-191C2A31B8","Phase 5","Master specification §53"
"211","Story","API-FIRST DESIGN: requirement set 01","As a Platform Product Owner, I want the api-first design requirements delivered, so that the platform conforms to the traced master product specification.","","SUB-E001","1","US-MSR-054-01","sintius phase-5 master-specification","Medium","To Do","not_started","0","AC-MSR-054-01-01 | Every major operation available through UI must have an API. | Requirements: MSR-054-9D4B3C3DC6 | Tests: TC-MSR-054-9D4B3C3DC6
AC-MSR-054-01-02 | Use REST and optionally GraphQL where appropriate. | Requirements: MSR-054-49CCB229F7 | Tests: TC-MSR-054-49CCB229F7
AC-MSR-054-01-03 | The platform must support webhooks within api-first design. | Requirements: MSR-054-E4497A514B | Tests: TC-MSR-054-E4497A514B
AC-MSR-054-01-04 | The platform must support idempotency keys within api-first design. | Requirements: MSR-054-FCD5D2E33A | Tests: TC-MSR-054-FCD5D2E33A
AC-MSR-054-01-05 | The platform must support API versioning. within api-first design. | Requirements: MSR-054-DB97E325E7 | Tests: TC-MSR-054-DB97E325E7","MSR-054-9D4B3C3DC6;MSR-054-49CCB229F7;MSR-054-E4497A514B;MSR-054-FCD5D2E33A;MSR-054-DB97E325E7","TC-MSR-054-9D4B3C3DC6;TC-MSR-054-49CCB229F7;TC-MSR-054-E4497A514B;TC-MSR-054-FCD5D2E33A;TC-MSR-054-DB97E325E7","Phase 5","Master specification §54"
"212","Story","EVENT-DRIVEN ARCHITECTURE: requirement set 01","As a Platform Product Owner, I want the event-driven architecture requirements delivered, so that the platform conforms to the traced master product specification.","","SUB-E001","1","US-MSR-055-01","sintius phase-5 master-specification","Medium","To Do","not_started","0","AC-MSR-055-01-01 | Use domain events as a first-class primitive. | Requirements: MSR-055-3E89872067 | Tests: TC-MSR-055-3E89872067
AC-MSR-055-01-02 | The platform must support SubscriptionCreated within event-driven architecture. | Requirements: MSR-055-71DA56D432 | Tests: TC-MSR-055-71DA56D432
AC-MSR-055-01-03 | The platform must support UsageReceived within event-driven architecture. | Requirements: MSR-055-1F61F7DAAA | Tests: TC-MSR-055-1F61F7DAAA
AC-MSR-055-01-04 | The platform must support ChargeRated within event-driven architecture. | Requirements: MSR-055-462269CE2B | Tests: TC-MSR-055-462269CE2B
AC-MSR-055-01-05 | The platform must support InvoiceFinalized within event-driven architecture. | Requirements: MSR-055-7E790A25B8 | Tests: TC-MSR-055-7E790A25B8
AC-MSR-055-01-06 | The platform must support PaymentAttempted within event-driven architecture. | Requirements: MSR-055-BD8B929A99 | Tests: TC-MSR-055-BD8B929A99
AC-MSR-055-01-07 | The platform must support PaymentFailed within event-driven architecture. | Requirements: MSR-055-AA08FB23BA | Tests: TC-MSR-055-AA08FB23BA
AC-MSR-055-01-08 | The platform must support PaymentSucceeded within event-driven architecture. | Requirements: MSR-055-88ADBBBF97 | Tests: TC-MSR-055-88ADBBBF97
AC-MSR-055-01-09 | The platform must support RevenueScheduled within event-driven architecture. | Requirements: MSR-055-B92279DF1E | Tests: TC-MSR-055-B92279DF1E
AC-MSR-055-01-10 | The platform must support SubscriptionCancelled. within event-driven architecture. | Requirements: MSR-055-1E1C48787D | Tests: TC-MSR-055-1E1C48787D","MSR-055-3E89872067;MSR-055-71DA56D432;MSR-055-1F61F7DAAA;MSR-055-462269CE2B;MSR-055-7E790A25B8;MSR-055-BD8B929A99;MSR-055-AA08FB23BA;MSR-055-88ADBBBF97;MSR-055-B92279DF1E;MSR-055-1E1C48787D","TC-MSR-055-3E89872067;TC-MSR-055-71DA56D432;TC-MSR-055-1F61F7DAAA;TC-MSR-055-462269CE2B;TC-MSR-055-7E790A25B8;TC-MSR-055-BD8B929A99;TC-MSR-055-AA08FB23BA;TC-MSR-055-88ADBBBF97;TC-MSR-055-B92279DF1E;TC-MSR-055-1E1C48787D","Phase 5","Master specification §55"
"213","Story","EVENT-DRIVEN ARCHITECTURE: requirement set 02","As a Platform Product Owner, I want the event-driven architecture requirements delivered, so that the platform conforms to the traced master product specification.","","SUB-E001","1","US-MSR-055-02","sintius phase-5 master-specification","Medium","To Do","not_started","0","AC-MSR-055-02-01 | Use event streaming infrastructure suitable for high scale. | Requirements: MSR-055-FD944F282A | Tests: TC-MSR-055-FD944F282A
AC-MSR-055-02-02 | Ensure reliable delivery patterns such as transactional outbox where appropriate. | Requirements: MSR-055-F7866DE681 | Tests: TC-MSR-055-F7866DE681","MSR-055-FD944F282A;MSR-055-F7866DE681","TC-MSR-055-FD944F282A;TC-MSR-055-F7866DE681","Phase 5","Master specification §55"
"214","Story","CORE DOMAIN SERVICES: requirement set 01","As a Platform Product Owner, I want the core domain services requirements delivered, so that the platform conforms to the traced master product specification.","","SUB-E001","1","US-MSR-056-01","sintius phase-5 master-specification","Medium","To Do","not_started","0","AC-MSR-056-01-01 | The platform must support Identity within core domain services. | Requirements: MSR-056-A2C48C0418 | Tests: TC-MSR-056-A2C48C0418
AC-MSR-056-01-02 | The platform must support Tenant Management within core domain services. | Requirements: MSR-056-E650103E3D | Tests: TC-MSR-056-E650103E3D
AC-MSR-056-01-03 | The platform must support Customer within core domain services. | Requirements: MSR-056-4B25B5A6B3 | Tests: TC-MSR-056-4B25B5A6B3
AC-MSR-056-01-04 | The platform must support Account within core domain services. | Requirements: MSR-056-0F99D36E9C | Tests: TC-MSR-056-0F99D36E9C
AC-MSR-056-01-05 | The platform must support Catalog within core domain services. | Requirements: MSR-056-95D877F958 | Tests: TC-MSR-056-95D877F958
AC-MSR-056-01-06 | The platform must support Pricing within core domain services. | Requirements: MSR-056-E84717980B | Tests: TC-MSR-056-E84717980B
AC-MSR-056-01-07 | The platform must support Quotes within core domain services. | Requirements: MSR-056-0CD829EC46 | Tests: TC-MSR-056-0CD829EC46
AC-MSR-056-01-08 | The platform must support Contracts within core domain services. | Requirements: MSR-056-BD70F9F5F7 | Tests: TC-MSR-056-BD70F9F5F7
AC-MSR-056-01-09 | The platform must support Subscriptions within core domain services. | Requirements: MSR-056-ADE68C903E | Tests: TC-MSR-056-ADE68C903E
AC-MSR-056-01-10 | The platform must support Entitlements within core domain services. | Requirements: MSR-056-A3A2C5A40A | Tests: TC-MSR-056-A3A2C5A40A","MSR-056-A2C48C0418;MSR-056-E650103E3D;MSR-056-4B25B5A6B3;MSR-056-0F99D36E9C;MSR-056-95D877F958;MSR-056-E84717980B;MSR-056-0CD829EC46;MSR-056-BD70F9F5F7;MSR-056-ADE68C903E;MSR-056-A3A2C5A40A","TC-MSR-056-A2C48C0418;TC-MSR-056-E650103E3D;TC-MSR-056-4B25B5A6B3;TC-MSR-056-0F99D36E9C;TC-MSR-056-95D877F958;TC-MSR-056-E84717980B;TC-MSR-056-0CD829EC46;TC-MSR-056-BD70F9F5F7;TC-MSR-056-ADE68C903E;TC-MSR-056-A3A2C5A40A","Phase 5","Master specification §56"
"215","Story","CORE DOMAIN SERVICES: requirement set 02","As a Platform Product Owner, I want the core domain services requirements delivered, so that the platform conforms to the traced master product specification.","","SUB-E001","1","US-MSR-056-02","sintius phase-5 master-specification","Medium","To Do","not_started","0","AC-MSR-056-02-01 | The platform must support Usage within core domain services. | Requirements: MSR-056-339051F699 | Tests: TC-MSR-056-339051F699
AC-MSR-056-02-02 | The platform must support Metering within core domain services. | Requirements: MSR-056-45C9C4EE37 | Tests: TC-MSR-056-45C9C4EE37
AC-MSR-056-02-03 | The platform must support Rating within core domain services. | Requirements: MSR-056-A7F8943F81 | Tests: TC-MSR-056-A7F8943F81
AC-MSR-056-02-04 | The platform must support Billing within core domain services. | Requirements: MSR-056-0B1C4D19CA | Tests: TC-MSR-056-0B1C4D19CA
AC-MSR-056-02-05 | The platform must support Invoice within core domain services. | Requirements: MSR-056-C29D514803 | Tests: TC-MSR-056-C29D514803
AC-MSR-056-02-06 | The platform must support Tax within core domain services. | Requirements: MSR-056-7A8B6C68DA | Tests: TC-MSR-056-7A8B6C68DA
AC-MSR-056-02-07 | The platform must support Payments within core domain services. | Requirements: MSR-056-A77624748B | Tests: TC-MSR-056-A77624748B
AC-MSR-056-02-08 | The platform must support Collections within core domain services. | Requirements: MSR-056-96A3B59341 | Tests: TC-MSR-056-96A3B59341
AC-MSR-056-02-09 | The platform must support Credits within core domain services. | Requirements: MSR-056-A5DF3F2153 | Tests: TC-MSR-056-A5DF3F2153
AC-MSR-056-02-10 | The platform must support Revenue Recognition within core domain services. | Requirements: MSR-056-A3CA0103FE | Tests: TC-MSR-056-A3CA0103FE","MSR-056-339051F699;MSR-056-45C9C4EE37;MSR-056-A7F8943F81;MSR-056-0B1C4D19CA;MSR-056-C29D514803;MSR-056-7A8B6C68DA;MSR-056-A77624748B;MSR-056-96A3B59341;MSR-056-A5DF3F2153;MSR-056-A3CA0103FE","TC-MSR-056-339051F699;TC-MSR-056-45C9C4EE37;TC-MSR-056-A7F8943F81;TC-MSR-056-0B1C4D19CA;TC-MSR-056-C29D514803;TC-MSR-056-7A8B6C68DA;TC-MSR-056-A77624748B;TC-MSR-056-96A3B59341;TC-MSR-056-A5DF3F2153;TC-MSR-056-A3CA0103FE","Phase 5","Master specification §56"
"216","Story","CORE DOMAIN SERVICES: requirement set 03","As a Platform Product Owner, I want the core domain services requirements delivered, so that the platform conforms to the traced master product specification.","","SUB-E001","1","US-MSR-056-03","sintius phase-5 master-specification","Medium","To Do","not_started","0","AC-MSR-056-03-01 | The platform must support Reconciliation within core domain services. | Requirements: MSR-056-9680215E67 | Tests: TC-MSR-056-9680215E67
AC-MSR-056-03-02 | The platform must support Accounting within core domain services. | Requirements: MSR-056-EA59EA3217 | Tests: TC-MSR-056-EA59EA3217
AC-MSR-056-03-03 | The platform must support Notifications within core domain services. | Requirements: MSR-056-6B4A2B341C | Tests: TC-MSR-056-6B4A2B341C
AC-MSR-056-03-04 | The platform must support Workflow within core domain services. | Requirements: MSR-056-25BB6EA2FC | Tests: TC-MSR-056-25BB6EA2FC
AC-MSR-056-03-05 | The platform must support Rules within core domain services. | Requirements: MSR-056-EA0BAFD115 | Tests: TC-MSR-056-EA0BAFD115
AC-MSR-056-03-06 | The platform must support Analytics within core domain services. | Requirements: MSR-056-8F057AFC96 | Tests: TC-MSR-056-8F057AFC96
AC-MSR-056-03-07 | The platform must support Audit within core domain services. | Requirements: MSR-056-4BFB5FA0D6 | Tests: TC-MSR-056-4BFB5FA0D6
AC-MSR-056-03-08 | The platform must support Integrations. within core domain services. | Requirements: MSR-056-C6FDB60EA0 | Tests: TC-MSR-056-C6FDB60EA0
AC-MSR-056-03-09 | Do not split into microservices prematurely. | Requirements: MSR-056-7B0B9535F9 | Tests: TC-MSR-056-7B0B9535F9
AC-MSR-056-03-10 | Define bounded contexts clearly and choose deployment boundaries based upon scale and operational need. | Requirements: MSR-056-945B2A7953 | Tests: TC-MSR-056-945B2A7953","MSR-056-9680215E67;MSR-056-EA59EA3217;MSR-056-6B4A2B341C;MSR-056-25BB6EA2FC;MSR-056-EA0BAFD115;MSR-056-8F057AFC96;MSR-056-4BFB5FA0D6;MSR-056-C6FDB60EA0;MSR-056-7B0B9535F9;MSR-056-945B2A7953","TC-MSR-056-9680215E67;TC-MSR-056-EA59EA3217;TC-MSR-056-6B4A2B341C;TC-MSR-056-25BB6EA2FC;TC-MSR-056-EA0BAFD115;TC-MSR-056-8F057AFC96;TC-MSR-056-4BFB5FA0D6;TC-MSR-056-C6FDB60EA0;TC-MSR-056-7B0B9535F9;TC-MSR-056-945B2A7953","Phase 5","Master specification §56"
"217","Story","FINANCIAL LEDGER: requirement set 01","As a Finance Controller, I want the financial ledger requirements delivered, so that the platform conforms to the traced master product specification.","","SUB-E017","17","US-MSR-057-01","sintius phase-5 master-specification","Medium","To Do","not_started","0","AC-MSR-057-01-01 | Financial records require stronger guarantees than ordinary application records. | Requirements: MSR-057-5596C8084E | Tests: TC-MSR-057-5596C8084E
AC-MSR-057-01-02 | Implement double-entry accounting concepts where appropriate. | Requirements: MSR-057-907C27329F | Tests: TC-MSR-057-907C27329F
AC-MSR-057-01-03 | Ledger entries should be immutable. | Requirements: MSR-057-6C94BFE878 | Tests: TC-MSR-057-6C94BFE878
AC-MSR-057-01-04 | Corrections should occur through reversals or adjustments. | Requirements: MSR-057-5C9D6717FD | Tests: TC-MSR-057-5C9D6717FD
AC-MSR-057-01-05 | Never silently edit posted financial records. | Requirements: MSR-057-D9182A5AB6 | Tests: TC-MSR-057-D9182A5AB6","MSR-057-5596C8084E;MSR-057-907C27329F;MSR-057-6C94BFE878;MSR-057-5C9D6717FD;MSR-057-D9182A5AB6","TC-MSR-057-5596C8084E;TC-MSR-057-907C27329F;TC-MSR-057-6C94BFE878;TC-MSR-057-5C9D6717FD;TC-MSR-057-D9182A5AB6","Phase 5","Master specification §57"
"218","Story","CONSISTENCY MODEL: requirement set 01","As a Platform Product Owner, I want the consistency model requirements delivered, so that the platform conforms to the traced master product specification.","","SUB-E001","1","US-MSR-059-01","sintius phase-0 master-specification","Medium","To Do","not_started","0","AC-MSR-059-01-01 | Explicitly identify where strong consistency is required. | Requirements: MSR-059-2A8DB29EE1 | Tests: TC-MSR-059-2A8DB29EE1
AC-MSR-059-01-02 | The platform must support payment posting within consistency model. | Requirements: MSR-059-62CDD8893A | Tests: TC-MSR-059-62CDD8893A
AC-MSR-059-01-03 | The platform must support invoice finalization within consistency model. | Requirements: MSR-059-45083AA6F3 | Tests: TC-MSR-059-45083AA6F3
AC-MSR-059-01-04 | The platform must support ledger posting within consistency model. | Requirements: MSR-059-04D8A78146 | Tests: TC-MSR-059-04D8A78146
AC-MSR-059-01-05 | The platform must support entitlement state when financially material. within consistency model. | Requirements: MSR-059-B730C3405A | Tests: TC-MSR-059-B730C3405A
AC-MSR-059-01-06 | The platform must support analytics within consistency model. | Requirements: MSR-059-A5BD6DD711 | Tests: TC-MSR-059-A5BD6DD711
AC-MSR-059-01-07 | The platform must support dashboards within consistency model. | Requirements: MSR-059-ADCA291CE7 | Tests: TC-MSR-059-ADCA291CE7
AC-MSR-059-01-08 | The platform must support reporting views within consistency model. | Requirements: MSR-059-386BD05D9E | Tests: TC-MSR-059-386BD05D9E
AC-MSR-059-01-09 | The platform must support notifications. within consistency model. | Requirements: MSR-059-A6F0DCAF2F | Tests: TC-MSR-059-A6F0DCAF2F","MSR-059-2A8DB29EE1;MSR-059-62CDD8893A;MSR-059-45083AA6F3;MSR-059-04D8A78146;MSR-059-B730C3405A;MSR-059-A5BD6DD711;MSR-059-ADCA291CE7;MSR-059-386BD05D9E;MSR-059-A6F0DCAF2F","TC-MSR-059-2A8DB29EE1;TC-MSR-059-62CDD8893A;TC-MSR-059-45083AA6F3;TC-MSR-059-04D8A78146;TC-MSR-059-B730C3405A;TC-MSR-059-A5BD6DD711;TC-MSR-059-ADCA291CE7;TC-MSR-059-386BD05D9E;TC-MSR-059-A6F0DCAF2F","Phase 0","Master specification §59"
"219","Story","SUBSCRIBER UX DESIGN LANGUAGE: requirement set 01","As a Subscriber, I want the subscriber ux design language requirements delivered, so that the platform conforms to the traced master product specification.","","SUB-E010","10","US-MSR-063-01","sintius phase-5 master-specification","Medium","To Do","not_started","0","AC-MSR-063-01-01 | The platform must support premium within subscriber ux design language. | Requirements: MSR-063-4501E51030 | Tests: TC-MSR-063-4501E51030
AC-MSR-063-01-02 | The platform must support modern within subscriber ux design language. | Requirements: MSR-063-2CA9AC9A5F | Tests: TC-MSR-063-2CA9AC9A5F
AC-MSR-063-01-03 | The platform must support calm within subscriber ux design language. | Requirements: MSR-063-12AC151E5D | Tests: TC-MSR-063-12AC151E5D
AC-MSR-063-01-04 | The platform must support minimal within subscriber ux design language. | Requirements: MSR-063-BB1353FD18 | Tests: TC-MSR-063-BB1353FD18
AC-MSR-063-01-05 | The platform must support highly legible within subscriber ux design language. | Requirements: MSR-063-B8AACC8A0F | Tests: TC-MSR-063-B8AACC8A0F
AC-MSR-063-01-06 | The platform must support fintech-quality within subscriber ux design language. | Requirements: MSR-063-24A2725470 | Tests: TC-MSR-063-24A2725470
AC-MSR-063-01-07 | The platform must support responsive within subscriber ux design language. | Requirements: MSR-063-50E86FB95B | Tests: TC-MSR-063-50E86FB95B
AC-MSR-063-01-08 | The platform must support accessible. within subscriber ux design language. | Requirements: MSR-063-947BDFFA1A | Tests: TC-MSR-063-947BDFFA1A
AC-MSR-063-01-09 | Product and implementation decisions must conform to this master-specification constraint: Avoid the appearance of traditional ERP screens. | Requirements: MSR-063-A49255D0BC | Tests: TC-MSR-063-A49255D0BC
AC-MSR-063-01-10 | Use progressive disclosure. | Requirements: MSR-063-49F1F655D8 | Tests: TC-MSR-063-49F1F655D8","MSR-063-4501E51030;MSR-063-2CA9AC9A5F;MSR-063-12AC151E5D;MSR-063-BB1353FD18;MSR-063-B8AACC8A0F;MSR-063-24A2725470;MSR-063-50E86FB95B;MSR-063-947BDFFA1A;MSR-063-A49255D0BC;MSR-063-49F1F655D8","TC-MSR-063-4501E51030;TC-MSR-063-2CA9AC9A5F;TC-MSR-063-12AC151E5D;TC-MSR-063-BB1353FD18;TC-MSR-063-B8AACC8A0F;TC-MSR-063-24A2725470;TC-MSR-063-50E86FB95B;TC-MSR-063-947BDFFA1A;TC-MSR-063-A49255D0BC;TC-MSR-063-49F1F655D8","Phase 5","Master specification §63"
"220","Story","SUBSCRIBER UX DESIGN LANGUAGE: requirement set 02","As a Subscriber, I want the subscriber ux design language requirements delivered, so that the platform conforms to the traced master product specification.","","SUB-E010","10","US-MSR-063-02","sintius phase-5 master-specification","Medium","To Do","not_started","0","AC-MSR-063-02-01 | Complexity should appear only when needed. | Requirements: MSR-063-B33A494E02 | Tests: TC-MSR-063-B33A494E02","MSR-063-B33A494E02","TC-MSR-063-B33A494E02","Phase 5","Master specification §63"
"221","Story","ADMIN EXPERIENCE: requirement set 01","As a Platform Product Owner, I want the admin experience requirements delivered, so that the platform conforms to the traced master product specification.","","SUB-E001","1","US-MSR-064-01","sintius phase-5 master-specification","Medium","To Do","not_started","0","AC-MSR-064-01-01 | Product and implementation decisions must conform to this master-specification constraint: Home Customers Catalog Pricing Subscriptions Usage Billing Payments Collections Revenue Analytics Workflows Integrations Developers Settings. | Requirements: MSR-064-D0B5D86F18 | Tests: TC-MSR-064-D0B5D86F18
AC-MSR-064-01-02 | Product and implementation decisions must conform to this master-specification constraint: ""Search customers, invoices, payments, subscriptions…"". | Requirements: MSR-064-04B7DBE8CB | Tests: TC-MSR-064-04B7DBE8CB
AC-MSR-064-01-03 | Support keyboard-first navigation. | Requirements: MSR-064-2F7D0210F1 | Tests: TC-MSR-064-2F7D0210F1","MSR-064-D0B5D86F18;MSR-064-04B7DBE8CB;MSR-064-2F7D0210F1","TC-MSR-064-D0B5D86F18;TC-MSR-064-04B7DBE8CB;TC-MSR-064-2F7D0210F1","Phase 5","Master specification §64"
"222","Story","REVENUE COMMAND CENTER: requirement set 01","As a Revenue Analyst, I want the revenue command center requirements delivered, so that the platform conforms to the traced master product specification.","","SUB-E014","14","US-MSR-065-01","sintius phase-5 master-specification","Medium","To Do","not_started","0","AC-MSR-065-01-01 | Product and implementation decisions must conform to this master-specification constraint: How much recurring revenue do we have? | Requirements: MSR-065-92B42FCB5E | Tests: TC-MSR-065-92B42FCB5E
AC-MSR-065-01-02 | Product and implementation decisions must conform to this master-specification constraint: How much are we expected to collect? | Requirements: MSR-065-BB95151C84 | Tests: TC-MSR-065-BB95151C84
AC-MSR-065-01-03 | Product and implementation decisions must conform to this master-specification constraint: How much is overdue? | Requirements: MSR-065-6B49AF43A4 | Tests: TC-MSR-065-6B49AF43A4
AC-MSR-065-01-04 | Product and implementation decisions must conform to this master-specification constraint: How much is at risk? | Requirements: MSR-065-1565A92422 | Tests: TC-MSR-065-1565A92422
AC-MSR-065-01-05 | Product and implementation decisions must conform to this master-specification constraint: Where are payments failing? | Requirements: MSR-065-DA023B9B83 | Tests: TC-MSR-065-DA023B9B83
AC-MSR-065-01-06 | Product and implementation decisions must conform to this master-specification constraint: Where is revenue leaking? | Requirements: MSR-065-10535B3E71 | Tests: TC-MSR-065-10535B3E71
AC-MSR-065-01-07 | Product and implementation decisions must conform to this master-specification constraint: Which subscriptions are renewing? | Requirements: MSR-065-31D4CAA98D | Tests: TC-MSR-065-31D4CAA98D
AC-MSR-065-01-08 | Product and implementation decisions must conform to this master-specification constraint: What changed since yesterday? | Requirements: MSR-065-DDAFE26984 | Tests: TC-MSR-065-DDAFE26984
AC-MSR-065-01-09 | The platform must support ARR within revenue command center. | Requirements: MSR-065-1DF49BF64B | Tests: TC-MSR-065-1DF49BF64B
AC-MSR-065-01-10 | The platform must support MRR within revenue command center. | Requirements: MSR-065-6A5F288F8F | Tests: TC-MSR-065-6A5F288F8F","MSR-065-92B42FCB5E;MSR-065-BB95151C84;MSR-065-6B49AF43A4;MSR-065-1565A92422;MSR-065-DA023B9B83;MSR-065-10535B3E71;MSR-065-31D4CAA98D;MSR-065-DDAFE26984;MSR-065-1DF49BF64B;MSR-065-6A5F288F8F","TC-MSR-065-92B42FCB5E;TC-MSR-065-BB95151C84;TC-MSR-065-6B49AF43A4;TC-MSR-065-1565A92422;TC-MSR-065-DA023B9B83;TC-MSR-065-10535B3E71;TC-MSR-065-31D4CAA98D;TC-MSR-065-DDAFE26984;TC-MSR-065-1DF49BF64B;TC-MSR-065-6A5F288F8F","Phase 5","Master specification §65"
"223","Story","REVENUE COMMAND CENTER: requirement set 02","As a Revenue Analyst, I want the revenue command center requirements delivered, so that the platform conforms to the traced master product specification.","","SUB-E014","14","US-MSR-065-02","sintius phase-5 master-specification","Medium","To Do","not_started","0","AC-MSR-065-02-01 | The platform must support NRR within revenue command center. | Requirements: MSR-065-7FD3684093 | Tests: TC-MSR-065-7FD3684093
AC-MSR-065-02-02 | The platform must support GRR within revenue command center. | Requirements: MSR-065-7A2FA0C5C4 | Tests: TC-MSR-065-7A2FA0C5C4
AC-MSR-065-02-03 | The platform must support Active Subscribers within revenue command center. | Requirements: MSR-065-93ECCCE41C | Tests: TC-MSR-065-93ECCCE41C
AC-MSR-065-02-04 | The platform must support Expansion MRR within revenue command center. | Requirements: MSR-065-EF6082F77B | Tests: TC-MSR-065-EF6082F77B
AC-MSR-065-02-05 | The platform must support Churn MRR within revenue command center. | Requirements: MSR-065-023CFDD9B5 | Tests: TC-MSR-065-023CFDD9B5
AC-MSR-065-02-06 | The platform must support Payment Success Rate within revenue command center. | Requirements: MSR-065-8BED4FCC07 | Tests: TC-MSR-065-8BED4FCC07
AC-MSR-065-02-07 | The platform must support Collection Rate within revenue command center. | Requirements: MSR-065-305BFB0E03 | Tests: TC-MSR-065-305BFB0E03
AC-MSR-065-02-08 | The platform must support DSO within revenue command center. | Requirements: MSR-065-2A87B189EB | Tests: TC-MSR-065-2A87B189EB
AC-MSR-065-02-09 | The platform must support Failed Payments within revenue command center. | Requirements: MSR-065-9248862B91 | Tests: TC-MSR-065-9248862B91
AC-MSR-065-02-10 | The platform must support Recovered Revenue within revenue command center. | Requirements: MSR-065-528D4F0E8F | Tests: TC-MSR-065-528D4F0E8F","MSR-065-7FD3684093;MSR-065-7A2FA0C5C4;MSR-065-93ECCCE41C;MSR-065-EF6082F77B;MSR-065-023CFDD9B5;MSR-065-8BED4FCC07;MSR-065-305BFB0E03;MSR-065-2A87B189EB;MSR-065-9248862B91;MSR-065-528D4F0E8F","TC-MSR-065-7FD3684093;TC-MSR-065-7A2FA0C5C4;TC-MSR-065-93ECCCE41C;TC-MSR-065-EF6082F77B;TC-MSR-065-023CFDD9B5;TC-MSR-065-8BED4FCC07;TC-MSR-065-305BFB0E03;TC-MSR-065-2A87B189EB;TC-MSR-065-9248862B91;TC-MSR-065-528D4F0E8F","Phase 5","Master specification §65"
"224","Story","REVENUE COMMAND CENTER: requirement set 03","As a Revenue Analyst, I want the revenue command center requirements delivered, so that the platform conforms to the traced master product specification.","","SUB-E014","14","US-MSR-065-03","sintius phase-5 master-specification","Medium","To Do","not_started","0","AC-MSR-065-03-01 | The platform must support Outstanding AR within revenue command center. | Requirements: MSR-065-333C424592 | Tests: TC-MSR-065-333C424592
AC-MSR-065-03-02 | The platform must support Revenue at Risk. within revenue command center. | Requirements: MSR-065-CF9E926172 | Tests: TC-MSR-065-CF9E926172","MSR-065-333C424592;MSR-065-CF9E926172","TC-MSR-065-333C424592;TC-MSR-065-CF9E926172","Phase 5","Master specification §65"
"225","Story","COLLECTIONS COMMAND CENTER: requirement set 01","As a Collections Manager, I want the collections command center requirements delivered, so that the platform conforms to the traced master product specification.","","SUB-E012","12","US-MSR-066-01","sintius phase-5 master-specification","Medium","To Do","not_started","0","AC-MSR-066-01-01 | Product and implementation decisions must conform to this master-specification constraint: Create an operations cockpit. | Requirements: MSR-066-D413B041E5 | Tests: TC-MSR-066-D413B041E5
AC-MSR-066-01-02 | The platform must support Due today within collections command center. | Requirements: MSR-066-45897495A9 | Tests: TC-MSR-066-45897495A9
AC-MSR-066-01-03 | The platform must support Due this week within collections command center. | Requirements: MSR-066-CA0B913D99 | Tests: TC-MSR-066-CA0B913D99
AC-MSR-066-01-04 | The platform must support Overdue within collections command center. | Requirements: MSR-066-34260B6C5E | Tests: TC-MSR-066-34260B6C5E
AC-MSR-066-01-05 | The platform must support At-risk amount within collections command center. | Requirements: MSR-066-19FC877B5E | Tests: TC-MSR-066-19FC877B5E
AC-MSR-066-01-06 | The platform must support Recovery rate within collections command center. | Requirements: MSR-066-926750666B | Tests: TC-MSR-066-926750666B
AC-MSR-066-01-07 | The platform must support Promise-to-pay within collections command center. | Requirements: MSR-066-6C1EE03CE6 | Tests: TC-MSR-066-6C1EE03CE6
AC-MSR-066-01-08 | The platform must support Payment failures within collections command center. | Requirements: MSR-066-E881CA49E7 | Tests: TC-MSR-066-E881CA49E7
AC-MSR-066-01-09 | The platform must support Gateway failures. within collections command center. | Requirements: MSR-066-1C209C97C8 | Tests: TC-MSR-066-1C209C97C8
AC-MSR-066-01-10 | The platform must support High-value at risk within collections command center. | Requirements: MSR-066-D8B1090283 | Tests: TC-MSR-066-D8B1090283","MSR-066-D413B041E5;MSR-066-45897495A9;MSR-066-CA0B913D99;MSR-066-34260B6C5E;MSR-066-19FC877B5E;MSR-066-926750666B;MSR-066-6C1EE03CE6;MSR-066-E881CA49E7;MSR-066-1C209C97C8;MSR-066-D8B1090283","TC-MSR-066-D413B041E5;TC-MSR-066-45897495A9;TC-MSR-066-CA0B913D99;TC-MSR-066-34260B6C5E;TC-MSR-066-19FC877B5E;TC-MSR-066-926750666B;TC-MSR-066-6C1EE03CE6;TC-MSR-066-E881CA49E7;TC-MSR-066-1C209C97C8;TC-MSR-066-D8B1090283","Phase 5","Master specification §66"
"226","Story","COLLECTIONS COMMAND CENTER: requirement set 02","As a Collections Manager, I want the collections command center requirements delivered, so that the platform conforms to the traced master product specification.","","SUB-E012","12","US-MSR-066-02","sintius phase-5 master-specification","Medium","To Do","not_started","0","AC-MSR-066-02-01 | The platform must support Card expiry within collections command center. | Requirements: MSR-066-919A25E03D | Tests: TC-MSR-066-919A25E03D
AC-MSR-066-02-02 | The platform must support Repeated failures within collections command center. | Requirements: MSR-066-F39AF9F97D | Tests: TC-MSR-066-F39AF9F97D
AC-MSR-066-02-03 | The platform must support Promise broken within collections command center. | Requirements: MSR-066-F69031206E | Tests: TC-MSR-066-F69031206E
AC-MSR-066-02-04 | The platform must support Disputed within collections command center. | Requirements: MSR-066-B95A1351B6 | Tests: TC-MSR-066-B95A1351B6
AC-MSR-066-02-05 | The platform must support Manual follow-up. within collections command center. | Requirements: MSR-066-07D505644E | Tests: TC-MSR-066-07D505644E
AC-MSR-066-02-06 | Each item must offer recommended next action. | Requirements: MSR-066-47B730FB89 | Tests: TC-MSR-066-47B730FB89","MSR-066-919A25E03D;MSR-066-F39AF9F97D;MSR-066-F69031206E;MSR-066-B95A1351B6;MSR-066-07D505644E;MSR-066-47B730FB89","TC-MSR-066-919A25E03D;TC-MSR-066-F39AF9F97D;TC-MSR-066-F69031206E;TC-MSR-066-B95A1351B6;TC-MSR-066-07D505644E;TC-MSR-066-47B730FB89","Phase 5","Master specification §66"
"227","Story","CUSTOMER 360: requirement set 01","As a Customer Operations Manager, I want the customer 360 requirements delivered, so that the platform conforms to the traced master product specification.","","SUB-E003","3","US-MSR-067-01","sintius phase-5 master-specification","Medium","To Do","not_started","0","AC-MSR-067-01-01 | The platform must support Identity within customer 360. | Requirements: MSR-067-D4FED06054 | Tests: TC-MSR-067-D4FED06054
AC-MSR-067-01-02 | The platform must support MRR / ARR within customer 360. | Requirements: MSR-067-B0E0BE32C0 | Tests: TC-MSR-067-B0E0BE32C0
AC-MSR-067-01-03 | The platform must support Account balance within customer 360. | Requirements: MSR-067-BE9963C8EC | Tests: TC-MSR-067-BE9963C8EC
AC-MSR-067-01-04 | The platform must support Active subscriptions within customer 360. | Requirements: MSR-067-0D38B87639 | Tests: TC-MSR-067-0D38B87639
AC-MSR-067-01-05 | The platform must support Contract within customer 360. | Requirements: MSR-067-272751D517 | Tests: TC-MSR-067-272751D517
AC-MSR-067-01-06 | The platform must support Entitlements within customer 360. | Requirements: MSR-067-C96C6711C1 | Tests: TC-MSR-067-C96C6711C1
AC-MSR-067-01-07 | The platform must support Usage within customer 360. | Requirements: MSR-067-95C846A2E5 | Tests: TC-MSR-067-95C846A2E5
AC-MSR-067-01-08 | The platform must support Invoices within customer 360. | Requirements: MSR-067-280054BB73 | Tests: TC-MSR-067-280054BB73
AC-MSR-067-01-09 | The platform must support Payments within customer 360. | Requirements: MSR-067-2E95D66512 | Tests: TC-MSR-067-2E95D66512
AC-MSR-067-01-10 | The platform must support Credits within customer 360. | Requirements: MSR-067-E9F45BD3A2 | Tests: TC-MSR-067-E9F45BD3A2","MSR-067-D4FED06054;MSR-067-B0E0BE32C0;MSR-067-BE9963C8EC;MSR-067-0D38B87639;MSR-067-272751D517;MSR-067-C96C6711C1;MSR-067-95C846A2E5;MSR-067-280054BB73;MSR-067-2E95D66512;MSR-067-E9F45BD3A2","TC-MSR-067-D4FED06054;TC-MSR-067-B0E0BE32C0;TC-MSR-067-BE9963C8EC;TC-MSR-067-0D38B87639;TC-MSR-067-272751D517;TC-MSR-067-C96C6711C1;TC-MSR-067-95C846A2E5;TC-MSR-067-280054BB73;TC-MSR-067-2E95D66512;TC-MSR-067-E9F45BD3A2","Phase 5","Master specification §67"
"228","Story","CUSTOMER 360: requirement set 02","As a Customer Operations Manager, I want the customer 360 requirements delivered, so that the platform conforms to the traced master product specification.","","SUB-E003","3","US-MSR-067-02","sintius phase-5 master-specification","Medium","To Do","not_started","0","AC-MSR-067-02-01 | The platform must support Collections within customer 360. | Requirements: MSR-067-4DE4F93921 | Tests: TC-MSR-067-4DE4F93921
AC-MSR-067-02-02 | The platform must support Communications within customer 360. | Requirements: MSR-067-8F8CC81B1E | Tests: TC-MSR-067-8F8CC81B1E
AC-MSR-067-02-03 | The platform must support Support issues within customer 360. | Requirements: MSR-067-9175E00929 | Tests: TC-MSR-067-9175E00929
AC-MSR-067-02-04 | The platform must support Revenue impact within customer 360. | Requirements: MSR-067-903AA0596D | Tests: TC-MSR-067-903AA0596D
AC-MSR-067-02-05 | The platform must support Timeline. within customer 360. | Requirements: MSR-067-73C8D4B949 | Tests: TC-MSR-067-73C8D4B949","MSR-067-4DE4F93921;MSR-067-8F8CC81B1E;MSR-067-9175E00929;MSR-067-903AA0596D;MSR-067-73C8D4B949","TC-MSR-067-4DE4F93921;TC-MSR-067-8F8CC81B1E;TC-MSR-067-9175E00929;TC-MSR-067-903AA0596D;TC-MSR-067-73C8D4B949","Phase 5","Master specification §67"
"229","Story","LINEAR TRANSACTION EXPLORER: requirement set 01","As a Platform Product Owner, I want the linear transaction explorer requirements delivered, so that the platform conforms to the traced master product specification.","","SUB-E001","1","US-MSR-068-01","sintius phase-5 master-specification","Medium","To Do","not_started","0","AC-MSR-068-01-01 | Product and implementation decisions must conform to this master-specification constraint: Create a unique graphical visualization. | Requirements: MSR-068-B26705E14D | Tests: TC-MSR-068-B26705E14D
AC-MSR-068-01-02 | Product and implementation decisions must conform to this master-specification constraint: Contract ↓ Subscription ↓ Usage ↓ Rated Charge ↓ Invoice ↓ Payment ↓ Settlement ↓ Revenue ↓ Ledger. | Requirements: MSR-068-41B216133F | Tests: TC-MSR-068-41B216133F
AC-MSR-068-01-03 | Product and implementation decisions must conform to this master-specification constraint: Each node clickable. | Requirements: MSR-068-C52AD7E2BE | Tests: TC-MSR-068-C52AD7E2BE
AC-MSR-068-01-04 | Product and implementation decisions must conform to this master-specification constraint: Highlight broken or incomplete chains. | Requirements: MSR-068-5F44B2F43E | Tests: TC-MSR-068-5F44B2F43E","MSR-068-B26705E14D;MSR-068-41B216133F;MSR-068-C52AD7E2BE;MSR-068-5F44B2F43E","TC-MSR-068-B26705E14D;TC-MSR-068-41B216133F;TC-MSR-068-C52AD7E2BE;TC-MSR-068-5F44B2F43E","Phase 5","Master specification §68"
"230","Story","ANALYTICS: requirement set 01","As a Revenue Analyst, I want the analytics requirements delivered, so that the platform conforms to the traced master product specification.","","SUB-E014","14","US-MSR-069-01","sintius phase-5 master-specification","Medium","To Do","not_started","0","AC-MSR-069-01-01 | The platform must support MRR within analytics. | Requirements: MSR-069-EB3C7BB03C | Tests: TC-MSR-069-EB3C7BB03C
AC-MSR-069-01-02 | The platform must support ARR within analytics. | Requirements: MSR-069-C8455F92C0 | Tests: TC-MSR-069-C8455F92C0
AC-MSR-069-01-03 | The platform must support ARPU within analytics. | Requirements: MSR-069-223EF5FFF5 | Tests: TC-MSR-069-223EF5FFF5
AC-MSR-069-01-04 | The platform must support ARPA within analytics. | Requirements: MSR-069-217C805B15 | Tests: TC-MSR-069-217C805B15
AC-MSR-069-01-05 | The platform must support NRR within analytics. | Requirements: MSR-069-61BC0247C9 | Tests: TC-MSR-069-61BC0247C9
AC-MSR-069-01-06 | The platform must support GRR within analytics. | Requirements: MSR-069-12A83B4A3D | Tests: TC-MSR-069-12A83B4A3D
AC-MSR-069-01-07 | The platform must support Logo churn within analytics. | Requirements: MSR-069-6C9DAB6D12 | Tests: TC-MSR-069-6C9DAB6D12
AC-MSR-069-01-08 | The platform must support Revenue churn within analytics. | Requirements: MSR-069-DF52A45544 | Tests: TC-MSR-069-DF52A45544
AC-MSR-069-01-09 | The platform must support Expansion within analytics. | Requirements: MSR-069-B05358000B | Tests: TC-MSR-069-B05358000B
AC-MSR-069-01-10 | The platform must support Contraction within analytics. | Requirements: MSR-069-EBF962D3D5 | Tests: TC-MSR-069-EBF962D3D5","MSR-069-EB3C7BB03C;MSR-069-C8455F92C0;MSR-069-223EF5FFF5;MSR-069-217C805B15;MSR-069-61BC0247C9;MSR-069-12A83B4A3D;MSR-069-6C9DAB6D12;MSR-069-DF52A45544;MSR-069-B05358000B;MSR-069-EBF962D3D5","TC-MSR-069-EB3C7BB03C;TC-MSR-069-C8455F92C0;TC-MSR-069-223EF5FFF5;TC-MSR-069-217C805B15;TC-MSR-069-61BC0247C9;TC-MSR-069-12A83B4A3D;TC-MSR-069-6C9DAB6D12;TC-MSR-069-DF52A45544;TC-MSR-069-B05358000B;TC-MSR-069-EBF962D3D5","Phase 5","Master specification §69"
"231","Story","ANALYTICS: requirement set 02","As a Revenue Analyst, I want the analytics requirements delivered, so that the platform conforms to the traced master product specification.","","SUB-E014","14","US-MSR-069-02","sintius phase-5 master-specification","Medium","To Do","not_started","0","AC-MSR-069-02-01 | The platform must support Activation within analytics. | Requirements: MSR-069-7B12C33277 | Tests: TC-MSR-069-7B12C33277
AC-MSR-069-02-02 | The platform must support Trial conversion within analytics. | Requirements: MSR-069-11B4B31917 | Tests: TC-MSR-069-11B4B31917
AC-MSR-069-02-03 | The platform must support Renewal within analytics. | Requirements: MSR-069-385DD50358 | Tests: TC-MSR-069-385DD50358
AC-MSR-069-02-04 | The platform must support Payment success within analytics. | Requirements: MSR-069-2485517153 | Tests: TC-MSR-069-2485517153
AC-MSR-069-02-05 | The platform must support Recovery within analytics. | Requirements: MSR-069-3DA4DB3C13 | Tests: TC-MSR-069-3DA4DB3C13
AC-MSR-069-02-06 | The platform must support DSO within analytics. | Requirements: MSR-069-8F5701C40C | Tests: TC-MSR-069-8F5701C40C
AC-MSR-069-02-07 | The platform must support Collections effectiveness within analytics. | Requirements: MSR-069-04D17B7D65 | Tests: TC-MSR-069-04D17B7D65
AC-MSR-069-02-08 | The platform must support Delinquency within analytics. | Requirements: MSR-069-E374EDC159 | Tests: TC-MSR-069-E374EDC159
AC-MSR-069-02-09 | The platform must support LTV within analytics. | Requirements: MSR-069-2645318D8C | Tests: TC-MSR-069-2645318D8C
AC-MSR-069-02-10 | The platform must support Cohort retention. within analytics. | Requirements: MSR-069-54FEFBBCDE | Tests: TC-MSR-069-54FEFBBCDE","MSR-069-7B12C33277;MSR-069-11B4B31917;MSR-069-385DD50358;MSR-069-2485517153;MSR-069-3DA4DB3C13;MSR-069-8F5701C40C;MSR-069-04D17B7D65;MSR-069-E374EDC159;MSR-069-2645318D8C;MSR-069-54FEFBBCDE","TC-MSR-069-7B12C33277;TC-MSR-069-11B4B31917;TC-MSR-069-385DD50358;TC-MSR-069-2485517153;TC-MSR-069-3DA4DB3C13;TC-MSR-069-8F5701C40C;TC-MSR-069-04D17B7D65;TC-MSR-069-E374EDC159;TC-MSR-069-2645318D8C;TC-MSR-069-54FEFBBCDE","Phase 5","Master specification §69"
"232","Story","ANALYTICS: requirement set 03","As a Revenue Analyst, I want the analytics requirements delivered, so that the platform conforms to the traced master product specification.","","SUB-E014","14","US-MSR-069-03","sintius phase-5 master-specification","Medium","To Do","not_started","0","AC-MSR-069-03-01 | The platform must support product within analytics. | Requirements: MSR-069-AC5C417E08 | Tests: TC-MSR-069-AC5C417E08
AC-MSR-069-03-02 | The platform must support plan within analytics. | Requirements: MSR-069-10F8FED986 | Tests: TC-MSR-069-10F8FED986
AC-MSR-069-03-03 | The platform must support market within analytics. | Requirements: MSR-069-026751BC2D | Tests: TC-MSR-069-026751BC2D
AC-MSR-069-03-04 | The platform must support channel within analytics. | Requirements: MSR-069-2AE08F1750 | Tests: TC-MSR-069-2AE08F1750
AC-MSR-069-03-05 | The platform must support segment within analytics. | Requirements: MSR-069-A964CB407C | Tests: TC-MSR-069-A964CB407C
AC-MSR-069-03-06 | The platform must support currency within analytics. | Requirements: MSR-069-4ECB75ED56 | Tests: TC-MSR-069-4ECB75ED56
AC-MSR-069-03-07 | The platform must support legal entity within analytics. | Requirements: MSR-069-A5AD8BE60C | Tests: TC-MSR-069-A5AD8BE60C
AC-MSR-069-03-08 | The platform must support sales channel within analytics. | Requirements: MSR-069-717AAF2C29 | Tests: TC-MSR-069-717AAF2C29
AC-MSR-069-03-09 | The platform must support acquisition cohort. within analytics. | Requirements: MSR-069-17A951F258 | Tests: TC-MSR-069-17A951F258","MSR-069-AC5C417E08;MSR-069-10F8FED986;MSR-069-026751BC2D;MSR-069-2AE08F1750;MSR-069-A964CB407C;MSR-069-4ECB75ED56;MSR-069-A5AD8BE60C;MSR-069-717AAF2C29;MSR-069-17A951F258","TC-MSR-069-AC5C417E08;TC-MSR-069-10F8FED986;TC-MSR-069-026751BC2D;TC-MSR-069-2AE08F1750;TC-MSR-069-A964CB407C;TC-MSR-069-4ECB75ED56;TC-MSR-069-A5AD8BE60C;TC-MSR-069-717AAF2C29;TC-MSR-069-17A951F258","Phase 5","Master specification §69"
"233","Story","REAL-TIME ALERTS: requirement set 01","As a Platform Product Owner, I want the real-time alerts requirements delivered, so that the platform conforms to the traced master product specification.","","SUB-E001","1","US-MSR-070-01","sintius phase-5 master-specification","Medium","To Do","not_started","0","AC-MSR-070-01-01 | The platform must support Payment success rate down 7%. within real-time alerts. | Requirements: MSR-070-73B3BEF332 | Tests: TC-MSR-070-73B3BEF332
AC-MSR-070-01-02 | The platform must support Gateway X experiencing elevated failures. within real-time alerts. | Requirements: MSR-070-B255E598A5 | Tests: TC-MSR-070-B255E598A5
AC-MSR-070-01-03 | The platform must support Usage feed from Service Y has stopped. within real-time alerts. | Requirements: MSR-070-7C020C7AB8 | Tests: TC-MSR-070-7C020C7AB8
AC-MSR-070-01-04 | The platform must support Potential duplicate invoices detected. within real-time alerts. | Requirements: MSR-070-4EC4D69DB9 | Tests: TC-MSR-070-4EC4D69DB9
AC-MSR-070-01-05 | The platform must support ₹4.2M revenue at risk this week. within real-time alerts. | Requirements: MSR-070-46D4867E5C | Tests: TC-MSR-070-46D4867E5C
AC-MSR-070-01-06 | The platform must support Large customer approaching usage cap. within real-time alerts. | Requirements: MSR-070-B8AF4326A3 | Tests: TC-MSR-070-B8AF4326A3
AC-MSR-070-01-07 | The platform must support Unusual refund spike detected. within real-time alerts. | Requirements: MSR-070-09EB202699 | Tests: TC-MSR-070-09EB202699","MSR-070-73B3BEF332;MSR-070-B255E598A5;MSR-070-7C020C7AB8;MSR-070-4EC4D69DB9;MSR-070-46D4867E5C;MSR-070-B8AF4326A3;MSR-070-09EB202699","TC-MSR-070-73B3BEF332;TC-MSR-070-B255E598A5;TC-MSR-070-7C020C7AB8;TC-MSR-070-4EC4D69DB9;TC-MSR-070-46D4867E5C;TC-MSR-070-B8AF4326A3;TC-MSR-070-09EB202699","Phase 5","Master specification §70"
"234","Story","FORECASTING: requirement set 01","As a Revenue Analyst, I want the forecasting requirements delivered, so that the platform conforms to the traced master product specification.","","SUB-E014","14","US-MSR-071-01","sintius phase-5 master-specification","Medium","To Do","not_started","0","AC-MSR-071-01-01 | The platform must support MRR within forecasting. | Requirements: MSR-071-0B98C23DF7 | Tests: TC-MSR-071-0B98C23DF7
AC-MSR-071-01-02 | The platform must support ARR within forecasting. | Requirements: MSR-071-CFC9AADB40 | Tests: TC-MSR-071-CFC9AADB40
AC-MSR-071-01-03 | The platform must support Cash collections within forecasting. | Requirements: MSR-071-A8250672A1 | Tests: TC-MSR-071-A8250672A1
AC-MSR-071-01-04 | The platform must support Renewals within forecasting. | Requirements: MSR-071-26F7AF40EC | Tests: TC-MSR-071-26F7AF40EC
AC-MSR-071-01-05 | The platform must support Churn within forecasting. | Requirements: MSR-071-3EF4DA96FA | Tests: TC-MSR-071-3EF4DA96FA
AC-MSR-071-01-06 | The platform must support Usage revenue within forecasting. | Requirements: MSR-071-043F600366 | Tests: TC-MSR-071-043F600366
AC-MSR-071-01-07 | The platform must support Overdue receivables. within forecasting. | Requirements: MSR-071-5E0FD86709 | Tests: TC-MSR-071-5E0FD86709
AC-MSR-071-01-08 | Separate contractual forecast from probabilistic forecast. | Requirements: MSR-071-DFC78A2123 | Tests: TC-MSR-071-DFC78A2123
AC-MSR-071-01-09 | Never present AI forecasts as accounting truth. | Requirements: MSR-071-F7613A8215 | Tests: TC-MSR-071-F7613A8215","MSR-071-0B98C23DF7;MSR-071-CFC9AADB40;MSR-071-A8250672A1;MSR-071-26F7AF40EC;MSR-071-3EF4DA96FA;MSR-071-043F600366;MSR-071-5E0FD86709;MSR-071-DFC78A2123;MSR-071-F7613A8215","TC-MSR-071-0B98C23DF7;TC-MSR-071-CFC9AADB40;TC-MSR-071-A8250672A1;TC-MSR-071-26F7AF40EC;TC-MSR-071-3EF4DA96FA;TC-MSR-071-043F600366;TC-MSR-071-5E0FD86709;TC-MSR-071-DFC78A2123;TC-MSR-071-F7613A8215","Phase 5","Master specification §71"
"235","Story","CUSTOM REPORT BUILDER: requirement set 01","As a Revenue Analyst, I want the custom report builder requirements delivered, so that the platform conforms to the traced master product specification.","","SUB-E014","14","US-MSR-072-01","sintius phase-5 master-specification","Medium","To Do","not_started","0","AC-MSR-072-01-01 | The platform must support Object within custom report builder. | Requirements: MSR-072-4C1086AEE1 | Tests: TC-MSR-072-4C1086AEE1
AC-MSR-072-01-02 | The platform must support Metrics within custom report builder. | Requirements: MSR-072-57753B9430 | Tests: TC-MSR-072-57753B9430
AC-MSR-072-01-03 | The platform must support Dimensions within custom report builder. | Requirements: MSR-072-E67F2E45AA | Tests: TC-MSR-072-E67F2E45AA
AC-MSR-072-01-04 | The platform must support Filters within custom report builder. | Requirements: MSR-072-6365513642 | Tests: TC-MSR-072-6365513642
AC-MSR-072-01-05 | The platform must support Time range within custom report builder. | Requirements: MSR-072-D330EF650A | Tests: TC-MSR-072-D330EF650A
AC-MSR-072-01-06 | The platform must support Visualization. within custom report builder. | Requirements: MSR-072-D08C03445C | Tests: TC-MSR-072-D08C03445C
AC-MSR-072-01-07 | Allow report scheduling and exports. | Requirements: MSR-072-C0312C3FEC | Tests: TC-MSR-072-C0312C3FEC","MSR-072-4C1086AEE1;MSR-072-57753B9430;MSR-072-E67F2E45AA;MSR-072-6365513642;MSR-072-D330EF650A;MSR-072-D08C03445C;MSR-072-C0312C3FEC","TC-MSR-072-4C1086AEE1;TC-MSR-072-57753B9430;TC-MSR-072-E67F2E45AA;TC-MSR-072-6365513642;TC-MSR-072-D330EF650A;TC-MSR-072-D08C03445C;TC-MSR-072-C0312C3FEC","Phase 5","Master specification §72"
"236","Story","GLOBAL SEARCH: requirement set 01","As a Platform Product Owner, I want the global search requirements delivered, so that the platform conforms to the traced master product specification.","","SUB-E001","1","US-MSR-073-01","sintius phase-5 master-specification","Medium","To Do","not_started","0","AC-MSR-073-01-01 | The platform must support customer name within global search. | Requirements: MSR-073-BE07DB1853 | Tests: TC-MSR-073-BE07DB1853
AC-MSR-073-01-02 | The platform must support invoice within global search. | Requirements: MSR-073-065DF6058A | Tests: TC-MSR-073-065DF6058A
AC-MSR-073-01-03 | The platform must support subscription within global search. | Requirements: MSR-073-AB19D17A5D | Tests: TC-MSR-073-AB19D17A5D
AC-MSR-073-01-04 | The platform must support payment within global search. | Requirements: MSR-073-8090DCA43E | Tests: TC-MSR-073-8090DCA43E
AC-MSR-073-01-05 | The platform must support email within global search. | Requirements: MSR-073-E28A7C7024 | Tests: TC-MSR-073-E28A7C7024
AC-MSR-073-01-06 | The platform must support contract within global search. | Requirements: MSR-073-EE1FB3597D | Tests: TC-MSR-073-EE1FB3597D
AC-MSR-073-01-07 | The platform must support transaction ID within global search. | Requirements: MSR-073-C98AA61D05 | Tests: TC-MSR-073-C98AA61D05
AC-MSR-073-01-08 | The platform must support gateway reference within global search. | Requirements: MSR-073-777654A0F2 | Tests: TC-MSR-073-777654A0F2
AC-MSR-073-01-09 | The platform must support product. within global search. | Requirements: MSR-073-7B8403399A | Tests: TC-MSR-073-7B8403399A
AC-MSR-073-01-10 | Results should appear instantly. | Requirements: MSR-073-4A32679964 | Tests: TC-MSR-073-4A32679964","MSR-073-BE07DB1853;MSR-073-065DF6058A;MSR-073-AB19D17A5D;MSR-073-8090DCA43E;MSR-073-E28A7C7024;MSR-073-EE1FB3597D;MSR-073-C98AA61D05;MSR-073-777654A0F2;MSR-073-7B8403399A;MSR-073-4A32679964","TC-MSR-073-BE07DB1853;TC-MSR-073-065DF6058A;TC-MSR-073-AB19D17A5D;TC-MSR-073-8090DCA43E;TC-MSR-073-E28A7C7024;TC-MSR-073-EE1FB3597D;TC-MSR-073-C98AA61D05;TC-MSR-073-777654A0F2;TC-MSR-073-7B8403399A;TC-MSR-073-4A32679964","Phase 5","Master specification §73"
"237","Story","CUSTOM FIELDS: requirement set 01","As a Platform Product Owner, I want the custom fields requirements delivered, so that the platform conforms to the traced master product specification.","","SUB-E001","1","US-MSR-074-01","sintius phase-5 master-specification","Medium","To Do","not_started","0","AC-MSR-074-01-01 | Admins can add custom fields to core objects. | Requirements: MSR-074-BEFD742694 | Tests: TC-MSR-074-BEFD742694
AC-MSR-074-01-02 | The platform must support Text within custom fields. | Requirements: MSR-074-1187FA7835 | Tests: TC-MSR-074-1187FA7835
AC-MSR-074-01-03 | The platform must support Number within custom fields. | Requirements: MSR-074-2327A25E22 | Tests: TC-MSR-074-2327A25E22
AC-MSR-074-01-04 | The platform must support Currency within custom fields. | Requirements: MSR-074-ABD1582117 | Tests: TC-MSR-074-ABD1582117
AC-MSR-074-01-05 | The platform must support Date within custom fields. | Requirements: MSR-074-941EAFE517 | Tests: TC-MSR-074-941EAFE517
AC-MSR-074-01-06 | The platform must support Boolean within custom fields. | Requirements: MSR-074-72DAA0D70C | Tests: TC-MSR-074-72DAA0D70C
AC-MSR-074-01-07 | The platform must support List within custom fields. | Requirements: MSR-074-AC6412C226 | Tests: TC-MSR-074-AC6412C226
AC-MSR-074-01-08 | The platform must support Reference within custom fields. | Requirements: MSR-074-732AA87B90 | Tests: TC-MSR-074-732AA87B90
AC-MSR-074-01-09 | The platform must support Formula. within custom fields. | Requirements: MSR-074-825677E6B0 | Tests: TC-MSR-074-825677E6B0
AC-MSR-074-01-10 | Product and implementation decisions must conform to this master-specification constraint: Custom fields available through API, workflow and reporting. | Requirements: MSR-074-E4932787A7 | Tests: TC-MSR-074-E4932787A7","MSR-074-BEFD742694;MSR-074-1187FA7835;MSR-074-2327A25E22;MSR-074-ABD1582117;MSR-074-941EAFE517;MSR-074-72DAA0D70C;MSR-074-AC6412C226;MSR-074-732AA87B90;MSR-074-825677E6B0;MSR-074-E4932787A7","TC-MSR-074-BEFD742694;TC-MSR-074-1187FA7835;TC-MSR-074-2327A25E22;TC-MSR-074-ABD1582117;TC-MSR-074-941EAFE517;TC-MSR-074-72DAA0D70C;TC-MSR-074-AC6412C226;TC-MSR-074-732AA87B90;TC-MSR-074-825677E6B0;TC-MSR-074-E4932787A7","Phase 5","Master specification §74"
"238","Story","IMPORT / MIGRATION: requirement set 01","As a Integration Administrator, I want the import / migration requirements delivered, so that the platform conforms to the traced master product specification.","","SUB-E016","16","US-MSR-075-01","sintius phase-5 master-specification","Medium","To Do","not_started","0","AC-MSR-075-01-01 | The platform must support SAP BRIM within import / migration. | Requirements: MSR-075-6C843042DC | Tests: TC-MSR-075-6C843042DC
AC-MSR-075-01-02 | The platform must support Chargebee within import / migration. | Requirements: MSR-075-F3AE4CAAA0 | Tests: TC-MSR-075-F3AE4CAAA0
AC-MSR-075-01-03 | The platform must support Recurly within import / migration. | Requirements: MSR-075-A0A3A850ED | Tests: TC-MSR-075-A0A3A850ED
AC-MSR-075-01-04 | The platform must support Zuora within import / migration. | Requirements: MSR-075-FC05C95858 | Tests: TC-MSR-075-FC05C95858
AC-MSR-075-01-05 | The platform must support Stripe Billing within import / migration. | Requirements: MSR-075-B40B6E5204 | Tests: TC-MSR-075-B40B6E5204
AC-MSR-075-01-06 | The platform must support custom platforms. within import / migration. | Requirements: MSR-075-93272C12FB | Tests: TC-MSR-075-93272C12FB
AC-MSR-075-01-07 | Product and implementation decisions must conform to this master-specification constraint: Extract → Map → Transform → Validate → Reconcile → Dry run → Cutover. | Requirements: MSR-075-AC45718D77 | Tests: TC-MSR-075-AC45718D77
AC-MSR-075-01-08 | The platform must support customers within import / migration. | Requirements: MSR-075-87EFF41C24 | Tests: TC-MSR-075-87EFF41C24
AC-MSR-075-01-09 | The platform must support contracts within import / migration. | Requirements: MSR-075-8E1C27694F | Tests: TC-MSR-075-8E1C27694F
AC-MSR-075-01-10 | The platform must support subscriptions within import / migration. | Requirements: MSR-075-0CE17263C9 | Tests: TC-MSR-075-0CE17263C9","MSR-075-6C843042DC;MSR-075-F3AE4CAAA0;MSR-075-A0A3A850ED;MSR-075-FC05C95858;MSR-075-B40B6E5204;MSR-075-93272C12FB;MSR-075-AC45718D77;MSR-075-87EFF41C24;MSR-075-8E1C27694F;MSR-075-0CE17263C9","TC-MSR-075-6C843042DC;TC-MSR-075-F3AE4CAAA0;TC-MSR-075-A0A3A850ED;TC-MSR-075-FC05C95858;TC-MSR-075-B40B6E5204;TC-MSR-075-93272C12FB;TC-MSR-075-AC45718D77;TC-MSR-075-87EFF41C24;TC-MSR-075-8E1C27694F;TC-MSR-075-0CE17263C9","Phase 5","Master specification §75"
"239","Story","IMPORT / MIGRATION: requirement set 02","As a Integration Administrator, I want the import / migration requirements delivered, so that the platform conforms to the traced master product specification.","","SUB-E016","16","US-MSR-075-02","sintius phase-5 master-specification","Medium","To Do","not_started","0","AC-MSR-075-02-01 | The platform must support balances within import / migration. | Requirements: MSR-075-0DE75B34C3 | Tests: TC-MSR-075-0DE75B34C3
AC-MSR-075-02-02 | The platform must support credits within import / migration. | Requirements: MSR-075-151FA3FE9E | Tests: TC-MSR-075-151FA3FE9E
AC-MSR-075-02-03 | The platform must support invoices within import / migration. | Requirements: MSR-075-80D543FCF4 | Tests: TC-MSR-075-80D543FCF4
AC-MSR-075-02-04 | The platform must support payment references within import / migration. | Requirements: MSR-075-9CE9C1FF44 | Tests: TC-MSR-075-9CE9C1FF44
AC-MSR-075-02-05 | The platform must support price history. within import / migration. | Requirements: MSR-075-6729F29977 | Tests: TC-MSR-075-6729F29977","MSR-075-0DE75B34C3;MSR-075-151FA3FE9E;MSR-075-80D543FCF4;MSR-075-9CE9C1FF44;MSR-075-6729F29977","TC-MSR-075-0DE75B34C3;TC-MSR-075-151FA3FE9E;TC-MSR-075-80D543FCF4;TC-MSR-075-9CE9C1FF44;TC-MSR-075-6729F29977","Phase 5","Master specification §75"
"240","Story","CONFIGURATION PROMOTION: requirement set 01","As a Integration Administrator, I want the configuration promotion requirements delivered, so that the platform conforms to the traced master product specification.","","SUB-E016","16","US-MSR-076-01","sintius phase-5 master-specification","Medium","To Do","not_started","0","AC-MSR-076-01-01 | The platform must support Development within configuration promotion. | Requirements: MSR-076-7DA2F6FE6E | Tests: TC-MSR-076-7DA2F6FE6E
AC-MSR-076-01-02 | The platform must support Test within configuration promotion. | Requirements: MSR-076-187A749121 | Tests: TC-MSR-076-187A749121
AC-MSR-076-01-03 | The platform must support UAT within configuration promotion. | Requirements: MSR-076-0882694E34 | Tests: TC-MSR-076-0882694E34
AC-MSR-076-01-04 | The platform must support Production. within configuration promotion. | Requirements: MSR-076-6AAD214540 | Tests: TC-MSR-076-6AAD214540
AC-MSR-076-01-05 | Product and implementation decisions must conform to this master-specification constraint: Configuration packages can move between environments. | Requirements: MSR-076-F80A0C6DEF | Tests: TC-MSR-076-F80A0C6DEF
AC-MSR-076-01-06 | Support dependency checks and rollback. | Requirements: MSR-076-3B83B8CAEF | Tests: TC-MSR-076-3B83B8CAEF","MSR-076-7DA2F6FE6E;MSR-076-187A749121;MSR-076-0882694E34;MSR-076-6AAD214540;MSR-076-F80A0C6DEF;MSR-076-3B83B8CAEF","TC-MSR-076-7DA2F6FE6E;TC-MSR-076-187A749121;TC-MSR-076-0882694E34;TC-MSR-076-6AAD214540;TC-MSR-076-F80A0C6DEF;TC-MSR-076-3B83B8CAEF","Phase 5","Master specification §76"
"241","Story","OBSERVABILITY: requirement set 01","As a Platform Product Owner, I want the observability requirements delivered, so that the platform conforms to the traced master product specification.","","SUB-E001","1","US-MSR-077-01","sintius phase-0 master-specification","Medium","To Do","not_started","0","AC-MSR-077-01-01 | Every financial transaction should have distributed tracing. | Requirements: MSR-077-2C5D0A3880 | Tests: TC-MSR-077-2C5D0A3880
AC-MSR-077-01-02 | Provide correlation IDs. | Requirements: MSR-077-ED122A5177 | Tests: TC-MSR-077-ED122A5177
AC-MSR-077-01-03 | Metrics, logs and traces must be integrated. | Requirements: MSR-077-F174B8F0CF | Tests: TC-MSR-077-F174B8F0CF","MSR-077-2C5D0A3880;MSR-077-ED122A5177;MSR-077-F174B8F0CF","TC-MSR-077-2C5D0A3880;TC-MSR-077-ED122A5177;TC-MSR-077-F174B8F0CF","Phase 0","Master specification §77"
"242","Story","RELIABILITY: requirement set 01","As a Platform Product Owner, I want the reliability requirements delivered, so that the platform conforms to the traced master product specification.","","SUB-E001","1","US-MSR-078-01","sintius phase-0 master-specification","Medium","To Do","not_started","0","AC-MSR-078-01-01 | The platform must support 99.99% availability for critical financial capabilities where commercially appropriate. within reliability. | Requirements: MSR-078-DE76B43246 | Tests: TC-MSR-078-DE76B43246
AC-MSR-078-01-02 | The platform must support No single point of failure. within reliability. | Requirements: MSR-078-4932A8CF42 | Tests: TC-MSR-078-4932A8CF42
AC-MSR-078-01-03 | The platform must support Multi-zone deployment. within reliability. | Requirements: MSR-078-44C9754328 | Tests: TC-MSR-078-44C9754328
AC-MSR-078-01-04 | The platform must support Backups. within reliability. | Requirements: MSR-078-E8326FEEBF | Tests: TC-MSR-078-E8326FEEBF
AC-MSR-078-01-05 | The platform must support Point-in-time recovery. within reliability. | Requirements: MSR-078-19586506A0 | Tests: TC-MSR-078-19586506A0
AC-MSR-078-01-06 | The platform must support Disaster recovery. within reliability. | Requirements: MSR-078-0F4705315E | Tests: TC-MSR-078-0F4705315E
AC-MSR-078-01-07 | The platform must support Graceful degradation. within reliability. | Requirements: MSR-078-D439858FC9 | Tests: TC-MSR-078-D439858FC9","MSR-078-DE76B43246;MSR-078-4932A8CF42;MSR-078-44C9754328;MSR-078-E8326FEEBF;MSR-078-19586506A0;MSR-078-0F4705315E;MSR-078-D439858FC9","TC-MSR-078-DE76B43246;TC-MSR-078-4932A8CF42;TC-MSR-078-44C9754328;TC-MSR-078-E8326FEEBF;TC-MSR-078-19586506A0;TC-MSR-078-0F4705315E;TC-MSR-078-D439858FC9","Phase 0","Master specification §78"
"243","Story","PERFORMANCE: requirement set 01","As a Platform Product Owner, I want the performance requirements delivered, so that the platform conforms to the traced master product specification.","","SUB-E001","1","US-MSR-079-01","sintius phase-0 master-specification","Medium","To Do","not_started","0","AC-MSR-079-01-01 | The platform must support UI interaction < 2 seconds for common workflows. within performance. | Requirements: MSR-079-2622D9EC40 | Tests: TC-MSR-079-2622D9EC40
AC-MSR-079-01-02 | The platform must support Search < 1 second where practical. within performance. | Requirements: MSR-079-7E3587C3AF | Tests: TC-MSR-079-7E3587C3AF
AC-MSR-079-01-03 | The platform must support APIs p95 < 500 ms for standard operations excluding external dependencies. within performance. | Requirements: MSR-079-2E797F6228 | Tests: TC-MSR-079-2E797F6228
AC-MSR-079-01-04 | The platform must support Usage infrastructure horizontally scalable. within performance. | Requirements: MSR-079-C7E773BF00 | Tests: TC-MSR-079-C7E773BF00
AC-MSR-079-01-05 | The platform must support Financial batch processes restartable and resumable. within performance. | Requirements: MSR-079-EB4C619FD7 | Tests: TC-MSR-079-EB4C619FD7","MSR-079-2622D9EC40;MSR-079-7E3587C3AF;MSR-079-2E797F6228;MSR-079-C7E773BF00;MSR-079-EB4C619FD7","TC-MSR-079-2622D9EC40;TC-MSR-079-7E3587C3AF;TC-MSR-079-2E797F6228;TC-MSR-079-C7E773BF00;TC-MSR-079-EB4C619FD7","Phase 0","Master specification §79"
"244","Story","SECURITY: requirement set 01","As a Finance Controller, I want the security requirements delivered, so that the platform conforms to the traced master product specification.","","SUB-E017","17","US-MSR-080-01","sintius phase-0 master-specification","Medium","To Do","not_started","0","AC-MSR-080-01-01 | The platform must support OIDC/OAuth2 within security. | Requirements: MSR-080-3B6F4B3FE4 | Tests: TC-MSR-080-3B6F4B3FE4
AC-MSR-080-01-02 | The platform must support SAML SSO within security. | Requirements: MSR-080-A555453F8D | Tests: TC-MSR-080-A555453F8D
AC-MSR-080-01-03 | The platform must support MFA within security. | Requirements: MSR-080-477F636C27 | Tests: TC-MSR-080-477F636C27
AC-MSR-080-01-04 | The platform must support RBAC within security. | Requirements: MSR-080-0F3ACE0DE7 | Tests: TC-MSR-080-0F3ACE0DE7
AC-MSR-080-01-05 | The platform must support ABAC where appropriate within security. | Requirements: MSR-080-4119ED6371 | Tests: TC-MSR-080-4119ED6371
AC-MSR-080-01-06 | The platform must support encryption in transit within security. | Requirements: MSR-080-F126410B90 | Tests: TC-MSR-080-F126410B90
AC-MSR-080-01-07 | The platform must support encryption at rest within security. | Requirements: MSR-080-0B8B50FDE2 | Tests: TC-MSR-080-0B8B50FDE2
AC-MSR-080-01-08 | The platform must support key rotation within security. | Requirements: MSR-080-7480D7B672 | Tests: TC-MSR-080-7480D7B672
AC-MSR-080-01-09 | The platform must support secrets management within security. | Requirements: MSR-080-0798CE9787 | Tests: TC-MSR-080-0798CE9787
AC-MSR-080-01-10 | The platform must support rate limiting within security. | Requirements: MSR-080-30530AEE0A | Tests: TC-MSR-080-30530AEE0A","MSR-080-3B6F4B3FE4;MSR-080-A555453F8D;MSR-080-477F636C27;MSR-080-0F3ACE0DE7;MSR-080-4119ED6371;MSR-080-F126410B90;MSR-080-0B8B50FDE2;MSR-080-7480D7B672;MSR-080-0798CE9787;MSR-080-30530AEE0A","TC-MSR-080-3B6F4B3FE4;TC-MSR-080-A555453F8D;TC-MSR-080-477F636C27;TC-MSR-080-0F3ACE0DE7;TC-MSR-080-4119ED6371;TC-MSR-080-F126410B90;TC-MSR-080-0B8B50FDE2;TC-MSR-080-7480D7B672;TC-MSR-080-0798CE9787;TC-MSR-080-30530AEE0A","Phase 0","Master specification §80"
"245","Story","SECURITY: requirement set 02","As a Finance Controller, I want the security requirements delivered, so that the platform conforms to the traced master product specification.","","SUB-E017","17","US-MSR-080-02","sintius phase-0 master-specification","Medium","To Do","not_started","0","AC-MSR-080-02-01 | The platform must support WAF within security. | Requirements: MSR-080-6A626278D5 | Tests: TC-MSR-080-6A626278D5
AC-MSR-080-02-02 | The platform must support fraud controls within security. | Requirements: MSR-080-F86514DC24 | Tests: TC-MSR-080-F86514DC24
AC-MSR-080-02-03 | The platform must support secure audit logs. within security. | Requirements: MSR-080-FCED65F296 | Tests: TC-MSR-080-FCED65F296
AC-MSR-080-02-04 | The platform must support SOC 2 within security. | Requirements: MSR-080-3853389FB2 | Tests: TC-MSR-080-3853389FB2
AC-MSR-080-02-05 | The platform must support ISO 27001 within security. | Requirements: MSR-080-31687124AE | Tests: TC-MSR-080-31687124AE
AC-MSR-080-02-06 | The platform must support PCI DSS scope minimization within security. | Requirements: MSR-080-0FE00D5DE8 | Tests: TC-MSR-080-0FE00D5DE8
AC-MSR-080-02-07 | The platform must support GDPR within security. | Requirements: MSR-080-AE1C8B060E | Tests: TC-MSR-080-AE1C8B060E
AC-MSR-080-02-08 | The platform must support regional privacy laws. within security. | Requirements: MSR-080-B1898B2E81 | Tests: TC-MSR-080-B1898B2E81
AC-MSR-080-02-09 | Never store raw payment credentials unnecessarily. | Requirements: MSR-080-CE9A4F4FB3 | Tests: TC-MSR-080-CE9A4F4FB3
AC-MSR-080-02-10 | Use payment-provider tokenization. | Requirements: MSR-080-FEAB9ADDB5 | Tests: TC-MSR-080-FEAB9ADDB5","MSR-080-6A626278D5;MSR-080-F86514DC24;MSR-080-FCED65F296;MSR-080-3853389FB2;MSR-080-31687124AE;MSR-080-0FE00D5DE8;MSR-080-AE1C8B060E;MSR-080-B1898B2E81;MSR-080-CE9A4F4FB3;MSR-080-FEAB9ADDB5","TC-MSR-080-6A626278D5;TC-MSR-080-F86514DC24;TC-MSR-080-FCED65F296;TC-MSR-080-3853389FB2;TC-MSR-080-31687124AE;TC-MSR-080-0FE00D5DE8;TC-MSR-080-AE1C8B060E;TC-MSR-080-B1898B2E81;TC-MSR-080-CE9A4F4FB3;TC-MSR-080-FEAB9ADDB5","Phase 0","Master specification §80"
"246","Story","DATA RESIDENCY: requirement set 01","As a Finance Controller, I want the data residency requirements delivered, so that the platform conforms to the traced master product specification.","","SUB-E017","17","US-MSR-081-01","sintius phase-0 master-specification","Medium","To Do","not_started","0","AC-MSR-081-01-01 | Product and implementation decisions must conform to this master-specification constraint: Architect optional regional deployment. | Requirements: MSR-081-BCBE08988D | Tests: TC-MSR-081-BCBE08988D
AC-MSR-081-01-02 | The platform must support India within data residency. | Requirements: MSR-081-EE83330F60 | Tests: TC-MSR-081-EE83330F60
AC-MSR-081-01-03 | The platform must support APAC. within data residency. | Requirements: MSR-081-931D58814F | Tests: TC-MSR-081-931D58814F
AC-MSR-081-01-04 | Tenant data residency should be configurable where required. | Requirements: MSR-081-2D86E5C421 | Tests: TC-MSR-081-2D86E5C421","MSR-081-BCBE08988D;MSR-081-EE83330F60;MSR-081-931D58814F;MSR-081-2D86E5C421","TC-MSR-081-BCBE08988D;TC-MSR-081-EE83330F60;TC-MSR-081-931D58814F;TC-MSR-081-2D86E5C421","Phase 0","Master specification §81"
"247","Story","DEVELOPER EXPERIENCE: requirement set 01","As a Platform Product Owner, I want the developer experience requirements delivered, so that the platform conforms to the traced master product specification.","","SUB-E001","1","US-MSR-083-01","sintius phase-0 master-specification","Medium","To Do","not_started","0","AC-MSR-083-01-01 | The platform must support API documentation within developer experience. | Requirements: MSR-083-BF2E2B39BA | Tests: TC-MSR-083-BF2E2B39BA
AC-MSR-083-01-02 | The platform must support SDKs within developer experience. | Requirements: MSR-083-CA4B4334DD | Tests: TC-MSR-083-CA4B4334DD
AC-MSR-083-01-03 | The platform must support CLI within developer experience. | Requirements: MSR-083-713B82A0B0 | Tests: TC-MSR-083-713B82A0B0
AC-MSR-083-01-04 | The platform must support Webhook tester within developer experience. | Requirements: MSR-083-F6A3868F4E | Tests: TC-MSR-083-F6A3868F4E
AC-MSR-083-01-05 | The platform must support API explorer within developer experience. | Requirements: MSR-083-C7BCE0FF97 | Tests: TC-MSR-083-C7BCE0FF97
AC-MSR-083-01-06 | The platform must support sandbox within developer experience. | Requirements: MSR-083-76B60CF14D | Tests: TC-MSR-083-76B60CF14D
AC-MSR-083-01-07 | The platform must support sample applications within developer experience. | Requirements: MSR-083-5DFF4CBBF8 | Tests: TC-MSR-083-5DFF4CBBF8
AC-MSR-083-01-08 | The platform must support event simulator within developer experience. | Requirements: MSR-083-0732BD00EA | Tests: TC-MSR-083-0732BD00EA
AC-MSR-083-01-09 | The platform must support usage generator within developer experience. | Requirements: MSR-083-95DD441678 | Tests: TC-MSR-083-95DD441678
AC-MSR-083-01-10 | The platform must support Postman collections. within developer experience. | Requirements: MSR-083-D0A908D473 | Tests: TC-MSR-083-D0A908D473","MSR-083-BF2E2B39BA;MSR-083-CA4B4334DD;MSR-083-713B82A0B0;MSR-083-F6A3868F4E;MSR-083-C7BCE0FF97;MSR-083-76B60CF14D;MSR-083-5DFF4CBBF8;MSR-083-0732BD00EA;MSR-083-95DD441678;MSR-083-D0A908D473","TC-MSR-083-BF2E2B39BA;TC-MSR-083-CA4B4334DD;TC-MSR-083-713B82A0B0;TC-MSR-083-F6A3868F4E;TC-MSR-083-C7BCE0FF97;TC-MSR-083-76B60CF14D;TC-MSR-083-5DFF4CBBF8;TC-MSR-083-0732BD00EA;TC-MSR-083-95DD441678;TC-MSR-083-D0A908D473","Phase 0","Master specification §83"
"248","Story","DEVELOPER EXPERIENCE: requirement set 02","As a Platform Product Owner, I want the developer experience requirements delivered, so that the platform conforms to the traced master product specification.","","SUB-E001","1","US-MSR-083-02","sintius phase-0 master-specification","Medium","To Do","not_started","0","AC-MSR-083-02-01 | Developers should be able to create a simple subscription within minutes. | Requirements: MSR-083-749512F734 | Tests: TC-MSR-083-749512F734","MSR-083-749512F734","TC-MSR-083-749512F734","Phase 0","Master specification §83"
"249","Story","INTEGRATION MARKETPLACE: requirement set 01","As a Integration Administrator, I want the integration marketplace requirements delivered, so that the platform conforms to the traced master product specification.","","SUB-E016","16","US-MSR-084-01","sintius phase-5 master-specification","Medium","To Do","not_started","0","AC-MSR-084-01-01 | The platform must support CRM within integration marketplace. | Requirements: MSR-084-67DC5340F0 | Tests: TC-MSR-084-67DC5340F0
AC-MSR-084-01-02 | The platform must support ERP within integration marketplace. | Requirements: MSR-084-088141E9A4 | Tests: TC-MSR-084-088141E9A4
AC-MSR-084-01-03 | The platform must support Tax within integration marketplace. | Requirements: MSR-084-E052E49139 | Tests: TC-MSR-084-E052E49139
AC-MSR-084-01-04 | The platform must support Payments within integration marketplace. | Requirements: MSR-084-02E4F68FED | Tests: TC-MSR-084-02E4F68FED
AC-MSR-084-01-05 | The platform must support Banks within integration marketplace. | Requirements: MSR-084-4A82C21665 | Tests: TC-MSR-084-4A82C21665
AC-MSR-084-01-06 | The platform must support Data Warehouse within integration marketplace. | Requirements: MSR-084-00A095D3C8 | Tests: TC-MSR-084-00A095D3C8
AC-MSR-084-01-07 | The platform must support Messaging within integration marketplace. | Requirements: MSR-084-A7AA8D9C15 | Tests: TC-MSR-084-A7AA8D9C15
AC-MSR-084-01-08 | The platform must support Customer Support within integration marketplace. | Requirements: MSR-084-B190A36067 | Tests: TC-MSR-084-B190A36067
AC-MSR-084-01-09 | The platform must support Identity within integration marketplace. | Requirements: MSR-084-5BBC7AE801 | Tests: TC-MSR-084-5BBC7AE801
AC-MSR-084-01-10 | The platform must support CPQ within integration marketplace. | Requirements: MSR-084-1AA54603DB | Tests: TC-MSR-084-1AA54603DB","MSR-084-67DC5340F0;MSR-084-088141E9A4;MSR-084-E052E49139;MSR-084-02E4F68FED;MSR-084-4A82C21665;MSR-084-00A095D3C8;MSR-084-A7AA8D9C15;MSR-084-B190A36067;MSR-084-5BBC7AE801;MSR-084-1AA54603DB","TC-MSR-084-67DC5340F0;TC-MSR-084-088141E9A4;TC-MSR-084-E052E49139;TC-MSR-084-02E4F68FED;TC-MSR-084-4A82C21665;TC-MSR-084-00A095D3C8;TC-MSR-084-A7AA8D9C15;TC-MSR-084-B190A36067;TC-MSR-084-5BBC7AE801;TC-MSR-084-1AA54603DB","Phase 5","Master specification §84"
"250","Story","INTEGRATION MARKETPLACE: requirement set 02","As a Integration Administrator, I want the integration marketplace requirements delivered, so that the platform conforms to the traced master product specification.","","SUB-E016","16","US-MSR-084-02","sintius phase-5 master-specification","Medium","To Do","not_started","0","AC-MSR-084-02-01 | The platform must support Analytics. within integration marketplace. | Requirements: MSR-084-BFE9F9C4C2 | Tests: TC-MSR-084-BFE9F9C4C2
AC-MSR-084-02-02 | The platform must support Salesforce within integration marketplace. | Requirements: MSR-084-6AE8330240 | Tests: TC-MSR-084-6AE8330240
AC-MSR-084-02-03 | The platform must support SAP within integration marketplace. | Requirements: MSR-084-A34CF88792 | Tests: TC-MSR-084-A34CF88792
AC-MSR-084-02-04 | The platform must support Oracle within integration marketplace. | Requirements: MSR-084-7C211086EA | Tests: TC-MSR-084-7C211086EA
AC-MSR-084-02-05 | The platform must support NetSuite within integration marketplace. | Requirements: MSR-084-0E940B5851 | Tests: TC-MSR-084-0E940B5851
AC-MSR-084-02-06 | The platform must support Stripe within integration marketplace. | Requirements: MSR-084-B7E3E7DAB5 | Tests: TC-MSR-084-B7E3E7DAB5
AC-MSR-084-02-07 | The platform must support Adyen within integration marketplace. | Requirements: MSR-084-A6EA8E07F3 | Tests: TC-MSR-084-A6EA8E07F3
AC-MSR-084-02-08 | The platform must support Razorpay within integration marketplace. | Requirements: MSR-084-1C6D86C23D | Tests: TC-MSR-084-1C6D86C23D
AC-MSR-084-02-09 | The platform must support PayPal within integration marketplace. | Requirements: MSR-084-2CF42DC464 | Tests: TC-MSR-084-2CF42DC464
AC-MSR-084-02-10 | The platform must support Avalara within integration marketplace. | Requirements: MSR-084-B710BCB1B6 | Tests: TC-MSR-084-B710BCB1B6","MSR-084-BFE9F9C4C2;MSR-084-6AE8330240;MSR-084-A34CF88792;MSR-084-7C211086EA;MSR-084-0E940B5851;MSR-084-B7E3E7DAB5;MSR-084-A6EA8E07F3;MSR-084-1C6D86C23D;MSR-084-2CF42DC464;MSR-084-B710BCB1B6","TC-MSR-084-BFE9F9C4C2;TC-MSR-084-6AE8330240;TC-MSR-084-A34CF88792;TC-MSR-084-7C211086EA;TC-MSR-084-0E940B5851;TC-MSR-084-B7E3E7DAB5;TC-MSR-084-A6EA8E07F3;TC-MSR-084-1C6D86C23D;TC-MSR-084-2CF42DC464;TC-MSR-084-B710BCB1B6","Phase 5","Master specification §84"
"251","Story","INTEGRATION MARKETPLACE: requirement set 03","As a Integration Administrator, I want the integration marketplace requirements delivered, so that the platform conforms to the traced master product specification.","","SUB-E016","16","US-MSR-084-03","sintius phase-5 master-specification","Medium","To Do","not_started","0","AC-MSR-084-03-01 | The platform must support Snowflake within integration marketplace. | Requirements: MSR-084-695BED31F2 | Tests: TC-MSR-084-695BED31F2
AC-MSR-084-03-02 | The platform must support Databricks within integration marketplace. | Requirements: MSR-084-F019153731 | Tests: TC-MSR-084-F019153731
AC-MSR-084-03-03 | The platform must support Slack within integration marketplace. | Requirements: MSR-084-DE8275290C | Tests: TC-MSR-084-DE8275290C
AC-MSR-084-03-04 | The platform must support Teams within integration marketplace. | Requirements: MSR-084-1C7B95DEAC | Tests: TC-MSR-084-1C7B95DEAC
AC-MSR-084-03-05 | The platform must support Twilio within integration marketplace. | Requirements: MSR-084-C1338DAD86 | Tests: TC-MSR-084-C1338DAD86
AC-MSR-084-03-06 | The platform must support WhatsApp providers. within integration marketplace. | Requirements: MSR-084-A36EF92D61 | Tests: TC-MSR-084-A36EF92D61","MSR-084-695BED31F2;MSR-084-F019153731;MSR-084-DE8275290C;MSR-084-1C7B95DEAC;MSR-084-C1338DAD86;MSR-084-A36EF92D61","TC-MSR-084-695BED31F2;TC-MSR-084-F019153731;TC-MSR-084-DE8275290C;TC-MSR-084-1C7B95DEAC;TC-MSR-084-C1338DAD86;TC-MSR-084-A36EF92D61","Phase 5","Master specification §84"
"252","Story","DIFFERENTIATION STRATEGY: requirement set 01","As a Platform Product Owner, I want the differentiation strategy requirements delivered, so that the platform conforms to the traced master product specification.","","SUB-E001","1","US-MSR-085-01","sintius cross-horizon master-specification","Medium","To Do","not_started","0","AC-MSR-085-01-01 | The system must not win by having a larger checklist. | Requirements: MSR-085-4390287858 | Tests: TC-MSR-085-4390287858
AC-MSR-085-01-02 | It should win through six integrated advantages. | Requirements: MSR-085-BCB5A75EF7 | Tests: TC-MSR-085-BCB5A75EF7
AC-MSR-085-01-03 | Complete traceability from product offer to accounting. | Requirements: MSR-085-AD4AB0CFC6 | Tests: TC-MSR-085-AD4AB0CFC6
AC-MSR-085-01-04 | Predict and prevent payment failure before dunning begins. | Requirements: MSR-085-BED654E6F3 | Tests: TC-MSR-085-BED654E6F3
AC-MSR-085-01-05 | Product and implementation decisions must conform to this master-specification constraint: Turn billing from an opaque back-office process into a transparent consumer experience. | Requirements: MSR-085-0A4C97A6D1 | Tests: TC-MSR-085-0A4C97A6D1
AC-MSR-085-01-06 | Allow sophisticated pricing to be configured and simulated visually. | Requirements: MSR-085-E1195824B1 | Tests: TC-MSR-085-E1195824B1
AC-MSR-085-01-07 | Use bounded, explainable AI agents to identify leakage, reconcile transactions and optimize collections. | Requirements: MSR-085-BB68ED3B94 | Tests: TC-MSR-085-BB68ED3B94
AC-MSR-085-01-08 | Product and implementation decisions must conform to this master-specification constraint: Everything accessible through UI, API, events, rules, workflow, and extensions. | Requirements: MSR-085-1CC7697344 | Tests: TC-MSR-085-1CC7697344","MSR-085-4390287858;MSR-085-BCB5A75EF7;MSR-085-AD4AB0CFC6;MSR-085-BED654E6F3;MSR-085-0A4C97A6D1;MSR-085-E1195824B1;MSR-085-BB68ED3B94;MSR-085-1CC7697344","TC-MSR-085-4390287858;TC-MSR-085-BCB5A75EF7;TC-MSR-085-AD4AB0CFC6;TC-MSR-085-BED654E6F3;TC-MSR-085-0A4C97A6D1;TC-MSR-085-E1195824B1;TC-MSR-085-BB68ED3B94;TC-MSR-085-1CC7697344","Cross-horizon","Master specification §85"
"253","Story","MVP: requirement set 01","As a Platform Product Owner, I want the mvp requirements delivered, so that the platform conforms to the traced master product specification.","","SUB-E001","1","US-MSR-086-01","sintius mvp master-specification","Medium","To Do","not_started","0","AC-MSR-086-01-01 | Do not attempt to build every enterprise feature initially. | Requirements: MSR-086-C626CB91B8 | Tests: TC-MSR-086-C626CB91B8
AC-MSR-086-01-02 | Build a credible vertical slice. | Requirements: MSR-086-7D9CEBE171 | Tests: TC-MSR-086-7D9CEBE171
AC-MSR-086-01-03 | The MVP must include Authentication. | Requirements: MSR-086-14F9D945D2 | Tests: TC-MSR-086-14F9D945D2
AC-MSR-086-01-04 | The MVP must include Tenants. | Requirements: MSR-086-61A33F2D1A | Tests: TC-MSR-086-61A33F2D1A
AC-MSR-086-01-05 | The MVP must include Customers. | Requirements: MSR-086-AF25D8A82D | Tests: TC-MSR-086-AF25D8A82D
AC-MSR-086-01-06 | The MVP must include Product Catalog. | Requirements: MSR-086-D88A2A6305 | Tests: TC-MSR-086-D88A2A6305
AC-MSR-086-01-07 | The MVP must include Pricing. | Requirements: MSR-086-67DBD6F908 | Tests: TC-MSR-086-67DBD6F908
AC-MSR-086-01-08 | The MVP must include Subscriptions. | Requirements: MSR-086-7EAB7B82E0 | Tests: TC-MSR-086-7EAB7B82E0
AC-MSR-086-01-09 | The MVP must include Invoices. | Requirements: MSR-086-A676356B06 | Tests: TC-MSR-086-A676356B06
AC-MSR-086-01-10 | The MVP must include Payment integration. | Requirements: MSR-086-97006051DE | Tests: TC-MSR-086-97006051DE","MSR-086-C626CB91B8;MSR-086-7D9CEBE171;MSR-086-14F9D945D2;MSR-086-61A33F2D1A;MSR-086-AF25D8A82D;MSR-086-D88A2A6305;MSR-086-67DBD6F908;MSR-086-7EAB7B82E0;MSR-086-A676356B06;MSR-086-97006051DE","TC-MSR-086-C626CB91B8;TC-MSR-086-7D9CEBE171;TC-MSR-086-14F9D945D2;TC-MSR-086-61A33F2D1A;TC-MSR-086-AF25D8A82D;TC-MSR-086-D88A2A6305;TC-MSR-086-67DBD6F908;TC-MSR-086-7EAB7B82E0;TC-MSR-086-A676356B06;TC-MSR-086-97006051DE","MVP","Master specification §86"
"254","Story","MVP: requirement set 02","As a Platform Product Owner, I want the mvp requirements delivered, so that the platform conforms to the traced master product specification.","","SUB-E001","1","US-MSR-086-02","sintius mvp master-specification","Medium","To Do","not_started","0","AC-MSR-086-02-01 | The MVP must include Payment methods. | Requirements: MSR-086-90B4BD15BB | Tests: TC-MSR-086-90B4BD15BB
AC-MSR-086-02-02 | The MVP must include Basic usage metering. | Requirements: MSR-086-6CDBC4C476 | Tests: TC-MSR-086-6CDBC4C476
AC-MSR-086-02-03 | The MVP must include Dunning. | Requirements: MSR-086-41AC3E95FC | Tests: TC-MSR-086-41AC3E95FC
AC-MSR-086-02-04 | The MVP must include Customer portal. | Requirements: MSR-086-191293E72E | Tests: TC-MSR-086-191293E72E
AC-MSR-086-02-05 | The MVP must include Notifications. | Requirements: MSR-086-34F24E9D58 | Tests: TC-MSR-086-34F24E9D58
AC-MSR-086-02-06 | The MVP must include Basic reporting. | Requirements: MSR-086-3D911989E1 | Tests: TC-MSR-086-3D911989E1
AC-MSR-086-02-07 | The MVP must include Audit. | Requirements: MSR-086-5F5C7F43FB | Tests: TC-MSR-086-5F5C7F43FB
AC-MSR-086-02-08 | The MVP must include flat recurring. | Requirements: MSR-086-7070DDA7E2 | Tests: TC-MSR-086-7070DDA7E2
AC-MSR-086-02-09 | The MVP must include per-seat. | Requirements: MSR-086-9CF785B89A | Tests: TC-MSR-086-9CF785B89A
AC-MSR-086-02-10 | The MVP must include usage-based. | Requirements: MSR-086-154A53A710 | Tests: TC-MSR-086-154A53A710","MSR-086-90B4BD15BB;MSR-086-6CDBC4C476;MSR-086-41AC3E95FC;MSR-086-191293E72E;MSR-086-34F24E9D58;MSR-086-3D911989E1;MSR-086-5F5C7F43FB;MSR-086-7070DDA7E2;MSR-086-9CF785B89A;MSR-086-154A53A710","TC-MSR-086-90B4BD15BB;TC-MSR-086-6CDBC4C476;TC-MSR-086-41AC3E95FC;TC-MSR-086-191293E72E;TC-MSR-086-34F24E9D58;TC-MSR-086-3D911989E1;TC-MSR-086-5F5C7F43FB;TC-MSR-086-7070DDA7E2;TC-MSR-086-9CF785B89A;TC-MSR-086-154A53A710","MVP","Master specification §86"
"255","Story","MVP: requirement set 03","As a Platform Product Owner, I want the mvp requirements delivered, so that the platform conforms to the traced master product specification.","","SUB-E001","1","US-MSR-086-03","sintius mvp master-specification","Medium","To Do","not_started","0","AC-MSR-086-03-01 | The MVP must include tiered. | Requirements: MSR-086-CC0E8573B9 | Tests: TC-MSR-086-CC0E8573B9
AC-MSR-086-03-02 | The MVP must include one-time charges. | Requirements: MSR-086-92DBA55A1F | Tests: TC-MSR-086-92DBA55A1F
AC-MSR-086-03-03 | The MVP must include Stripe plus a provider abstraction layer. | Requirements: MSR-086-3CC8167F55 | Tests: TC-MSR-086-3CC8167F55
AC-MSR-086-03-04 | If targeting India, add Razorpay/UPI early. | Requirements: MSR-086-8951C4CFCC | Tests: TC-MSR-086-8951C4CFCC","MSR-086-CC0E8573B9;MSR-086-92DBA55A1F;MSR-086-3CC8167F55;MSR-086-8951C4CFCC","TC-MSR-086-CC0E8573B9;TC-MSR-086-92DBA55A1F;TC-MSR-086-3CC8167F55;TC-MSR-086-8951C4CFCC","MVP","Master specification §86"
"256","Story","MVP DIFFERENTIATOR: requirement set 01","As a Platform Product Owner, I want the mvp differentiator requirements delivered, so that the platform conforms to the traced master product specification.","","SUB-E001","1","US-MSR-087-01","sintius mvp master-specification","Medium","To Do","not_started","0","AC-MSR-087-01-01 | Even the MVP must contain one differentiator competitors cannot dismiss as merely another billing UI. | Requirements: MSR-087-A9CE39DEF4 | Tests: TC-MSR-087-A9CE39DEF4
AC-MSR-087-01-02 | The MVP must include Upcoming Amount. | Requirements: MSR-087-BE20E88FE9 | Tests: TC-MSR-087-BE20E88FE9
AC-MSR-087-01-03 | The MVP must include Payment Risk. | Requirements: MSR-087-57CBA704B5 | Tests: TC-MSR-087-57CBA704B5
AC-MSR-087-01-04 | The MVP must include Preferred Payment Channel. | Requirements: MSR-087-F404052603 | Tests: TC-MSR-087-F404052603
AC-MSR-087-01-05 | The MVP must include Next Best Collection Action. | Requirements: MSR-087-67F2258C33 | Tests: TC-MSR-087-67F2258C33","MSR-087-A9CE39DEF4;MSR-087-BE20E88FE9;MSR-087-57CBA704B5;MSR-087-F404052603;MSR-087-67F2258C33","TC-MSR-087-A9CE39DEF4;TC-MSR-087-BE20E88FE9;TC-MSR-087-57CBA704B5;TC-MSR-087-F404052603;TC-MSR-087-67F2258C33","MVP","Master specification §87"
"257","Story","SECOND RELEASE: requirement set 01","As a Platform Product Owner, I want the second release requirements delivered, so that the platform conforms to the traced master product specification.","","SUB-E001","1","US-MSR-088-01","sintius release-2 master-specification","Medium","To Do","not_started","0","AC-MSR-088-01-01 | The second release must include Contracts. | Requirements: MSR-088-20A382F2C6 | Tests: TC-MSR-088-20A382F2C6
AC-MSR-088-01-02 | The second release must include Entitlements. | Requirements: MSR-088-07578CB9B0 | Tests: TC-MSR-088-07578CB9B0
AC-MSR-088-01-03 | The second release must include Advanced usage. | Requirements: MSR-088-3248EB6DD3 | Tests: TC-MSR-088-3248EB6DD3
AC-MSR-088-01-04 | The second release must include Rating. | Requirements: MSR-088-4A097A990B | Tests: TC-MSR-088-4A097A990B
AC-MSR-088-01-05 | The second release must include Payment orchestration. | Requirements: MSR-088-405EAC9861 | Tests: TC-MSR-088-405EAC9861
AC-MSR-088-01-06 | The second release must include Revenue leakage. | Requirements: MSR-088-88A8622AD4 | Tests: TC-MSR-088-88A8622AD4
AC-MSR-088-01-07 | The second release must include Advanced analytics. | Requirements: MSR-088-3DAA543C8D | Tests: TC-MSR-088-3DAA543C8D
AC-MSR-088-01-08 | The second release must include Collections workflows. | Requirements: MSR-088-1087FF1927 | Tests: TC-MSR-088-1087FF1927
AC-MSR-088-01-09 | The second release must include Multi-currency. | Requirements: MSR-088-5DA2D8F138 | Tests: TC-MSR-088-5DA2D8F138
AC-MSR-088-01-10 | The second release must include Multi-entity. | Requirements: MSR-088-D9D8E17161 | Tests: TC-MSR-088-D9D8E17161","MSR-088-20A382F2C6;MSR-088-07578CB9B0;MSR-088-3248EB6DD3;MSR-088-4A097A990B;MSR-088-405EAC9861;MSR-088-88A8622AD4;MSR-088-3DAA543C8D;MSR-088-1087FF1927;MSR-088-5DA2D8F138;MSR-088-D9D8E17161","TC-MSR-088-20A382F2C6;TC-MSR-088-07578CB9B0;TC-MSR-088-3248EB6DD3;TC-MSR-088-4A097A990B;TC-MSR-088-405EAC9861;TC-MSR-088-88A8622AD4;TC-MSR-088-3DAA543C8D;TC-MSR-088-1087FF1927;TC-MSR-088-5DA2D8F138;TC-MSR-088-D9D8E17161","Release 2","Master specification §88"
"258","Story","SECOND RELEASE: requirement set 02","As a Platform Product Owner, I want the second release requirements delivered, so that the platform conforms to the traced master product specification.","","SUB-E001","1","US-MSR-088-02","sintius release-2 master-specification","Medium","To Do","not_started","0","AC-MSR-088-02-01 | The second release must include Tax abstraction. | Requirements: MSR-088-F3D1A2C614 | Tests: TC-MSR-088-F3D1A2C614
AC-MSR-088-02-02 | The second release must include ERP integration. | Requirements: MSR-088-C5322E2C7B | Tests: TC-MSR-088-C5322E2C7B","MSR-088-F3D1A2C614;MSR-088-C5322E2C7B","TC-MSR-088-F3D1A2C614;TC-MSR-088-C5322E2C7B","Release 2","Master specification §88"
"259","Story","ENTERPRISE RELEASE: requirement set 01","As a Platform Product Owner, I want the enterprise release requirements delivered, so that the platform conforms to the traced master product specification.","","SUB-E001","1","US-MSR-089-01","sintius enterprise master-specification","Medium","To Do","not_started","0","AC-MSR-089-01-01 | The enterprise release must include Revenue recognition. | Requirements: MSR-089-A88B4B0662 | Tests: TC-MSR-089-A88B4B0662
AC-MSR-089-01-02 | The enterprise release must include Marketplace. | Requirements: MSR-089-1AF512AB29 | Tests: TC-MSR-089-1AF512AB29
AC-MSR-089-01-03 | The enterprise release must include Advanced reconciliation. | Requirements: MSR-089-A67A5C9AF2 | Tests: TC-MSR-089-A67A5C9AF2
AC-MSR-089-01-04 | The enterprise release must include Advanced CPQ. | Requirements: MSR-089-D56F47A6D0 | Tests: TC-MSR-089-D56F47A6D0
AC-MSR-089-01-05 | The enterprise release must include AI agents. | Requirements: MSR-089-19AB1D903A | Tests: TC-MSR-089-19AB1D903A
AC-MSR-089-01-06 | The enterprise release must include Configuration promotion. | Requirements: MSR-089-9C030B3C22 | Tests: TC-MSR-089-9C030B3C22
AC-MSR-089-01-07 | The enterprise release must include Complex contract amendments. | Requirements: MSR-089-45D1A55BFD | Tests: TC-MSR-089-45D1A55BFD
AC-MSR-089-01-08 | The enterprise release must include Revenue forecasting. | Requirements: MSR-089-CC9C2F11E3 | Tests: TC-MSR-089-CC9C2F11E3
AC-MSR-089-01-09 | The enterprise release must include Regional deployments. | Requirements: MSR-089-249A8B2208 | Tests: TC-MSR-089-249A8B2208
AC-MSR-089-01-10 | The enterprise release must include Enterprise governance. | Requirements: MSR-089-D8E3CF2D51 | Tests: TC-MSR-089-D8E3CF2D51","MSR-089-A88B4B0662;MSR-089-1AF512AB29;MSR-089-A67A5C9AF2;MSR-089-D56F47A6D0;MSR-089-19AB1D903A;MSR-089-9C030B3C22;MSR-089-45D1A55BFD;MSR-089-CC9C2F11E3;MSR-089-249A8B2208;MSR-089-D8E3CF2D51","TC-MSR-089-A88B4B0662;TC-MSR-089-1AF512AB29;TC-MSR-089-A67A5C9AF2;TC-MSR-089-D56F47A6D0;TC-MSR-089-19AB1D903A;TC-MSR-089-9C030B3C22;TC-MSR-089-45D1A55BFD;TC-MSR-089-CC9C2F11E3;TC-MSR-089-249A8B2208;TC-MSR-089-D8E3CF2D51","Enterprise","Master specification §89"
"260","Story","RECOMMENDED TECHNICAL ARCHITECTURE: requirement set 01","As a Platform Product Owner, I want the recommended technical architecture requirements delivered, so that the platform conforms to the traced master product specification.","","SUB-E001","1","US-MSR-090-01","sintius phase-0 master-specification","Medium","To Do","not_started","0","AC-MSR-090-01-01 | Select technologies pragmatically and justify choices. | Requirements: MSR-090-5F6009FFB2 | Tests: TC-MSR-090-5F6009FFB2
AC-MSR-090-01-02 | The platform must support React / Next.js within recommended technical architecture. | Requirements: MSR-090-CAC307AC96 | Tests: TC-MSR-090-CAC307AC96
AC-MSR-090-01-03 | The platform must support TypeScript within recommended technical architecture. | Requirements: MSR-090-8AFCD73833 | Tests: TC-MSR-090-8AFCD73833
AC-MSR-090-01-04 | The platform must support component-based accessible design system within recommended technical architecture. | Requirements: MSR-090-CA801A0147 | Tests: TC-MSR-090-CA801A0147
AC-MSR-090-01-05 | The platform must support TypeScript/Node, Java/Kotlin or Go depending domain within recommended technical architecture. | Requirements: MSR-090-713FD78F07 | Tests: TC-MSR-090-713FD78F07
AC-MSR-090-01-06 | The platform must support REST within recommended technical architecture. | Requirements: MSR-090-1FE0BA6443 | Tests: TC-MSR-090-1FE0BA6443
AC-MSR-090-01-07 | The platform must support OpenAPI within recommended technical architecture. | Requirements: MSR-090-F19D683CCB | Tests: TC-MSR-090-F19D683CCB
AC-MSR-090-01-08 | The platform must support PostgreSQL within recommended technical architecture. | Requirements: MSR-090-FB03726C36 | Tests: TC-MSR-090-FB03726C36
AC-MSR-090-01-09 | The platform must support Redis within recommended technical architecture. | Requirements: MSR-090-8A3DA7F87A | Tests: TC-MSR-090-8A3DA7F87A
AC-MSR-090-01-10 | The platform must support Kafka-compatible platform within recommended technical architecture. | Requirements: MSR-090-5561C806FD | Tests: TC-MSR-090-5561C806FD","MSR-090-5F6009FFB2;MSR-090-CAC307AC96;MSR-090-8AFCD73833;MSR-090-CA801A0147;MSR-090-713FD78F07;MSR-090-1FE0BA6443;MSR-090-F19D683CCB;MSR-090-FB03726C36;MSR-090-8A3DA7F87A;MSR-090-5561C806FD","TC-MSR-090-5F6009FFB2;TC-MSR-090-CAC307AC96;TC-MSR-090-8AFCD73833;TC-MSR-090-CA801A0147;TC-MSR-090-713FD78F07;TC-MSR-090-1FE0BA6443;TC-MSR-090-F19D683CCB;TC-MSR-090-FB03726C36;TC-MSR-090-8A3DA7F87A;TC-MSR-090-5561C806FD","Phase 0","Master specification §90"
"261","Story","RECOMMENDED TECHNICAL ARCHITECTURE: requirement set 02","As a Platform Product Owner, I want the recommended technical architecture requirements delivered, so that the platform conforms to the traced master product specification.","","SUB-E001","1","US-MSR-090-02","sintius phase-0 master-specification","Medium","To Do","not_started","0","AC-MSR-090-02-01 | The platform must support OpenSearch within recommended technical architecture. | Requirements: MSR-090-16CAA1F141 | Tests: TC-MSR-090-16CAA1F141
AC-MSR-090-02-02 | The platform must support columnar warehouse/ClickHouse-style architecture where appropriate within recommended technical architecture. | Requirements: MSR-090-85188E00CC | Tests: TC-MSR-090-85188E00CC
AC-MSR-090-02-03 | The platform must support S3-compatible storage within recommended technical architecture. | Requirements: MSR-090-45D2FD28BE | Tests: TC-MSR-090-45D2FD28BE
AC-MSR-090-02-04 | The platform must support Temporal-style durable workflow orchestration within recommended technical architecture. | Requirements: MSR-090-C6420AB693 | Tests: TC-MSR-090-C6420AB693
AC-MSR-090-02-05 | The platform must support OpenTelemetry within recommended technical architecture. | Requirements: MSR-090-A97D83B0C2 | Tests: TC-MSR-090-A97D83B0C2
AC-MSR-090-02-06 | The platform must support Docker within recommended technical architecture. | Requirements: MSR-090-6106C60635 | Tests: TC-MSR-090-6106C60635
AC-MSR-090-02-07 | The platform must support Kubernetes where justified. within recommended technical architecture. | Requirements: MSR-090-3F325CF76D | Tests: TC-MSR-090-3F325CF76D
AC-MSR-090-02-08 | Do not introduce technology simply because it is fashionable. | Requirements: MSR-090-5D84FBB0AB | Tests: TC-MSR-090-5D84FBB0AB","MSR-090-16CAA1F141;MSR-090-85188E00CC;MSR-090-45D2FD28BE;MSR-090-C6420AB693;MSR-090-A97D83B0C2;MSR-090-6106C60635;MSR-090-3F325CF76D;MSR-090-5D84FBB0AB","TC-MSR-090-16CAA1F141;TC-MSR-090-85188E00CC;TC-MSR-090-45D2FD28BE;TC-MSR-090-C6420AB693;TC-MSR-090-A97D83B0C2;TC-MSR-090-6106C60635;TC-MSR-090-3F325CF76D;TC-MSR-090-5D84FBB0AB","Phase 0","Master specification §90"
"262","Story","DATA MODEL: requirement set 01","As a Platform Product Owner, I want the data model requirements delivered, so that the platform conforms to the traced master product specification.","","SUB-E001","1","US-MSR-091-01","sintius phase-0 master-specification","Medium","To Do","not_started","0","AC-MSR-091-01-01 | Tenant, User, Role, Customer, Account, Contact, Product, ProductVersion, Offer, Plan, RateCard, PriceRule, Contract, ContractAmendment, Subscription, SubscriptionItem, Entitlement, Meter, UsageEvent, RatedEvent, Charge, Invoice, InvoiceLine, CreditNote, Payment, PaymentAttempt, PaymentMethod, Gateway, Refund, CollectionCase, DunningCampaign, Communication, TaxRecord, RevenueSchedule, JournalEntry, Settlement, ReconciliationMatch, Workflow, Rule, AuditEvent. | Requirements: MSR-091-D1CEB1EF2A | Tests: TC-MSR-091-D1CEB1EF2A
AC-MSR-091-01-02 | The platform must support primary key within data model. | Requirements: MSR-091-D7FC027C9B | Tests: TC-MSR-091-D7FC027C9B
AC-MSR-091-01-03 | The platform must support tenant key within data model. | Requirements: MSR-091-C5ED572D20 | Tests: TC-MSR-091-C5ED572D20
AC-MSR-091-01-04 | The platform must support business key within data model. | Requirements: MSR-091-1AB300F1AA | Tests: TC-MSR-091-1AB300F1AA
AC-MSR-091-01-05 | The platform must support important attributes within data model. | Requirements: MSR-091-E201DA9BF6 | Tests: TC-MSR-091-E201DA9BF6
AC-MSR-091-01-06 | The platform must support relationships within data model. | Requirements: MSR-091-4E1A1300C6 | Tests: TC-MSR-091-4E1A1300C6
AC-MSR-091-01-07 | The platform must support status transitions within data model. | Requirements: MSR-091-3A47E4C2E4 | Tests: TC-MSR-091-3A47E4C2E4
AC-MSR-091-01-08 | The platform must support audit fields. within data model. | Requirements: MSR-091-102AAA7D4C | Tests: TC-MSR-091-102AAA7D4C","MSR-091-D1CEB1EF2A;MSR-091-D7FC027C9B;MSR-091-C5ED572D20;MSR-091-1AB300F1AA;MSR-091-E201DA9BF6;MSR-091-4E1A1300C6;MSR-091-3A47E4C2E4;MSR-091-102AAA7D4C","TC-MSR-091-D1CEB1EF2A;TC-MSR-091-D7FC027C9B;TC-MSR-091-C5ED572D20;TC-MSR-091-1AB300F1AA;TC-MSR-091-E201DA9BF6;TC-MSR-091-4E1A1300C6;TC-MSR-091-3A47E4C2E4;TC-MSR-091-102AAA7D4C","Phase 0","Master specification §91"
"263","Story","API CONTRACT: requirement set 01","As a Integration Administrator, I want the api contract requirements delivered, so that the platform conforms to the traced master product specification.","","SUB-E016","16","US-MSR-092-01","sintius phase-0 master-specification","Medium","To Do","not_started","0","AC-MSR-092-01-01 | Produce OpenAPI specifications for MVP endpoints. | Requirements: MSR-092-57761FAB5C | Tests: TC-MSR-092-57761FAB5C
AC-MSR-092-01-02 | The platform must support /customers within api contract. | Requirements: MSR-092-CB8ECBD5EB | Tests: TC-MSR-092-CB8ECBD5EB
AC-MSR-092-01-03 | The platform must support /products within api contract. | Requirements: MSR-092-DA8E9C917C | Tests: TC-MSR-092-DA8E9C917C
AC-MSR-092-01-04 | The platform must support /plans within api contract. | Requirements: MSR-092-CAC742AB02 | Tests: TC-MSR-092-CAC742AB02
AC-MSR-092-01-05 | The platform must support /subscriptions within api contract. | Requirements: MSR-092-1703F0D0AD | Tests: TC-MSR-092-1703F0D0AD
AC-MSR-092-01-06 | The platform must support /usage-events within api contract. | Requirements: MSR-092-EF6F36AA66 | Tests: TC-MSR-092-EF6F36AA66
AC-MSR-092-01-07 | The platform must support /invoices within api contract. | Requirements: MSR-092-1DE8E2553E | Tests: TC-MSR-092-1DE8E2553E
AC-MSR-092-01-08 | The platform must support /payments within api contract. | Requirements: MSR-092-0C9BBAA726 | Tests: TC-MSR-092-0C9BBAA726
AC-MSR-092-01-09 | The platform must support /payment-methods within api contract. | Requirements: MSR-092-546C32F6DF | Tests: TC-MSR-092-546C32F6DF
AC-MSR-092-01-10 | The platform must support /credits within api contract. | Requirements: MSR-092-81F635D412 | Tests: TC-MSR-092-81F635D412","MSR-092-57761FAB5C;MSR-092-CB8ECBD5EB;MSR-092-DA8E9C917C;MSR-092-CAC742AB02;MSR-092-1703F0D0AD;MSR-092-EF6F36AA66;MSR-092-1DE8E2553E;MSR-092-0C9BBAA726;MSR-092-546C32F6DF;MSR-092-81F635D412","TC-MSR-092-57761FAB5C;TC-MSR-092-CB8ECBD5EB;TC-MSR-092-DA8E9C917C;TC-MSR-092-CAC742AB02;TC-MSR-092-1703F0D0AD;TC-MSR-092-EF6F36AA66;TC-MSR-092-1DE8E2553E;TC-MSR-092-0C9BBAA726;TC-MSR-092-546C32F6DF;TC-MSR-092-81F635D412","Phase 0","Master specification §92"
"264","Story","API CONTRACT: requirement set 02","As a Integration Administrator, I want the api contract requirements delivered, so that the platform conforms to the traced master product specification.","","SUB-E016","16","US-MSR-092-02","sintius phase-0 master-specification","Medium","To Do","not_started","0","AC-MSR-092-02-01 | The platform must support /notifications within api contract. | Requirements: MSR-092-D628E72E08 | Tests: TC-MSR-092-D628E72E08
AC-MSR-092-02-02 | The platform must support /webhooks. within api contract. | Requirements: MSR-092-FAA756B4D0 | Tests: TC-MSR-092-FAA756B4D0
AC-MSR-092-02-03 | The platform must support authentication within api contract. | Requirements: MSR-092-BCCA98F6F4 | Tests: TC-MSR-092-BCCA98F6F4
AC-MSR-092-02-04 | The platform must support authorization within api contract. | Requirements: MSR-092-447C21513D | Tests: TC-MSR-092-447C21513D
AC-MSR-092-02-05 | The platform must support pagination within api contract. | Requirements: MSR-092-B74807087D | Tests: TC-MSR-092-B74807087D
AC-MSR-092-02-06 | The platform must support filtering within api contract. | Requirements: MSR-092-AEA4D5D24F | Tests: TC-MSR-092-AEA4D5D24F
AC-MSR-092-02-07 | The platform must support error model within api contract. | Requirements: MSR-092-47F78C713E | Tests: TC-MSR-092-47F78C713E
AC-MSR-092-02-08 | The platform must support idempotency within api contract. | Requirements: MSR-092-7AE8368B0E | Tests: TC-MSR-092-7AE8368B0E
AC-MSR-092-02-09 | The platform must support correlation IDs. within api contract. | Requirements: MSR-092-1457135877 | Tests: TC-MSR-092-1457135877","MSR-092-D628E72E08;MSR-092-FAA756B4D0;MSR-092-BCCA98F6F4;MSR-092-447C21513D;MSR-092-B74807087D;MSR-092-AEA4D5D24F;MSR-092-47F78C713E;MSR-092-7AE8368B0E;MSR-092-1457135877","TC-MSR-092-D628E72E08;TC-MSR-092-FAA756B4D0;TC-MSR-092-BCCA98F6F4;TC-MSR-092-447C21513D;TC-MSR-092-B74807087D;TC-MSR-092-AEA4D5D24F;TC-MSR-092-47F78C713E;TC-MSR-092-7AE8368B0E;TC-MSR-092-1457135877","Phase 0","Master specification §92"
"265","Story","DOMAIN EVENTS: requirement set 01","As a Platform Product Owner, I want the domain events requirements delivered, so that the platform conforms to the traced master product specification.","","SUB-E001","1","US-MSR-093-01","sintius phase-0 master-specification","Medium","To Do","not_started","0","AC-MSR-093-01-01 | Define event schemas. | Requirements: MSR-093-2ECB3D7999 | Tests: TC-MSR-093-2ECB3D7999
AC-MSR-093-01-02 | The platform must support customer.created within domain events. | Requirements: MSR-093-F560D76F9F | Tests: TC-MSR-093-F560D76F9F
AC-MSR-093-01-03 | The platform must support subscription.created within domain events. | Requirements: MSR-093-4CBFC7C1AE | Tests: TC-MSR-093-4CBFC7C1AE
AC-MSR-093-01-04 | The platform must support subscription.changed within domain events. | Requirements: MSR-093-1CB0434B90 | Tests: TC-MSR-093-1CB0434B90
AC-MSR-093-01-05 | The platform must support subscription.cancelled within domain events. | Requirements: MSR-093-3324CC9D2B | Tests: TC-MSR-093-3324CC9D2B
AC-MSR-093-01-06 | The platform must support usage.received within domain events. | Requirements: MSR-093-131E38F228 | Tests: TC-MSR-093-131E38F228
AC-MSR-093-01-07 | The platform must support usage.rated within domain events. | Requirements: MSR-093-D613119293 | Tests: TC-MSR-093-D613119293
AC-MSR-093-01-08 | The platform must support invoice.generated within domain events. | Requirements: MSR-093-4D50C11EB6 | Tests: TC-MSR-093-4D50C11EB6
AC-MSR-093-01-09 | The platform must support invoice.finalized within domain events. | Requirements: MSR-093-968C96BB26 | Tests: TC-MSR-093-968C96BB26
AC-MSR-093-01-10 | The platform must support invoice.due within domain events. | Requirements: MSR-093-5305E52158 | Tests: TC-MSR-093-5305E52158","MSR-093-2ECB3D7999;MSR-093-F560D76F9F;MSR-093-4CBFC7C1AE;MSR-093-1CB0434B90;MSR-093-3324CC9D2B;MSR-093-131E38F228;MSR-093-D613119293;MSR-093-4D50C11EB6;MSR-093-968C96BB26;MSR-093-5305E52158","TC-MSR-093-2ECB3D7999;TC-MSR-093-F560D76F9F;TC-MSR-093-4CBFC7C1AE;TC-MSR-093-1CB0434B90;TC-MSR-093-3324CC9D2B;TC-MSR-093-131E38F228;TC-MSR-093-D613119293;TC-MSR-093-4D50C11EB6;TC-MSR-093-968C96BB26;TC-MSR-093-5305E52158","Phase 0","Master specification §93"
"266","Story","DOMAIN EVENTS: requirement set 02","As a Platform Product Owner, I want the domain events requirements delivered, so that the platform conforms to the traced master product specification.","","SUB-E001","1","US-MSR-093-02","sintius phase-0 master-specification","Medium","To Do","not_started","0","AC-MSR-093-02-01 | The platform must support payment.attempted within domain events. | Requirements: MSR-093-D70AC4D13B | Tests: TC-MSR-093-D70AC4D13B
AC-MSR-093-02-02 | The platform must support payment.failed within domain events. | Requirements: MSR-093-FA3A2DC2B5 | Tests: TC-MSR-093-FA3A2DC2B5
AC-MSR-093-02-03 | The platform must support payment.succeeded within domain events. | Requirements: MSR-093-180B97E49D | Tests: TC-MSR-093-180B97E49D
AC-MSR-093-02-04 | The platform must support refund.completed. within domain events. | Requirements: MSR-093-F19A30159E | Tests: TC-MSR-093-F19A30159E
AC-MSR-093-02-05 | Use schema versioning. | Requirements: MSR-093-29E25F200D | Tests: TC-MSR-093-29E25F200D","MSR-093-D70AC4D13B;MSR-093-FA3A2DC2B5;MSR-093-180B97E49D;MSR-093-F19A30159E;MSR-093-29E25F200D","TC-MSR-093-D70AC4D13B;TC-MSR-093-FA3A2DC2B5;TC-MSR-093-180B97E49D;TC-MSR-093-F19A30159E;TC-MSR-093-29E25F200D","Phase 0","Master specification §93"
"267","Story","UX DELIVERABLES: requirement set 01","As a Platform Product Owner, I want the ux deliverables requirements delivered, so that the platform conforms to the traced master product specification.","","SUB-E001","1","US-MSR-094-01","sintius cross-horizon master-specification","Medium","To Do","not_started","0","AC-MSR-094-01-01 | The platform must support purpose within ux deliverables. | Requirements: MSR-094-7736712670 | Tests: TC-MSR-094-7736712670
AC-MSR-094-01-02 | The platform must support user persona within ux deliverables. | Requirements: MSR-094-E12205AA47 | Tests: TC-MSR-094-E12205AA47
AC-MSR-094-01-03 | The platform must support information hierarchy within ux deliverables. | Requirements: MSR-094-D1D61C68E3 | Tests: TC-MSR-094-D1D61C68E3
AC-MSR-094-01-04 | The platform must support components within ux deliverables. | Requirements: MSR-094-97C2CB106F | Tests: TC-MSR-094-97C2CB106F
AC-MSR-094-01-05 | The platform must support states within ux deliverables. | Requirements: MSR-094-F01B7B4AA0 | Tests: TC-MSR-094-F01B7B4AA0
AC-MSR-094-01-06 | The platform must support empty state within ux deliverables. | Requirements: MSR-094-EC5FD62C90 | Tests: TC-MSR-094-EC5FD62C90
AC-MSR-094-01-07 | The platform must support error state within ux deliverables. | Requirements: MSR-094-BCAE720A68 | Tests: TC-MSR-094-BCAE720A68
AC-MSR-094-01-08 | The platform must support loading state within ux deliverables. | Requirements: MSR-094-1B6BABFC5C | Tests: TC-MSR-094-1B6BABFC5C
AC-MSR-094-01-09 | The platform must support permissions within ux deliverables. | Requirements: MSR-094-82C17B78C8 | Tests: TC-MSR-094-82C17B78C8
AC-MSR-094-01-10 | The platform must support actions within ux deliverables. | Requirements: MSR-094-84AE1BD535 | Tests: TC-MSR-094-84AE1BD535","MSR-094-7736712670;MSR-094-E12205AA47;MSR-094-D1D61C68E3;MSR-094-97C2CB106F;MSR-094-F01B7B4AA0;MSR-094-EC5FD62C90;MSR-094-BCAE720A68;MSR-094-1B6BABFC5C;MSR-094-82C17B78C8;MSR-094-84AE1BD535","TC-MSR-094-7736712670;TC-MSR-094-E12205AA47;TC-MSR-094-D1D61C68E3;TC-MSR-094-97C2CB106F;TC-MSR-094-F01B7B4AA0;TC-MSR-094-EC5FD62C90;TC-MSR-094-BCAE720A68;TC-MSR-094-1B6BABFC5C;TC-MSR-094-82C17B78C8;TC-MSR-094-84AE1BD535","Cross-horizon","Master specification §94"
"268","Story","UX DELIVERABLES: requirement set 02","As a Platform Product Owner, I want the ux deliverables requirements delivered, so that the platform conforms to the traced master product specification.","","SUB-E001","1","US-MSR-094-02","sintius cross-horizon master-specification","Medium","To Do","not_started","0","AC-MSR-094-02-01 | The platform must support keyboard behavior within ux deliverables. | Requirements: MSR-094-2E0A2DB354 | Tests: TC-MSR-094-2E0A2DB354
AC-MSR-094-02-02 | The platform must support mobile behavior. within ux deliverables. | Requirements: MSR-094-2B03B33EDA | Tests: TC-MSR-094-2B03B33EDA
AC-MSR-094-02-03 | The platform must support Revenue Dashboard within ux deliverables. | Requirements: MSR-094-590C31B330 | Tests: TC-MSR-094-590C31B330
AC-MSR-094-02-04 | The platform must support Customer 360 within ux deliverables. | Requirements: MSR-094-D11C718713 | Tests: TC-MSR-094-D11C718713
AC-MSR-094-02-05 | The platform must support Subscription Detail within ux deliverables. | Requirements: MSR-094-5FBCEDD689 | Tests: TC-MSR-094-5FBCEDD689
AC-MSR-094-02-06 | The platform must support Product Catalog within ux deliverables. | Requirements: MSR-094-7EE07153B5 | Tests: TC-MSR-094-7EE07153B5
AC-MSR-094-02-07 | The platform must support Pricing Designer within ux deliverables. | Requirements: MSR-094-A33F80D847 | Tests: TC-MSR-094-A33F80D847
AC-MSR-094-02-08 | The platform must support Usage Explorer within ux deliverables. | Requirements: MSR-094-71D79EB6BA | Tests: TC-MSR-094-71D79EB6BA
AC-MSR-094-02-09 | The platform must support Invoice Detail within ux deliverables. | Requirements: MSR-094-F8D710E013 | Tests: TC-MSR-094-F8D710E013
AC-MSR-094-02-10 | The platform must support Payment Detail within ux deliverables. | Requirements: MSR-094-6C0D44371A | Tests: TC-MSR-094-6C0D44371A","MSR-094-2E0A2DB354;MSR-094-2B03B33EDA;MSR-094-590C31B330;MSR-094-D11C718713;MSR-094-5FBCEDD689;MSR-094-7EE07153B5;MSR-094-A33F80D847;MSR-094-71D79EB6BA;MSR-094-F8D710E013;MSR-094-6C0D44371A","TC-MSR-094-2E0A2DB354;TC-MSR-094-2B03B33EDA;TC-MSR-094-590C31B330;TC-MSR-094-D11C718713;TC-MSR-094-5FBCEDD689;TC-MSR-094-7EE07153B5;TC-MSR-094-A33F80D847;TC-MSR-094-71D79EB6BA;TC-MSR-094-F8D710E013;TC-MSR-094-6C0D44371A","Cross-horizon","Master specification §94"
"269","Story","UX DELIVERABLES: requirement set 03","As a Platform Product Owner, I want the ux deliverables requirements delivered, so that the platform conforms to the traced master product specification.","","SUB-E001","1","US-MSR-094-03","sintius cross-horizon master-specification","Medium","To Do","not_started","0","AC-MSR-094-03-01 | The platform must support Collections Dashboard within ux deliverables. | Requirements: MSR-094-45A58E00BC | Tests: TC-MSR-094-45A58E00BC
AC-MSR-094-03-02 | The platform must support Workflow Builder within ux deliverables. | Requirements: MSR-094-AD27C99B68 | Tests: TC-MSR-094-AD27C99B68
AC-MSR-094-03-03 | The platform must support Customer Portal. within ux deliverables. | Requirements: MSR-094-BFA1B9153F | Tests: TC-MSR-094-BFA1B9153F","MSR-094-45A58E00BC;MSR-094-AD27C99B68;MSR-094-BFA1B9153F","TC-MSR-094-45A58E00BC;TC-MSR-094-AD27C99B68;TC-MSR-094-BFA1B9153F","Cross-horizon","Master specification §94"
"270","Story","DESIGN DETAIL — CUSTOMER 360: requirement set 01","As a Customer Operations Manager, I want the design detail — customer 360 requirements delivered, so that the platform conforms to the traced master product specification.","","SUB-E003","3","US-MSR-095-01","sintius cross-horizon master-specification","Medium","To Do","not_started","0","AC-MSR-095-01-01 | Product and implementation decisions must conform to this master-specification constraint: ACME Corp Enterprise ARR ₹4. | Requirements: MSR-095-7F42CD503F | Tests: TC-MSR-095-7F42CD503F
AC-MSR-095-01-02 | Product and implementation decisions must conform to this master-specification constraint: 2M Balance ₹342K Payment Risk HIGH. | Requirements: MSR-095-2CC561F513 | Tests: TC-MSR-095-2CC561F513
AC-MSR-095-01-03 | The platform must support Overview within design detail — customer 360. | Requirements: MSR-095-6FB460C661 | Tests: TC-MSR-095-6FB460C661
AC-MSR-095-01-04 | The platform must support Subscriptions within design detail — customer 360. | Requirements: MSR-095-A75DDE6C66 | Tests: TC-MSR-095-A75DDE6C66
AC-MSR-095-01-05 | The platform must support Usage within design detail — customer 360. | Requirements: MSR-095-9500991004 | Tests: TC-MSR-095-9500991004
AC-MSR-095-01-06 | The platform must support Invoices within design detail — customer 360. | Requirements: MSR-095-7FD8D807F5 | Tests: TC-MSR-095-7FD8D807F5
AC-MSR-095-01-07 | The platform must support Payments within design detail — customer 360. | Requirements: MSR-095-83DE701BA4 | Tests: TC-MSR-095-83DE701BA4
AC-MSR-095-01-08 | The platform must support Contracts within design detail — customer 360. | Requirements: MSR-095-63064B0803 | Tests: TC-MSR-095-63064B0803
AC-MSR-095-01-09 | The platform must support Communications within design detail — customer 360. | Requirements: MSR-095-295FDC5ADD | Tests: TC-MSR-095-295FDC5ADD
AC-MSR-095-01-10 | The platform must support Timeline. within design detail — customer 360. | Requirements: MSR-095-96FDBBFE74 | Tests: TC-MSR-095-96FDBBFE74","MSR-095-7F42CD503F;MSR-095-2CC561F513;MSR-095-6FB460C661;MSR-095-A75DDE6C66;MSR-095-9500991004;MSR-095-7FD8D807F5;MSR-095-83DE701BA4;MSR-095-63064B0803;MSR-095-295FDC5ADD;MSR-095-96FDBBFE74","TC-MSR-095-7F42CD503F;TC-MSR-095-2CC561F513;TC-MSR-095-6FB460C661;TC-MSR-095-A75DDE6C66;TC-MSR-095-9500991004;TC-MSR-095-7FD8D807F5;TC-MSR-095-83DE701BA4;TC-MSR-095-63064B0803;TC-MSR-095-295FDC5ADD;TC-MSR-095-96FDBBFE74","Cross-horizon","Master specification §95"
"271","Story","DESIGN DETAIL — CUSTOMER 360: requirement set 02","As a Customer Operations Manager, I want the design detail — customer 360 requirements delivered, so that the platform conforms to the traced master product specification.","","SUB-E003","3","US-MSR-095-02","sintius cross-horizon master-specification","Medium","To Do","not_started","0","AC-MSR-095-02-01 | Product and implementation decisions must conform to this master-specification constraint: Right panel: AI Revenue Assistant. | Requirements: MSR-095-220F45021A | Tests: TC-MSR-095-220F45021A
AC-MSR-095-02-02 | Product and implementation decisions must conform to this master-specification constraint: Suggested action: ""Payment method for upcoming ₹342K invoice expires in 9 days. | Requirements: MSR-095-C7C191C3E6 | Tests: TC-MSR-095-C7C191C3E6","MSR-095-220F45021A;MSR-095-C7C191C3E6","TC-MSR-095-220F45021A;TC-MSR-095-C7C191C3E6","Cross-horizon","Master specification §95"
"272","Story","DESIGN DETAIL — INVOICE: requirement set 01","As a Accounts Receivable Manager, I want the design detail — invoice requirements delivered, so that the platform conforms to the traced master product specification.","","SUB-E008","8","US-MSR-096-01","sintius cross-horizon master-specification","Medium","To Do","not_started","0","AC-MSR-096-01-01 | Product and implementation decisions must conform to this master-specification constraint: INV-20381 ₹42,840 Due Sep 30 Status: OPEN. | Requirements: MSR-096-1F0132C5FE | Tests: TC-MSR-096-1F0132C5FE
AC-MSR-096-01-02 | The platform must support Collect within design detail — invoice. | Requirements: MSR-096-EEF79183C0 | Tests: TC-MSR-096-EEF79183C0
AC-MSR-096-01-03 | The platform must support Send within design detail — invoice. | Requirements: MSR-096-BB8A9CC88A | Tests: TC-MSR-096-BB8A9CC88A
AC-MSR-096-01-04 | The platform must support Download within design detail — invoice. | Requirements: MSR-096-EFD948BE23 | Tests: TC-MSR-096-EFD948BE23
AC-MSR-096-01-05 | The platform must support Credit within design detail — invoice. | Requirements: MSR-096-3DED1824B0 | Tests: TC-MSR-096-3DED1824B0
AC-MSR-096-01-06 | The platform must support Dispute within design detail — invoice. | Requirements: MSR-096-330F7A6A6F | Tests: TC-MSR-096-330F7A6A6F
AC-MSR-096-01-07 | The platform must support More. within design detail — invoice. | Requirements: MSR-096-B7F0A6FC29 | Tests: TC-MSR-096-B7F0A6FC29
AC-MSR-096-01-08 | Each invoice line should be expandable. | Requirements: MSR-096-9F3E447187 | Tests: TC-MSR-096-9F3E447187
AC-MSR-096-01-09 | Provide: Explain invoice. | Requirements: MSR-096-B4A4BCDEDF | Tests: TC-MSR-096-B4A4BCDEDF","MSR-096-1F0132C5FE;MSR-096-EEF79183C0;MSR-096-BB8A9CC88A;MSR-096-EFD948BE23;MSR-096-3DED1824B0;MSR-096-330F7A6A6F;MSR-096-B7F0A6FC29;MSR-096-9F3E447187;MSR-096-B4A4BCDEDF","TC-MSR-096-1F0132C5FE;TC-MSR-096-EEF79183C0;TC-MSR-096-BB8A9CC88A;TC-MSR-096-EFD948BE23;TC-MSR-096-3DED1824B0;TC-MSR-096-330F7A6A6F;TC-MSR-096-B7F0A6FC29;TC-MSR-096-9F3E447187;TC-MSR-096-B4A4BCDEDF","Cross-horizon","Master specification §96"
"273","Story","DESIGN DETAIL — COLLECTIONS: requirement set 01","As a Collections Manager, I want the design detail — collections requirements delivered, so that the platform conforms to the traced master product specification.","","SUB-E012","12","US-MSR-097-01","sintius cross-horizon master-specification","Medium","To Do","not_started","0","AC-MSR-097-01-01 | The platform must support ₹28.4M Receivable within design detail — collections. | Requirements: MSR-097-BF4E1A88C0 | Tests: TC-MSR-097-BF4E1A88C0
AC-MSR-097-01-02 | The platform must support ₹4.8M At Risk within design detail — collections. | Requirements: MSR-097-49E85CDA2C | Tests: TC-MSR-097-49E85CDA2C
AC-MSR-097-01-03 | The platform must support ₹2.1M Overdue within design detail — collections. | Requirements: MSR-097-7C8CC5B83F | Tests: TC-MSR-097-7C8CC5B83F
AC-MSR-097-01-04 | The platform must support 94.8% Payment Success. within design detail — collections. | Requirements: MSR-097-E50F4E0C01 | Tests: TC-MSR-097-E50F4E0C01
AC-MSR-097-01-05 | The platform must support Needs Attention within design detail — collections. | Requirements: MSR-097-8BB9F4169B | Tests: TC-MSR-097-8BB9F4169B
AC-MSR-097-01-06 | The platform must support High Value within design detail — collections. | Requirements: MSR-097-841990A73D | Tests: TC-MSR-097-841990A73D
AC-MSR-097-01-07 | The platform must support Payment Method Expiring within design detail — collections. | Requirements: MSR-097-A0B2EBFB11 | Tests: TC-MSR-097-A0B2EBFB11
AC-MSR-097-01-08 | The platform must support Retry Scheduled within design detail — collections. | Requirements: MSR-097-2492446CF5 | Tests: TC-MSR-097-2492446CF5
AC-MSR-097-01-09 | The platform must support Promise to Pay within design detail — collections. | Requirements: MSR-097-2040ECB2B1 | Tests: TC-MSR-097-2040ECB2B1
AC-MSR-097-01-10 | The platform must support Manual Collection. within design detail — collections. | Requirements: MSR-097-54B46D3325 | Tests: TC-MSR-097-54B46D3325","MSR-097-BF4E1A88C0;MSR-097-49E85CDA2C;MSR-097-7C8CC5B83F;MSR-097-E50F4E0C01;MSR-097-8BB9F4169B;MSR-097-841990A73D;MSR-097-A0B2EBFB11;MSR-097-2492446CF5;MSR-097-2040ECB2B1;MSR-097-54B46D3325","TC-MSR-097-BF4E1A88C0;TC-MSR-097-49E85CDA2C;TC-MSR-097-7C8CC5B83F;TC-MSR-097-E50F4E0C01;TC-MSR-097-8BB9F4169B;TC-MSR-097-841990A73D;TC-MSR-097-A0B2EBFB11;TC-MSR-097-2492446CF5;TC-MSR-097-2040ECB2B1;TC-MSR-097-54B46D3325","Cross-horizon","Master specification §97"
"274","Story","DESIGN DETAIL — COLLECTIONS: requirement set 02","As a Collections Manager, I want the design detail — collections requirements delivered, so that the platform conforms to the traced master product specification.","","SUB-E012","12","US-MSR-097-02","sintius cross-horizon master-specification","Medium","To Do","not_started","0","AC-MSR-097-02-01 | Timeline visualization should show expected cash collection by day. | Requirements: MSR-097-7A462717A8 | Tests: TC-MSR-097-7A462717A8","MSR-097-7A462717A8","TC-MSR-097-7A462717A8","Cross-horizon","Master specification §97"
"275","Story","DESIGN DETAIL — PRICING STUDIO: requirement set 01","As a Pricing Manager, I want the design detail — pricing studio requirements delivered, so that the platform conforms to the traced master product specification.","","SUB-E005","5","US-MSR-098-01","sintius cross-horizon master-specification","Medium","To Do","not_started","0","AC-MSR-098-01-01 | Product and implementation decisions must conform to this master-specification constraint: Left: Components. | Requirements: MSR-098-820FA328B5 | Tests: TC-MSR-098-820FA328B5
AC-MSR-098-01-02 | Product and implementation decisions must conform to this master-specification constraint: Center: Visual pricing flow. | Requirements: MSR-098-E51C05292B | Tests: TC-MSR-098-E51C05292B
AC-MSR-098-01-03 | Product and implementation decisions must conform to this master-specification constraint: Right: Properties. | Requirements: MSR-098-3443185E70 | Tests: TC-MSR-098-3443185E70
AC-MSR-098-01-04 | Product and implementation decisions must conform to this master-specification constraint: Bottom: Simulator. | Requirements: MSR-098-1E28068B68 | Tests: TC-MSR-098-1E28068B68","MSR-098-820FA328B5;MSR-098-E51C05292B;MSR-098-3443185E70;MSR-098-1E28068B68","TC-MSR-098-820FA328B5;TC-MSR-098-E51C05292B;TC-MSR-098-3443185E70;TC-MSR-098-1E28068B68","Cross-horizon","Master specification §98"
"276","Story","IMPLEMENTATION METHOD: requirement set 01","As a Platform Product Owner, I want the implementation method requirements delivered, so that the platform conforms to the traced master product specification.","","SUB-E001","1","US-MSR-101-01","sintius phase-0 master-specification","Medium","To Do","not_started","0","AC-MSR-101-01-01 | Do not generate the entire application in one pass. | Requirements: MSR-101-D9FAF6F276 | Tests: TC-MSR-101-D9FAF6F276
AC-MSR-101-01-02 | Product and implementation decisions must conform to this master-specification constraint: Work sequentially. | Requirements: MSR-101-314B81285F | Tests: TC-MSR-101-314B81285F
AC-MSR-101-01-03 | The platform must support Define requirements. within implementation method. | Requirements: MSR-101-9F5984C4FF | Tests: TC-MSR-101-9F5984C4FF
AC-MSR-101-01-04 | The platform must support Define domain model. within implementation method. | Requirements: MSR-101-FFE6070ED2 | Tests: TC-MSR-101-FFE6070ED2
AC-MSR-101-01-05 | The platform must support Define states. within implementation method. | Requirements: MSR-101-F533A2DDF1 | Tests: TC-MSR-101-F533A2DDF1
AC-MSR-101-01-06 | The platform must support Define APIs. within implementation method. | Requirements: MSR-101-717AAEEB1F | Tests: TC-MSR-101-717AAEEB1F
AC-MSR-101-01-07 | The platform must support Define events. within implementation method. | Requirements: MSR-101-8BEBFBBC41 | Tests: TC-MSR-101-8BEBFBBC41
AC-MSR-101-01-08 | The platform must support Define security. within implementation method. | Requirements: MSR-101-3D4C4AB161 | Tests: TC-MSR-101-3D4C4AB161
AC-MSR-101-01-09 | The platform must support Define UX. within implementation method. | Requirements: MSR-101-01DC543DDA | Tests: TC-MSR-101-01DC543DDA
AC-MSR-101-01-10 | The platform must support Define database model. within implementation method. | Requirements: MSR-101-617AF1AF41 | Tests: TC-MSR-101-617AF1AF41","MSR-101-D9FAF6F276;MSR-101-314B81285F;MSR-101-9F5984C4FF;MSR-101-FFE6070ED2;MSR-101-F533A2DDF1;MSR-101-717AAEEB1F;MSR-101-8BEBFBBC41;MSR-101-3D4C4AB161;MSR-101-01DC543DDA;MSR-101-617AF1AF41","TC-MSR-101-D9FAF6F276;TC-MSR-101-314B81285F;TC-MSR-101-9F5984C4FF;TC-MSR-101-FFE6070ED2;TC-MSR-101-F533A2DDF1;TC-MSR-101-717AAEEB1F;TC-MSR-101-8BEBFBBC41;TC-MSR-101-3D4C4AB161;TC-MSR-101-01DC543DDA;TC-MSR-101-617AF1AF41","Phase 0","Master specification §101"
"277","Story","IMPLEMENTATION METHOD: requirement set 02","As a Platform Product Owner, I want the implementation method requirements delivered, so that the platform conforms to the traced master product specification.","","SUB-E001","1","US-MSR-101-02","sintius phase-0 master-specification","Medium","To Do","not_started","0","AC-MSR-101-02-01 | The platform must support Implement backend. within implementation method. | Requirements: MSR-101-43C1389EDD | Tests: TC-MSR-101-43C1389EDD
AC-MSR-101-02-02 | The platform must support Implement frontend. within implementation method. | Requirements: MSR-101-FD18F29B51 | Tests: TC-MSR-101-FD18F29B51
AC-MSR-101-02-03 | The platform must support Implement tests. within implementation method. | Requirements: MSR-101-E60579F62D | Tests: TC-MSR-101-E60579F62D
AC-MSR-101-02-04 | The platform must support Instrument observability. within implementation method. | Requirements: MSR-101-321E553C5F | Tests: TC-MSR-101-321E553C5F
AC-MSR-101-02-05 | The platform must support Document. within implementation method. | Requirements: MSR-101-122A2A245E | Tests: TC-MSR-101-122A2A245E
AC-MSR-101-02-06 | The platform must support Validate acceptance criteria. within implementation method. | Requirements: MSR-101-38C0CE705B | Tests: TC-MSR-101-38C0CE705B","MSR-101-43C1389EDD;MSR-101-FD18F29B51;MSR-101-E60579F62D;MSR-101-321E553C5F;MSR-101-122A2A245E;MSR-101-38C0CE705B","TC-MSR-101-43C1389EDD;TC-MSR-101-FD18F29B51;TC-MSR-101-E60579F62D;TC-MSR-101-321E553C5F;TC-MSR-101-122A2A245E;TC-MSR-101-38C0CE705B","Phase 0","Master specification §101"
"278","Story","FIRST IMPLEMENTATION EPICS: requirement set 01","As a Platform Product Owner, I want the first implementation epics requirements delivered, so that the platform conforms to the traced master product specification.","","SUB-E001","1","US-MSR-102-01","sintius cross-horizon master-specification","Medium","To Do","not_started","0","AC-MSR-102-01-01 | The implementation backlog must include SUB-001 Platform Foundation. | Requirements: MSR-102-57B26FB050 | Tests: TC-MSR-102-57B26FB050
AC-MSR-102-01-02 | The implementation backlog must include SUB-002 Identity & Tenant Management. | Requirements: MSR-102-16B6401AD0 | Tests: TC-MSR-102-16B6401AD0
AC-MSR-102-01-03 | The implementation backlog must include SUB-003 Customer Management. | Requirements: MSR-102-902DD89C27 | Tests: TC-MSR-102-902DD89C27
AC-MSR-102-01-04 | The implementation backlog must include SUB-004 Product Catalog. | Requirements: MSR-102-41BF9FDBE0 | Tests: TC-MSR-102-41BF9FDBE0
AC-MSR-102-01-05 | The implementation backlog must include SUB-005 Pricing Engine. | Requirements: MSR-102-20F2A48A09 | Tests: TC-MSR-102-20F2A48A09
AC-MSR-102-01-06 | The implementation backlog must include SUB-006 Subscription Lifecycle. | Requirements: MSR-102-2C3C58612D | Tests: TC-MSR-102-2C3C58612D
AC-MSR-102-01-07 | The implementation backlog must include SUB-007 Billing Engine. | Requirements: MSR-102-42025AADDC | Tests: TC-MSR-102-42025AADDC
AC-MSR-102-01-08 | The implementation backlog must include SUB-008 Invoice Management. | Requirements: MSR-102-1F6FA27500 | Tests: TC-MSR-102-1F6FA27500
AC-MSR-102-01-09 | The implementation backlog must include SUB-009 Payments. | Requirements: MSR-102-6A74914262 | Tests: TC-MSR-102-6A74914262
AC-MSR-102-01-10 | The implementation backlog must include SUB-010 Customer Portal. | Requirements: MSR-102-F0EB9CD2BA | Tests: TC-MSR-102-F0EB9CD2BA","MSR-102-57B26FB050;MSR-102-16B6401AD0;MSR-102-902DD89C27;MSR-102-41BF9FDBE0;MSR-102-20F2A48A09;MSR-102-2C3C58612D;MSR-102-42025AADDC;MSR-102-1F6FA27500;MSR-102-6A74914262;MSR-102-F0EB9CD2BA","TC-MSR-102-57B26FB050;TC-MSR-102-16B6401AD0;TC-MSR-102-902DD89C27;TC-MSR-102-41BF9FDBE0;TC-MSR-102-20F2A48A09;TC-MSR-102-2C3C58612D;TC-MSR-102-42025AADDC;TC-MSR-102-1F6FA27500;TC-MSR-102-6A74914262;TC-MSR-102-F0EB9CD2BA","Cross-horizon","Master specification §102"
"279","Story","FIRST IMPLEMENTATION EPICS: requirement set 02","As a Platform Product Owner, I want the first implementation epics requirements delivered, so that the platform conforms to the traced master product specification.","","SUB-E001","1","US-MSR-102-02","sintius cross-horizon master-specification","Medium","To Do","not_started","0","AC-MSR-102-02-01 | The implementation backlog must include SUB-011 Usage & Metering. | Requirements: MSR-102-32AE125903 | Tests: TC-MSR-102-32AE125903
AC-MSR-102-02-02 | The implementation backlog must include SUB-012 Collections. | Requirements: MSR-102-C92282703F | Tests: TC-MSR-102-C92282703F
AC-MSR-102-02-03 | The implementation backlog must include SUB-013 Notifications. | Requirements: MSR-102-7C32BD9E39 | Tests: TC-MSR-102-7C32BD9E39
AC-MSR-102-02-04 | The implementation backlog must include SUB-014 Analytics. | Requirements: MSR-102-7BCE362E98 | Tests: TC-MSR-102-7BCE362E98
AC-MSR-102-02-05 | The implementation backlog must include SUB-015 AI Revenue Intelligence. | Requirements: MSR-102-44066B940A | Tests: TC-MSR-102-44066B940A
AC-MSR-102-02-06 | The implementation backlog must include SUB-016 Integration Framework. | Requirements: MSR-102-5F4FBEFDD5 | Tests: TC-MSR-102-5F4FBEFDD5
AC-MSR-102-02-07 | The implementation backlog must include SUB-017 Audit & Compliance. | Requirements: MSR-102-5B1C7642B1 | Tests: TC-MSR-102-5B1C7642B1
AC-MSR-102-02-08 | The implementation backlog must include Features. | Requirements: MSR-102-B06DF14F7E | Tests: TC-MSR-102-B06DF14F7E
AC-MSR-102-02-09 | The implementation backlog must include User Stories. | Requirements: MSR-102-27130A5B0D | Tests: TC-MSR-102-27130A5B0D
AC-MSR-102-02-10 | The implementation backlog must include Acceptance Criteria. | Requirements: MSR-102-458EC34A79 | Tests: TC-MSR-102-458EC34A79","MSR-102-32AE125903;MSR-102-C92282703F;MSR-102-7C32BD9E39;MSR-102-7BCE362E98;MSR-102-44066B940A;MSR-102-5F4FBEFDD5;MSR-102-5B1C7642B1;MSR-102-B06DF14F7E;MSR-102-27130A5B0D;MSR-102-458EC34A79","TC-MSR-102-32AE125903;TC-MSR-102-C92282703F;TC-MSR-102-7C32BD9E39;TC-MSR-102-7BCE362E98;TC-MSR-102-44066B940A;TC-MSR-102-5F4FBEFDD5;TC-MSR-102-5B1C7642B1;TC-MSR-102-B06DF14F7E;TC-MSR-102-27130A5B0D;TC-MSR-102-458EC34A79","Cross-horizon","Master specification §102"
"280","Story","FIRST IMPLEMENTATION EPICS: requirement set 03","As a Platform Product Owner, I want the first implementation epics requirements delivered, so that the platform conforms to the traced master product specification.","","SUB-E001","1","US-MSR-102-03","sintius cross-horizon master-specification","Medium","To Do","not_started","0","AC-MSR-102-03-01 | The implementation backlog must include API requirements. | Requirements: MSR-102-850604EA77 | Tests: TC-MSR-102-850604EA77
AC-MSR-102-03-02 | The implementation backlog must include Data requirements. | Requirements: MSR-102-1B159ACBD1 | Tests: TC-MSR-102-1B159ACBD1
AC-MSR-102-03-03 | The implementation backlog must include UX requirements. | Requirements: MSR-102-615A980217 | Tests: TC-MSR-102-615A980217
AC-MSR-102-03-04 | The implementation backlog must include Security requirements. | Requirements: MSR-102-29B3737F3D | Tests: TC-MSR-102-29B3737F3D
AC-MSR-102-03-05 | The implementation backlog must include Test requirements. | Requirements: MSR-102-6759F66EC3 | Tests: TC-MSR-102-6759F66EC3","MSR-102-850604EA77;MSR-102-1B159ACBD1;MSR-102-615A980217;MSR-102-29B3737F3D;MSR-102-6759F66EC3","TC-MSR-102-850604EA77;TC-MSR-102-1B159ACBD1;TC-MSR-102-615A980217;TC-MSR-102-29B3737F3D;TC-MSR-102-6759F66EC3","Cross-horizon","Master specification §102"
"281","Story","NORTH-STAR METRICS: requirement set 01","As a Revenue Analyst, I want the north-star metrics requirements delivered, so that the platform conforms to the traced master product specification.","","SUB-E014","14","US-MSR-104-01","sintius cross-horizon master-specification","Medium","To Do","not_started","0","AC-MSR-104-01-01 | The platform must support Payment Success Rate within north-star metrics. | Requirements: MSR-104-583743BED7 | Tests: TC-MSR-104-583743BED7
AC-MSR-104-01-02 | The platform must support Collection Rate within north-star metrics. | Requirements: MSR-104-03D099DE23 | Tests: TC-MSR-104-03D099DE23
AC-MSR-104-01-03 | The platform must support Revenue Leakage Rate within north-star metrics. | Requirements: MSR-104-703B00BF2F | Tests: TC-MSR-104-703B00BF2F
AC-MSR-104-01-04 | The platform must support Days Sales Outstanding within north-star metrics. | Requirements: MSR-104-945A963F7C | Tests: TC-MSR-104-945A963F7C
AC-MSR-104-01-05 | The platform must support Time to Launch New Pricing within north-star metrics. | Requirements: MSR-104-34142EDD87 | Tests: TC-MSR-104-34142EDD87
AC-MSR-104-01-06 | The platform must support Billing Accuracy within north-star metrics. | Requirements: MSR-104-1BD270B7D2-01 | Tests: TC-MSR-104-1BD270B7D2-01
AC-MSR-104-01-07 | The platform must support Subscription Retention within north-star metrics. | Requirements: MSR-104-43D9A5ADB5 | Tests: TC-MSR-104-43D9A5ADB5
AC-MSR-104-01-08 | The platform must support Revenue Recovery. within north-star metrics. | Requirements: MSR-104-A67C7D1FFC | Tests: TC-MSR-104-A67C7D1FFC
AC-MSR-104-01-09 | The platform must support Successful Self-Service Rate within north-star metrics. | Requirements: MSR-104-254D800010 | Tests: TC-MSR-104-254D800010
AC-MSR-104-01-10 | The platform must support Payment Completion Time within north-star metrics. | Requirements: MSR-104-C37C5986EA | Tests: TC-MSR-104-C37C5986EA","MSR-104-583743BED7;MSR-104-03D099DE23;MSR-104-703B00BF2F;MSR-104-945A963F7C;MSR-104-34142EDD87;MSR-104-1BD270B7D2-01;MSR-104-43D9A5ADB5;MSR-104-A67C7D1FFC;MSR-104-254D800010;MSR-104-C37C5986EA","TC-MSR-104-583743BED7;TC-MSR-104-03D099DE23;TC-MSR-104-703B00BF2F;TC-MSR-104-945A963F7C;TC-MSR-104-34142EDD87;TC-MSR-104-1BD270B7D2-01;TC-MSR-104-43D9A5ADB5;TC-MSR-104-A67C7D1FFC;TC-MSR-104-254D800010;TC-MSR-104-C37C5986EA","Cross-horizon","Master specification §104"
"282","Story","NORTH-STAR METRICS: requirement set 02","As a Revenue Analyst, I want the north-star metrics requirements delivered, so that the platform conforms to the traced master product specification.","","SUB-E014","14","US-MSR-104-02","sintius cross-horizon master-specification","Medium","To Do","not_started","0","AC-MSR-104-02-01 | The platform must support Billing Dispute Rate within north-star metrics. | Requirements: MSR-104-E774E3FC86 | Tests: TC-MSR-104-E774E3FC86
AC-MSR-104-02-02 | The platform must support Unexpected Bill Rate within north-star metrics. | Requirements: MSR-104-4FC3C72121 | Tests: TC-MSR-104-4FC3C72121
AC-MSR-104-02-03 | The platform must support Support Contacts per 1,000 Subscribers. within north-star metrics. | Requirements: MSR-104-498247037D | Tests: TC-MSR-104-498247037D
AC-MSR-104-02-04 | The platform must support Billing Accuracy within north-star metrics. | Requirements: MSR-104-1BD270B7D2-02 | Tests: TC-MSR-104-1BD270B7D2-02
AC-MSR-104-02-05 | The platform must support API Availability within north-star metrics. | Requirements: MSR-104-83766EDDDD | Tests: TC-MSR-104-83766EDDDD
AC-MSR-104-02-06 | The platform must support Event Processing Latency within north-star metrics. | Requirements: MSR-104-68932EB416 | Tests: TC-MSR-104-68932EB416
AC-MSR-104-02-07 | The platform must support Invoice Processing Time within north-star metrics. | Requirements: MSR-104-6CFFD8A16C | Tests: TC-MSR-104-6CFFD8A16C
AC-MSR-104-02-08 | The platform must support Payment Processing Reliability. within north-star metrics. | Requirements: MSR-104-D47ECBA2F6 | Tests: TC-MSR-104-D47ECBA2F6","MSR-104-E774E3FC86;MSR-104-4FC3C72121;MSR-104-498247037D;MSR-104-1BD270B7D2-02;MSR-104-83766EDDDD;MSR-104-68932EB416;MSR-104-6CFFD8A16C;MSR-104-D47ECBA2F6","TC-MSR-104-E774E3FC86;TC-MSR-104-4FC3C72121;TC-MSR-104-498247037D;TC-MSR-104-1BD270B7D2-02;TC-MSR-104-83766EDDDD;TC-MSR-104-68932EB416;TC-MSR-104-6CFFD8A16C;TC-MSR-104-D47ECBA2F6","Cross-horizon","Master specification §104"
"283","Story","FINAL PRODUCT PHILOSOPHY: requirement set 01","As a Platform Product Owner, I want the final product philosophy requirements delivered, so that the platform conforms to the traced master product specification.","","SUB-E001","1","US-MSR-105-01","sintius cross-horizon master-specification","Medium","To Do","not_started","0","AC-MSR-105-01-01 | Product and implementation decisions must conform to this master-specification constraint: ""a better invoice generator. | Requirements: MSR-105-A5D16054EE | Tests: TC-MSR-105-A5D16054EE
AC-MSR-105-01-02 | Product and implementation decisions must conform to this master-specification constraint: ""a cloned Chargebee. | Requirements: MSR-105-CE06EDDC4D | Tests: TC-MSR-105-CE06EDDC4D
AC-MSR-105-01-03 | Product and implementation decisions must conform to this master-specification constraint: ""a lighter SAP BRIM. | Requirements: MSR-105-195F5131DB | Tests: TC-MSR-105-195F5131DB
AC-MSR-105-01-04 | Product and implementation decisions must conform to this master-specification constraint: > Businesses can monetize almost anything, subscribers can always understand what they owe and why, and the platform relentlessly moves legitimate revenue from commercial agreement to collected cash with minimal friction. | Requirements: MSR-105-B18648129A | Tests: TC-MSR-105-B18648129A
AC-MSR-105-01-05 | Product and implementation decisions must conform to this master-specification constraint: BUSINESS FLEXIBILITY. | Requirements: MSR-105-34D5A9CF46 | Tests: TC-MSR-105-34D5A9CF46
AC-MSR-105-01-06 | Product and implementation decisions must conform to this master-specification constraint: FINANCIAL CONTROL. | Requirements: MSR-105-1D3DA8B59B | Tests: TC-MSR-105-1D3DA8B59B
AC-MSR-105-01-07 | Product and implementation decisions must conform to this master-specification constraint: SUBSCRIBER TRUST. | Requirements: MSR-105-BD914E6EC7 | Tests: TC-MSR-105-BD914E6EC7
AC-MSR-105-01-08 | Product and implementation decisions must conform to this master-specification constraint: PAYMENT SUCCESS. | Requirements: MSR-105-E2BFB0562F | Tests: TC-MSR-105-E2BFB0562F
AC-MSR-105-01-09 | Product and implementation decisions must conform to this master-specification constraint: When forced to choose between adding another configuration screen and removing complexity from the experience, prefer removing complexity while preserving enterprise-grade capability. | Requirements: MSR-105-19FA707996 | Tests: TC-MSR-105-19FA707996
AC-MSR-105-01-10 | The product should make sophisticated subscription economics accessible to organizations without requiring them to become billing-system experts. | Requirements: MSR-105-46D98C5014 | Tests: TC-MSR-105-46D98C5014","MSR-105-A5D16054EE;MSR-105-CE06EDDC4D;MSR-105-195F5131DB;MSR-105-B18648129A;MSR-105-34D5A9CF46;MSR-105-1D3DA8B59B;MSR-105-BD914E6EC7;MSR-105-E2BFB0562F;MSR-105-19FA707996;MSR-105-46D98C5014","TC-MSR-105-A5D16054EE;TC-MSR-105-CE06EDDC4D;TC-MSR-105-195F5131DB;TC-MSR-105-B18648129A;TC-MSR-105-34D5A9CF46;TC-MSR-105-1D3DA8B59B;TC-MSR-105-BD914E6EC7;TC-MSR-105-E2BFB0562F;TC-MSR-105-19FA707996;TC-MSR-105-46D98C5014","Cross-horizon","Master specification §105"
"284","Story","INITIAL OUTPUT REQUIRED FROM THE IMPLEMENTATION AI: requirement set 01","As a Platform Product Owner, I want the initial output required from the implementation ai requirements delivered, so that the platform conforms to the traced master product specification.","","SUB-E001","1","US-MSR-106-01","sintius cross-horizon master-specification","Medium","To Do","not_started","0","AC-MSR-106-01-01 | The pre-production deliverable set must include Product Requirements Document. | Requirements: MSR-106-1590F20D86 | Tests: TC-MSR-106-1590F20D86
AC-MSR-106-01-02 | The pre-production deliverable set must include Competitive capability matrix. | Requirements: MSR-106-24D9A979BB | Tests: TC-MSR-106-24D9A979BB
AC-MSR-106-01-03 | The pre-production deliverable set must include Domain model. | Requirements: MSR-106-BE7FAE911A | Tests: TC-MSR-106-BE7FAE911A
AC-MSR-106-01-04 | The pre-production deliverable set must include System context diagram. | Requirements: MSR-106-4E5A511D1E | Tests: TC-MSR-106-4E5A511D1E
AC-MSR-106-01-05 | The pre-production deliverable set must include Logical architecture. | Requirements: MSR-106-6F6C8464D9 | Tests: TC-MSR-106-6F6C8464D9
AC-MSR-106-01-06 | The pre-production deliverable set must include Revenue Lifecycle Graph design. | Requirements: MSR-106-D725678E54 | Tests: TC-MSR-106-D725678E54
AC-MSR-106-01-07 | The pre-production deliverable set must include Data model / ERD. | Requirements: MSR-106-0950A58209 | Tests: TC-MSR-106-0950A58209
AC-MSR-106-01-08 | The pre-production deliverable set must include Subscription state machine. | Requirements: MSR-106-BDEE38E522 | Tests: TC-MSR-106-BDEE38E522
AC-MSR-106-01-09 | The pre-production deliverable set must include Invoice state machine. | Requirements: MSR-106-F1925EFB51 | Tests: TC-MSR-106-F1925EFB51
AC-MSR-106-01-10 | The pre-production deliverable set must include Payment state machine. | Requirements: MSR-106-5060ACBFE0 | Tests: TC-MSR-106-5060ACBFE0","MSR-106-1590F20D86;MSR-106-24D9A979BB;MSR-106-BE7FAE911A;MSR-106-4E5A511D1E;MSR-106-6F6C8464D9;MSR-106-D725678E54;MSR-106-0950A58209;MSR-106-BDEE38E522;MSR-106-F1925EFB51;MSR-106-5060ACBFE0","TC-MSR-106-1590F20D86;TC-MSR-106-24D9A979BB;TC-MSR-106-BE7FAE911A;TC-MSR-106-4E5A511D1E;TC-MSR-106-6F6C8464D9;TC-MSR-106-D725678E54;TC-MSR-106-0950A58209;TC-MSR-106-BDEE38E522;TC-MSR-106-F1925EFB51;TC-MSR-106-5060ACBFE0","Cross-horizon","Master specification §106"
"285","Story","INITIAL OUTPUT REQUIRED FROM THE IMPLEMENTATION AI: requirement set 02","As a Platform Product Owner, I want the initial output required from the implementation ai requirements delivered, so that the platform conforms to the traced master product specification.","","SUB-E001","1","US-MSR-106-02","sintius cross-horizon master-specification","Medium","To Do","not_started","0","AC-MSR-106-02-01 | The pre-production deliverable set must include Collection state machine. | Requirements: MSR-106-B5C1127731 | Tests: TC-MSR-106-B5C1127731
AC-MSR-106-02-02 | The pre-production deliverable set must include Pricing engine specification. | Requirements: MSR-106-F81353840E | Tests: TC-MSR-106-F81353840E
AC-MSR-106-02-03 | The pre-production deliverable set must include API specification. | Requirements: MSR-106-1D9B1081AA | Tests: TC-MSR-106-1D9B1081AA
AC-MSR-106-02-04 | The pre-production deliverable set must include Event taxonomy. | Requirements: MSR-106-4475420BCF | Tests: TC-MSR-106-4475420BCF
AC-MSR-106-02-05 | The pre-production deliverable set must include Security architecture. | Requirements: MSR-106-B352837A12 | Tests: TC-MSR-106-B352837A12
AC-MSR-106-02-06 | The pre-production deliverable set must include Multi-tenancy architecture. | Requirements: MSR-106-DD63232324 | Tests: TC-MSR-106-DD63232324
AC-MSR-106-02-07 | The pre-production deliverable set must include UX information architecture. | Requirements: MSR-106-E2C261BD67 | Tests: TC-MSR-106-E2C261BD67
AC-MSR-106-02-08 | The pre-production deliverable set must include Wireframes for ten primary screens. | Requirements: MSR-106-8765AF7BEF | Tests: TC-MSR-106-8765AF7BEF
AC-MSR-106-02-09 | The pre-production deliverable set must include MVP backlog. | Requirements: MSR-106-D5545CC38E | Tests: TC-MSR-106-D5545CC38E
AC-MSR-106-02-10 | The pre-production deliverable set must include Epic → Feature → User Story → Acceptance Criteria decomposition. | Requirements: MSR-106-947BD67293 | Tests: TC-MSR-106-947BD67293","MSR-106-B5C1127731;MSR-106-F81353840E;MSR-106-1D9B1081AA;MSR-106-4475420BCF;MSR-106-B352837A12;MSR-106-DD63232324;MSR-106-E2C261BD67;MSR-106-8765AF7BEF;MSR-106-D5545CC38E;MSR-106-947BD67293","TC-MSR-106-B5C1127731;TC-MSR-106-F81353840E;TC-MSR-106-1D9B1081AA;TC-MSR-106-4475420BCF;TC-MSR-106-B352837A12;TC-MSR-106-DD63232324;TC-MSR-106-E2C261BD67;TC-MSR-106-8765AF7BEF;TC-MSR-106-D5545CC38E;TC-MSR-106-947BD67293","Cross-horizon","Master specification §106"
"286","Story","INITIAL OUTPUT REQUIRED FROM THE IMPLEMENTATION AI: requirement set 03","As a Platform Product Owner, I want the initial output required from the implementation ai requirements delivered, so that the platform conforms to the traced master product specification.","","SUB-E001","1","US-MSR-106-03","sintius cross-horizon master-specification","Medium","To Do","not_started","0","AC-MSR-106-03-01 | The pre-production deliverable set must include Technical implementation plan. | Requirements: MSR-106-E1CAB1A9BB | Tests: TC-MSR-106-E1CAB1A9BB
AC-MSR-106-03-02 | The pre-production deliverable set must include Repository structure. | Requirements: MSR-106-3980FF9CDA | Tests: TC-MSR-106-3980FF9CDA
AC-MSR-106-03-03 | The pre-production deliverable set must include Coding standards. | Requirements: MSR-106-55DD4ADBF5 | Tests: TC-MSR-106-55DD4ADBF5
AC-MSR-106-03-04 | The pre-production deliverable set must include Testing strategy. | Requirements: MSR-106-111E9012CD | Tests: TC-MSR-106-111E9012CD
AC-MSR-106-03-05 | The pre-production deliverable set must include Deployment architecture. | Requirements: MSR-106-D4AB7988D3 | Tests: TC-MSR-106-D4AB7988D3
AC-MSR-106-03-06 | The pre-production deliverable set must include MVP implementation. | Requirements: MSR-106-3F427EF84A | Tests: TC-MSR-106-3F427EF84A
AC-MSR-106-03-07 | Do not jump immediately into UI code. | Requirements: MSR-106-CE92E560BE | Tests: TC-MSR-106-CE92E560BE
AC-MSR-106-03-08 | Product and implementation decisions must conform to this master-specification constraint: First establish correct commercial, financial and architectural foundations. | Requirements: MSR-106-FA919E090A | Tests: TC-MSR-106-FA919E090A
AC-MSR-106-03-09 | The pre-production deliverable set must include decision. | Requirements: MSR-106-679F84E4C7 | Tests: TC-MSR-106-679F84E4C7
AC-MSR-106-03-10 | The pre-production deliverable set must include alternatives considered. | Requirements: MSR-106-9815747D54 | Tests: TC-MSR-106-9815747D54","MSR-106-E1CAB1A9BB;MSR-106-3980FF9CDA;MSR-106-55DD4ADBF5;MSR-106-111E9012CD;MSR-106-D4AB7988D3;MSR-106-3F427EF84A;MSR-106-CE92E560BE;MSR-106-FA919E090A;MSR-106-679F84E4C7;MSR-106-9815747D54","TC-MSR-106-E1CAB1A9BB;TC-MSR-106-3980FF9CDA;TC-MSR-106-55DD4ADBF5;TC-MSR-106-111E9012CD;TC-MSR-106-D4AB7988D3;TC-MSR-106-3F427EF84A;TC-MSR-106-CE92E560BE;TC-MSR-106-FA919E090A;TC-MSR-106-679F84E4C7;TC-MSR-106-9815747D54","Cross-horizon","Master specification §106"
"287","Story","INITIAL OUTPUT REQUIRED FROM THE IMPLEMENTATION AI: requirement set 04","As a Platform Product Owner, I want the initial output required from the implementation ai requirements delivered, so that the platform conforms to the traced master product specification.","","SUB-E001","1","US-MSR-106-04","sintius cross-horizon master-specification","Medium","To Do","not_started","0","AC-MSR-106-04-01 | The pre-production deliverable set must include advantages. | Requirements: MSR-106-E8516C9E3F | Tests: TC-MSR-106-E8516C9E3F
AC-MSR-106-04-02 | The pre-production deliverable set must include disadvantages. | Requirements: MSR-106-5DAB5D636F | Tests: TC-MSR-106-5DAB5D636F
AC-MSR-106-04-03 | The pre-production deliverable set must include rationale. | Requirements: MSR-106-B77482CBF9 | Tests: TC-MSR-106-B77482CBF9
AC-MSR-106-04-04 | The pre-production deliverable set must include implications. | Requirements: MSR-106-507F3834CC | Tests: TC-MSR-106-507F3834CC
AC-MSR-106-04-05 | Product and implementation decisions must conform to this master-specification constraint: When requirements are ambiguous, make a sensible enterprise-grade assumption, explicitly document it, and continue rather than blocking implementation. | Requirements: MSR-106-6B9033E64A | Tests: TC-MSR-106-6B9033E64A
AC-MSR-106-04-06 | The resulting platform should be capable of starting as a focused SaaS product but evolving into an enterprise-grade revenue-management platform capable of supporting high-volume global subscription businesses. | Requirements: MSR-106-A20064E6A3 | Tests: TC-MSR-106-A20064E6A3","MSR-106-E8516C9E3F;MSR-106-5DAB5D636F;MSR-106-B77482CBF9;MSR-106-507F3834CC;MSR-106-6B9033E64A;MSR-106-A20064E6A3","TC-MSR-106-E8516C9E3F;TC-MSR-106-5DAB5D636F;TC-MSR-106-B77482CBF9;TC-MSR-106-507F3834CC;TC-MSR-106-6B9033E64A;TC-MSR-106-A20064E6A3","Cross-horizon","Master specification §106"
